Job Title,Position Summary,Education,Work Experience,Essential Functions,Licenses and Certifications,"Knowledge, Skills and Abilities",job_title_original,new_job_title,major_role_group,minor_sub_group,grouping_justification
Therapist Audiology,"Support the identification, intervention and education of children with hearing loss. Will assess and evaluate the degree of hearing impairment; assist in determining an appropriate educational program; provide liaison with community agencies; monitor condition of equipment and educate parents to intervention and educational resources. Actual responsibilities may range depending on the needs of the educational program.",Doctoral Degree in Audiology is Required, Experience in social services/health services Required,"Conduct comprehensive audiologic evaluation of students utilizing a variety of assessment techniques; evaluate and interpret the range and degree of impairment; confer with parents, teachers, and administrators; attend and participate in individualized educational program meetings, S-Team meetings and 504 meetings.
Collaborates/consults with all stakeholders in the management of hearing loss as it relates to literacy, communication skills, and the impact on learning. Provides coaching and trainings to stakeholders when appropriate.
Participates in continuing education opportunities related to current hearing assistive technology to provide optimal connectivity so students have access to auditory instruction.
Makes impressions for ear molds, writes reports, and monitors students‚Äô use of hearing aids, cochlear implants and hearing assistive technology.
Supports and consults with Teachers of the Deaf/Hard of Hearing regarding but not limited to accommodations, hearing assistive technology and related areas of need. May provide functional, educationally relevant assessments in schools/classrooms.
Counsels and educates students and families regarding the effects of hearing loss, types of amplification, hearing assistive technology and noise conservation.
Manages referrals with Lead Teacher of Deaf/Hard of Hearing Services and other stakeholders.  Coordinates developing reports and attending meetings as needed.
Oversees the comprehensive service plan for equipment, including repairs.  Manages the timeline for calibration of hearing equipment.", School Services Personnel License from the State of Tennessee DOE  Required,"Thorough knowledge of the principles, practices and procedures of special education and/or specialty area.
Demonstrated knowledge of the Individual‚Äôs with Disabilities Education Act (IDEA) and other disability civil rights laws including the Americans with Disabilities Act (ADA) and Section 504 of the Rehabilitation Act.
Knowledge of best practices in parent/professional training for adult learners with disparate learning styles and abilities
Communication, and collaboration with Parents, educators, students,
Organization, data-based decision making, and problem solving,
Technology skills: Teams, Microsoft Office, Excel, SharePoint, iOS, and/or other district applications or equipment as needed.",Therapist Audiology,Audiology Therapist I,Therapist,I,"The position summary, essential functions and implied responsibilities aligns with the functional role of a therapist specializing in audiology. A review of education, work experience, licenses, and Knowledge, Skills and Abilities attributes suggests it is classified at the entry-level (I) within the Therapist major role group. This classification assumes foundational responsibilities and competencies typical of an entry-level audiology therapist, pending further details on education, work experience, and essential functions."
Therapist Music,"The Music Therapist provides music therapy sessions to assigned students, utilizing clinical and evidence-based assessments and music interventions to accomplish individualized goals. The Music therapist completes consultations, assessments, treatment plans and session plans with developmental and academic standards in place.","Master's Degree or additional degrees in music therapy, special education or related field  Preferred",1-3 years school system music therapy experience  Preferred,"Travels daily to assigned schools to deliver music therapy services to specific students as outlined in their IEPs.
Maintains and provides daily documentation through data within domain areas in the IEP.
Promotes a positive classroom environment through well delivered therapeutic interventions.
Provides music therapy to students as outlined in eligible students‚Äô Individual Education Programs.
Participates in IEP meetings and suggests if student is eligible for music therapy based on data and collaboration with IEP team members.
Maintains up to date record keeping documenting progress on IEP goals and updates IEP goals and progress reports as required.
Collaborates with school teams regarding individual needs of students that the music therapist serves in addition with consulting with school teams for those students who do not have music therapy as a service.
Maintains a schedule to ensure all students are receiving services.
Provides professional learning to other educators and classroom support throughout the district."," Valid certification from the Certification Board for Music Therapists. MTBC (Music Therapist-Board Certified)  Required
Teaching Certification/License Instrumental/General Music K-12 or Vocal/General Music K-12 endorsement  Required","Written and oral communication.
Classroom management skills.
Excellent organizational skills.
Knowledge of and ability to use various computer programs such as word processing, database, spreadsheet, calendar and email, and current music programs.",Therapist Music,Music Therapist I,Therapist,I,"The position summary, essential functions and implied responsibilities aligns with the functional role of a therapist providing therapeutic services through music. A review of education, work experience, licenses, and Knowledge, Skills and Abilities attributes suggests the role is classified at the entry-level (I) within the Therapist group. This classification assumes foundational knowledge and skills in music therapy, with potential for growth into higher sub-groups as experience and responsibilities increase."
Tutor III Certificated,"Tutors will provide direct literacy and/or math instruction to identified students in the assigned school(s).  Tutors will utilize the provided curriculum materials and work in collaboration with classroom teachers to deliver instruction and assess student progress.  Tutors will maintain accurate and timely attendance and progress monitoring data. Tutors will provide student progress updates to families via monthly progress reports.
",Bachelor's Degree  Required, Minimum of 1 year of related experience Preferred,"Provides direct literacy or math instruction to identified students in small group settings of no more than three students per session (K-5th grade) or 4 students per session (6th-8th grade) using provided curriculum materials.
Completes required academic progress monitoring assessments with students and logs assessment results in required system(s).
Ensures that students receive the intended amount of tutoring by meeting with students at least twice a week for a minimum of 90 total minutes per week.
Maintains accurate attendance records by marking attendance in MNPS‚Äô online tutoring platform after each tutoring session.
Provides monthly progress updates to families using provided progress reports.
Collaborates with school staff and faculty to assess the needs of children and to determine how best to address those needs.
Participates in educational team meetings, including ongoing professional development and review of progress.", Must hold or be eligible for a certificate or license issued by the Tennessee Department of Education with an applicable endorsement,"Excellent verbal and written communication skills, present information accurately and clearly.
Demonstrate patience, encouragement and understanding when working with students
Must be flexible to meet the needs of the students and the school
Knowledgeable in the use of standard office computer programs and a variety of educational programs
Excellent analytical and organizational skills
Must be able to motivate students using mature judgment, initiative, tact, flexibility and emotional stability",Tutor III Certificated,Certificated Tutor III,Tutor,III,"The role 'Tutor III Certificated' aligns with the Tutor major role group due to its focus on providing specialized educational support. The 'III' sub-grouping indicates an advanced level of responsibility and expertise, likely involving significant experience or certification requirements. This classification is based on eview of education, work experience, licenses and Knowledge, Skills and Abilities attributes emphasis on certification and the implied progression in the tutoring role hierarchy."
Writer Service,"To accurately interpret description of mechanical malfunctions explained by driver; to translate and record these problems and complaints into technical terminology on work orders. Person must have strong oral and written communication, computer skills are required and experience in Tyler Fleet vision is a plus.", Graduate of Auto Diesel School Desired Preferred,4-6 years Experience as a certified service writer Supervisor in a repair facility responsible for maintenance of three hundred (300) or more vehicles Preferred,"Preventative Maintenance:  Prepare annual service schedule for all buses and support vehicles.  Inform the Shop Foreman when driver fails to show for scheduled service.  Prepare and submit twenty-four (24) hours in advance to Shop Foreman work orders for scheduled services.  Assure the Safety Bus Inspection Form is completed properly and filed.
Corrective Maintenance:  Prepare work orders for drivers coming into the Shop for repairs to buses or vehicles.  Properly interpret driver explanation of malfunctions/repairs needed and translate to technical terms for mechanics to understand.  Assure each driver signs work order and understands what you have recorded as needing repairs.  Submits signed work orders to Foreman for work assignments.
Open and close work orders in computerized fleet maintenance software.  Records mechanic time on work orders and time schedules to ensure productivity is being maintained.
Assists Fleet Manager as needed in generating reports.
Maintains records for each system vehicle.
Possesses strong vehicle mechanical diagnostic skills and ability to communicate needed repairs with shop personnel.
Keeps record of all buses and there assignments", Service writer certification   Preferred,"Strong computer skills including Microsoft Word, Excel and Access.
Ability to adjust to early or late shifts as needed.
Knowledge of Federal, State and Local Laws governing school buses and knowledge of OSHA Compliance regulations.
Ability to work independently and possess strong decision making capability.
Strong oral and written communication skills.",Writer Service,Content Writer I,Writer,I,"The position summary, essential functions and implied responsibilities suggests a role focused on creating written content or providing writing-related services. A review of eview of education, work experience, licenses and Knowledge, Skills and Abilities attributes suggests, it is classified under the 'Writer major role group as it likely involves specialized skills in writing. The 'I' sub-group is assigned due to the absence of specific indicators of advanced responsibilities or experience requirements."
Writer Technical,"Responsible for creating technical documents, learning guides and manuals, FAQs and other technical artifacts to help improve the digital customer experience.  Explains complex information in a clear and concise manner and working with Enterprise Applications Team, provides support to other technical documentation, standard operating procedures and enterprise level communications.  ", 4 years of college or relevant experience Required,4-6 years In a technical writing role Required,"Plan, develop, organize, write and edit operational procedures, learning guides and manuals, and other technical documents.
As part of a team, interview product team(s), vendors and other subject matter experts to understand and document the technical details and then transform this information into documents and artifacts that are appropriate for use.
Analyze and edit documents to maintain continuity of style of content. Manage updates and revisions to technical documentation. Provide support to the department to improve and standardize mass communications.
Design, create and maintain a comprehensive library of technical terminology and documentation.
Research, develop and implement new technologies, documentation methodologies and best practices to continuously improve current practices around documentation.
Analyze application roadmaps, trends and organizational needs.  Work with Digital Experience & Training Manager and Product Manager to support the product roadmap and communicate it effectively.
Continually mature the organizational understanding of how to utilize the technical documents and artifacts. This may include presenting to stakeholders and/or working with the instructional designer on best practices and usage of technical documentation.",,"Strong analytical skills
Excellent written and verbal communication skills.
Understanding of enterprise level applications and data systems.
Work effectively and collaborate in cross functional teams.
Proficiency in MS Office 365 including SharePoint Online.
Strong attention to detail.
Able to write in explanatory and procedural styles for multiple audiences.
Skilled at prioritization and multi-tasking.",Writer Technical,Technical Writer I,Writer,I,"The position summary, essential functions and implied responsibilities aligns with the responsibilities of a Technical Writer, which involves creating and managing technical documentation. A review of education, work experience, licenses and Knowledge, Skills and Abilities attributes suggests the role is classified at the entry-level (I) within the Writer group, as it likely requires foundational skills in technical writing, communication, and documentation."
Worker Warehouse,"Responsible for receiving, storing, shipping, issuing, and delivery of district Facility & Grounds Maintenance Department materials/tools and other educational/custodial supplies/equipment for warehouse, off campus locations and MNPS and custodial employees. Provides assistance with the planning, coordination, and direction of district-wide warehouse support activities and performs related work as required by superior(s).","Associate's Degree in warehouse management, logistics, inventory control or equivalent is Preferred", Minimum 2 years applicable experience Preferred,"Receives, stores and monitors stock levels, organizes and issues warehouse inventory and tool supplies to ensure quality work and cost effective department warehouse operations.
Maintains inventory and budget records; assesses department warehouse needs and orders supplies as appropriate; maintains stock records.
Provides quarterly inventory spending reports in Microsoft Excel format to superiors.
Maintain department uniform inventory; conducts random and annual maintenance truck inventory, and all necessary reports and records to ensure quality work.
Operates forklift and maintains a clean, safe and organized warehouse environment.
Serves on the safety committee and represents the warehouse department.  Conducts monthly safety meetings for shop personnel.
Supports department events scheduled for warehouse loading bay area.
Department trainer for OSHA certified forklift operator training.  Operates warehouse forklift as required.","DL NUMBER - Driver License, Valid and in State   Required
Forklift Certification OSHA certified. If employee is not certified upon hire, employee must employee OSHA certified forklift training  Preferred",Industry-specific Knowledge | Technical Skills | Physical Stamina,Worker Warehouse,Warehouse Worker I,Worker,I,"The osition summary, essential functions and implied responsibilities align 'Worker Warehouse' suggests a general labor role focused on physical tasks within a warehouse environment. A review of education, work experience, licenses and Knowledge, Skills and Abilities attributes suggests it is classified under the 'Worker' major role group and assigned a minor sub-group of 'I' to indicate an entry-level position. This classification aligns with standard conventions for roles involving basic operational tasks in a warehouse setting."
Trainer Transportation Driver,"Plans, develops, and implements training programs for bus drivers to ensure safe driving practices which adhere to Federal, State and District transportation policies, rules, and regulations. This is a working position where driving a bus is required when staffing shortages occur.",High School Diploma Or Equivalent Required,"1-3 years Experience in pupil transportation activities, with demonstrated knowledge of state and federal pupil transportation rules and regulations  Required","Retrieves online applications for review. Contact prospective driver trainee to set up interview and participate in the interview process with the Transportation Service Support Manager.
Conducts classroom and behind-the-wheel training for new driver trainees in accordance with MNPS, State and Federal standards to prepare them for the CDL skills test and the work of an MNPS bus driver. Assists in developing and implementing of the Annual Driver Proficiency Test (ADPT). Keep training buses clean, fueled and maintained.
Develops, compiles, and maintains a variety of bus driver records, including license and certificate expirations, medical expirations, and required advanced training for the renewal of the bus driver certificate; monitors driver certification and renewal training programs.
Prepares Staff Development training materials and instructs Staff Development Coaches on how to teach safety classes to all Drivers.
Conducts retraining and maintain records of school bus drivers referred by the Transportation Safety Supervisor for additional instruction.
Serves on the Accident Review Board and maintains records pertaining to the Board‚Äôs action.
Drives a bus over a designated route in accordance with a specified time
schedule or on District routes as dictated by daily absenteeism or driver shortage.","  Must possess a valid State of TN Type B Commercial Driver‚Äôs License with evidence of good driving history, with passenger and school bus endorsement and a current CPR certification  Required","Effective written and verbal communication skills, ability to interact effectively with a diverse workforce.
Basic to intermediate knowledge of Office 365 suite and other software or application platforms, video equipment or other means that may be used in training adults.
Understanding of adult learning methods and ability to create measurably effective technical training programs.",Trainer Transportation Driver,Transportation Driver Trainer I,Trainer,I,"Based on position summary, essential functions and implied responsibilities, the role involves training transportation drivers, which aligns with the 'Trainer' major role group. The 'I' sub-group is assigned due to the absence of specific details indicating higher levels of complexity or seniority."
Teacher Ex Ed Comprehensive,"Designs and provides specialized instruction to students with moderate to severe/profound cognitive or developmental needs in accordance with federal, state, and district guidelines",Master's Degree from an accredited institution in a related field Preferred, Professional training and paid or volunteer experience with individuals with disabilities Preferred,"Provides direct instruction, intervention, and consultation for students on a modified curriculum that aligns to the Tennessee Alternate Assessment Standards as indicated on the Individual Educational Program (IEP).
Collaborates with general educators to plan assessments and analyze progress monitoring data to develop instructionally appropriate IEPs.
Progress monitors all students that receive intensive intervention in the area of academics, social-emotional and behavior to continually communicate progress toward goals with students, parents, and school team.
Plan and use data driven instructional strategies, resources, and equipment that reflect an understanding of the instructional needs of students.
Ensures students on a modified curriculum participate in required statewide test with appropriate accommodations and modifications.
Keep IEPs in compliance with State and Federal laws governing students with disabilities and manage paraprofessional support in the general education setting to ensure that students on a modified curriculum are in their least restrictive environment.
Schedules and facilitates IEP team meetings, re-evaluation meetings, and manifestation determination meetings in accordance with State and Federal laws governing services for students with disabilities.
Coordinates the delivery of services for students with disabilities with all related service providers (i.e.  speech and language therapist, occupational therapist, physical therapist, nurse).
Develops, implement, and monitor Functional Behavior Assessments and Behavior Intervention Plans based on student need.
Design classroom management systems and implement behavioral strategies that facilitate student learning and engagement.  Prepares physical condition of classroom to reflect subject matter and to facilitate student learning.
Collaborates with general educators and related service providers to inform instruction, determine modifications/accommodations, identify supplemental supports, assign grades, and identify inclusive opportunities for students.
Participates in ongoing Professional Development activities to ensure the use of most effective, evidenced-based practices that promote success for students.", Must hold or be eligible for a certificate or license issued by the Tennessee Department of Education with a Special Education Comprehensive Program K-12 endorsement (461)  Required,"Thorough knowledge of the principles, practices and procedures of special education and/or specialty area.
Thorough knowledge of the principles and methodology of effective teaching of students with disabilities.
Communication, and collaboration with Parents, educators, students,
Instructional strategies that connect the curriculum to the learner,
Student management,
Presenting to large groups,
Organization, data-based decision making, and problem solving,
Providing interventions.
Knowledge of the U.S. Department of Education‚Äôs Individuals with Disabilities Education Act (IDEA) or similar federal regulation.
Technology skills: Teams, Microsoft Office, Excel, SharePoint, iOS, and/or other district applications or equipment as needed.",Teacher Ex Ed Comprehensive,Exceptional Education Teacher I,Teacher,I,"The role involves teaching responsibilities in the field of exceptional education, which aligns with the 'Teacher' major role group. A rreview of education, work experience, licenses and Knowledge, Skills and Abilities attributes suggest an entry-level classification within the 'I' minor sub-group. This classification is consistent with the MNPS Roles and KSACs documents, which emphasize functional alignment with teaching and educational support roles."
Supv Transportation,"Responsible for supervising bus drivers ensure the safe, efficient, and timely transportation of Metro Nashville Public Schools (MNPS) students. Ability to make decisions based on logical reasoning and deduction using experience, education, and knowledge of pertinent laws; demonstrated skills in oral and written communication; ability to understand the overall effect of decisions made; must manage non-standard procedural assignments and resolve a wide range of logistical problems due to the number of uncontrollable variables; must understand codes, regulations, policies; interpersonal skills to work successfully with internal and external contacts; must work well under pressure; and must multitask and meet deadlines under pressure.",Bachelor's Degree In related field Preferred, Five years of related experience Required,"Lead, supervise, and manage drivers and monitors: Apply learned principles, techniques, methods, strategies, and corrective actions to manage bus drivers. Plan, coordinate, and conduct monthly cluster meetings, develop presentations, and conduct bus driver training and safety programs Schedule, observe, and evaluate emergency evacuation drills. Verify and approve time worked by bus drivers.
Plan and organize the student management program for assigned cluster: Assist bus drivers with student behavior problems. Assure bus driver has followed all necessary steps in attempting to control student behavior. Investigate the situation to identify the inappropriate behaviors and the student(s) involved. Provide documentation to school administrator in order for appropriate directions to be given
Perform routing functions for the department Plan routes, reduce overloads, and coordinate necessary route changes and updated information. Assist with input in the routing software computer program. Set bus stop addresses and verify that all stops are safe. Make adjustments in routes, schedules, and driver assignments as necessary. Determine comparable route combinations and driver route assignment.
Prepare various reports for the department: Maintain routine records such as personnel records, driver and monitor performance, telephone call logs, referral report, route time/headcount report, driver‚Äôs route assignment list, attendance data, and absentee records. Verify leave usage monthly.
Perform accident investigation functions:  Investigate and prepare written reports for school bus/support vehicle accidents.
Communication Communicate system policies and/or procedures and directives with bus managers, dispatchers, school administrators, parents, and transportation personnel, through the appropriate means of contact.
Perform Drug and Alcohol Test notification functions:Notifiy bus drivers who are randomly selected for testing via written correspondence
Conduct Bus Driver performance evaluations:Maintain, communicate, and apply the standards of job performance and personal conduct. Identify bus drivers‚Äô strengths, weaknesses, and performance deficiencies through continuous observation, availability, and driving skills evaluation. Develop, coordinate, and schedule necessary action for continuous performance improvement. Implement progressive disciplinary actions to manage bus drivers on a daily basis.
Inclement weather: Assist in the district‚Äôs inclement weather process through inspection of assigned roads and areas as directed.",CDL - Group A - Commercial Drivers License Commercial Driver‚Äôs license with Passenger and School (P&S) bus endorsements  Required,Computer skills with proficiency in MS Office,Supv Transportation,Transportation Supervisor I,Supervisor,I,"The position summary, essential functions and implied responsibilities align with supervisory responsibilities, as indicated by ""Responsible for supervising bus drivers"" Based on the provided position summary and its implied functions, it was classified under the 'Supervisor' major role group. The minor sub-group 'I' was assigned due to the lack of additional details suggesting higher levels of complexity or seniority. This classification is consistent with the MNPS Roles and KSACs documents, which emphasize functional alignment and hierarchical structure."
Supv Maintenance and Repair Musical Instruments,"Leads a team of technicians to diagnose, repair, tune, and maintain percussion, stringed, reed, and wind instruments, developing repair schedules and managing parts inventory to ensure all instruments meet rigorous quality standards. Creates and enforces quality control protocols, troubleshoots complex technical issues, repairs or replaces instrument parts and components as needed, and trains staff in proper repair techniques and protocols to industry standards.
",Bachelor's Degree in related field  Preferred,1-3 years instrument repair in wind band and percussion or related experience  Required,"Communicate with various stakeholders, including customers (technicians, schools, band directors, etc.) Provide updates and information to stakeholders throughout the repair process.
Maintain and update inventory records in accordance with MNPS guidelines. Act as a monitor, keeping track of all instruments, tools, and other inventory. Manage procurement of any inventory or stock needed for continuing operations.
Facilitate Service Level Agreements with customers, defining the type of service and the standards of care.
Oversee and repair or replace music instrument parts and components. Reassemble instruments following repair, as needed. Oversee all routine maintenance on instruments.
Inspect and/or play instruments to determine any defects, as well as value or level of restoration required.
Manage musical repair team, including technicians. Keep track of the work done, monitor results, and provide assistance as needed.
Teach musical repair to technicians and/or other parties, acting as an instructor throughout the learning process."," Certification in musical instrument repair
  Preferred","Knowledge of technical aspects of the job and tools needed for various tasks, including budgeting software, parts and inventory management software, and procurement software.
Knowledge of up-to-date instrument repair techniques and technologies",Supv Maintenance and Repair Musical Instruments,Maintenance and Repair Supervisor I,Supervisor,I,"The job involves overseeing a team that performs maintenance and repair tasks, which aligns with supervisory responsibilities. After review of education, work experience, licenses and Knowledge, Skills and Abilities attributes, and the absence of further detailed information about the complexity of tasks or required qualifications suggests an entry-level supervisory role (I)."
Accountant III,"Under direction, performs a wide variety of professional accounting duties in the preparation, maintenance and review of financial records and reports related to a specific area of assignment; performs other related duties as required. Perform the most complex accounting assignments and exercise considerable judgement in applying accounting principles to interpret data and develop solutions.

",Master's Degree in Business Administration or related field Preferred,1-3 years Relevant accounting experience  Required,"Responsible for managing and dispersing MNPS charter monthly allocations. This includes overseeing the district‚Äôs responsibilities for ensuring TDOE laws and guidance for compliance with the disbursement of monthly charter payments.
Ensures the appropriate receipt of reimbursable expenditures related to charter law and contractual obligations with MNPS.
Serve as the fiscal liaison to members of other district departments whose functions intersect with the fiscal responsibilities of the MNPS Charter Office
Assist with monthly reimbursement requests, annual expense reports and other reports as required by the district and by other organizations or agencies including but not limited to charter budgets and year-end report for ePlan upload.
Provide an annual risk assessment and financial review of each charter schools fiscal health as it relates to the Model Performance Framework criterion.
Collects and compiles a variety of financial, statistical, budgetary, tax, grant, and/or accounting analysis reports as it relates to charter law  and practices related to GAAP for compliance monitoring.
Coordinates with charter schools‚Äô fiscal leaders to ensure TDOE compliance, with disbursement and use of TISA funds, Authorization Fee, Pension/Benefits, etc.
Provide information and assistance to internal and external auditors.
Verify, monitor, and reconcile accounts during the fiscal year as well as year-end financial closing in conformity with Metro Government guidelines.",Certified Public Accountant (CPA) or working toward that designation  Preferred,"Knowledge of accepted accounting principles, techniques, and standards
Governmental accounting principles
Cost accounting and budgeting principles
Accounting information systems software and hardware
Read, interpret, and apply written materials such as laws, codes, regulations, accounting pronouncements and accounting guidelines and manuals
Gather, evaluate, and analyze complex data
Exercise good judgment and discretion in handling confidential matters
Establish and maintain effective working relationships with those contacted in the course of the work
Communicate clearly and effectively, both orally and in writing",Accountant III,Accounting III,Accountant,III,"The position summary, essential functions and implied responsibilities aligns with the 'Accountant' major role group due to its focus on specialized accounting functions. The 'III' sub-grouping reflects an advanced level of responsibility and expertise, typically requiring significant experience and proficiency in accounting practices. This classification is consistent with the MNPS KSACs and role definitions for accounting-related positions."
Accountant I,"The essential function of the position within the organization is to perform accounting functions, monitor related documentation, and provide assistance and accounting support to other accounting personnel as well as to other MNPS staff.   The position is responsible for analyzing accounts, preparing and reconciling financial information, occasionally assisting other MNPS departments with financial information, and helping to maintain financial records and reports in accordance with District and government requirements.","Bachelor's Degree in Accounting, Finance or related field Required", Relevant accounting experience is Preferred,"Research and post accounting information appropriately.
Review and prepare billing statements and payments on behalf of MNPS.
Participate in the processing of account related information such as, payroll, accounts receivable, and/or accounts payable.
Maintain various financial reports and statements including year-end reports.
Verify, monitor, and reconcile accounts.  Collect, enter, update, and maintain account information.
Interact with staff, different departments, and/or external agencies to ensure accuracy of accounts, respond to inquiries, and provide accounting support.
Provide information and assistance to internal and external auditors.
Perform related tasks as necessary such as research and analyze financial and accounting records to determine sequence of operations and account resolutions.",,"Understanding of accounting practices.
Knowledge of an Oracle-based accounting system is preferred.
Adaptability and the ability to learn quickly, research and solve finance related problems.
Strong interpersonal skills including the ability to provide a high level of customer service and establish and maintain effective relationships within the organization.
Ability to prioritize and self-direct.",Accountant I,Accountant I,Accountant,I,"The position summary, essential functions and implied responsibilities aligns with the 'Accountant' major role group due to its focus on specialized financial functions. The 'I' sub-grouping is assigned based on the entry-level nature of the role, as indicated by the absence of advanced qualifications or extensive work experience in the provided description. This classification is consistent with the MNPS Roles and KSACs documents, which emphasize functional alignment over title similarity."
Advisor Inventory Control,"Coordinates inventory management for assigned schools and district departments.  Collaborates with other inventory staff to improve inventory processes, make recommendations regarding inventory software changes, and insures data integrity regarding inventory reconciliation.  Advises liaison inventory staff on best practices, resolving issues, and processes to complete inventory counts with accuracy and timeliness.",High School Diploma or equivalent Required, Minimum of two (2) years‚Äô applicable experience working in a large company  Required,"Trains district on the use of the inventory system along with the policies and procedures related to the tracking of inventory.
Troubleshoots and reconciles inventory issues.
Performs periodic inventory audits. Facilitates and assists with annual physical inventories and periodic unannounced cycle counts.
Manages inventory for assigned schools and other central office locations.
Collaborates with peers on where systems, procedures and policies could better be designed or employed to make the inventory process more stable or easier to use and works with management to implement these changes.
Leads school and Central Office personnel in accomplishing accurate and timely inventories.
Uses data analysis to make decisions. Recommends changes for improving the inventory system and procedures.
Provides management with reports necessary to determine the effectiveness of the inventory system and procedures employed.", Valid Tennessee driver's license  Required,A proficiency in asset management and inventory control required.,Advisor Inventory Control,Inventory Control Advisor I,Advisor,I,"The position summary, essential functions and implied responsibilities suggests a role focused on providing guidance and expertise in inventory management. Based on the classification criteria, the role aligns with the 'Advisor' major role group due to its advisory nature. The 'I' sub-group is assigned after review of education, work experience, licenses and Knowledge, Skills and Abilities attributesas. There is no additional information indicating a higher level of complexity or seniority. The classification is justified by aligning the functional focus on inventory control with the Advisor role group, emphasizing expertise and guidance."
Advisor Graduation,The Graduation Advisor routinely analyzes student transcripts and progress towards graduation in order to develop individualized plans for each student in order to ensure students successfully graduate on time.,Bachelor's Degree in Education Required,1-3 years Working in a school setting; high school  Preferred,"Work with at risk students developing individual graduation and academic achievement plans
Develop and implement individual, small group, and whole school intervention and prevention strategies in order to increase the likelihood that students will stay in school and graduate
Collaborate with school counselors and credit recovery teachers regarding student progress and needs.
Develop ad-hoc and standardized reports on grades, attendance and student needs, in order to keep a current, concise, and actionable view of the students‚Äô progress .
Provide support and outreach to parents/guardians of students identified as being at risk for not graduating/ not graduating on time.
Assist seniors in registering/ applying for the ACT, FAFSA, TN Promise, college applications and scholarships.
Advise students on graduation requirements, GPA‚Äôs, programs of study, and all information/ resources that may assist them in completing high school.
Consult with all school staff/ partners to ensure at=risk students have the resources needed to be successful and graduate on time.", Teacher or Counselor  Required,"Proficient in using the student management system (SMS) in order to evaluate student transcripts and view grades/progress
Familiar with the State of TN required graduation requirements and MNPS courses that fulfill those requirements
Must be able to communicate effectively with all stakeholders via phone, email and other forms of communication.",Advisor Graduation,Graduation Advisor I,Advisor,I,"The position summary, essential functions and implied responsibilities aligns with the 'Advisor' major role group due to its focus on providing guidance and support, likely related to student graduation processes. The minor sub-group 'I' is assigned as there is no indication of advanced or supervisory responsibilities, suggesting an entry-level advisory position. The classification is based on the job title and inferred functional alignment with similar roles in the dataset."
Agent Junior Contracting,"This position is generally assigned challenging sourcing and contracting projects.  Works with minimal supervision, manages own time effectively, maintains control over all current projects/responsibilities and informs management of project updates and status. Follows up on all relevant issues. Technical Competence: Possesses necessary knowledge to effectively perform job and able to apply what he/she has learned about his/her job.  An average procurement enterprise system user.","Associate's Degree or hours equivalent to within a Bachelor‚Äôs program, with or working toward certification by a Procurement Certification Organization Required
Bachelor's Degree  Preferred",1-3 years  Required,"Provide guidance to clients in developing the Scope of Work, establishing desired outcomes and deliverables, and creating evaluation criteria (functional requirements for ITBs) that ensure the fair and accurate selection of suppliers based on these expectations.
Enter in to various contracts for the district including but not limited to: Data Sharing Agreements, Facility Use Agreements, Student Affiliation Agreements, Worksite Agreements.
Develop contract documents that may include, but are not limited to:
 ‚Ä¢ Scope of Work
 ‚Ä¢ Desired outcomes/deliverables
 ‚Ä¢ Performance expectations
 ‚Ä¢ Contract term
 ‚Ä¢ Cost structure and contract value
 ‚Ä¢ Contract exhibits based on the sourcing event and submitted proposals
If applicable, negotiate terms and conditions with the supplier to secure the most favorable outcome for MNPS.
Facilitate the electronic signature process to ensure contracts are fully executed and properly filed with the Metropolitan Clerk.
Manage contracts throughout their life cycle, addressing tasks such as contract amendments, performance discussions (including breaches), problem resolution, and drafting contract termination letters.
Ensure compliance with MNPS Board policies and procedures, T.C.A., and federal laws around procurement; prepare contract summaries to be presented to the Board when necessary.
Employees in this role are expected to complete assignments with some supervision and demonstrate initiative in their work."," (ISM, NIGP, etc. or working towards such) within 1 Year Required","Analytical, mathematical, logical assessment of written proposals, collaboration of ideas, demonstrated ability to speak before a small group, guiding others.
Demonstrated capability in using technology, specifically, all Microsoft Office applications and an ability to use enterprise level applications as part of a larger team.",Agent Junior Contracting,Contracting Agent I,Agent,I,"The position summary, essential functions and implied responsibilities suggests an entry-level role in contracting. Based on a review of education, work experience, licenses and Knowledge, Skills and Abilities attributes the naming convention and functional alignment, it was classified under the 'Agent' major role group with a minor sub-group of 'I' to denote its junior level."
Agent Senior Contracting,"This position is generally assigned the more challenging sourcing and contracting projects.  Works with minimal supervision, manages own time effectively, maintains control over all current projects/responsibilities and informs management of project updates and status. May have lead responsibilities for other staff members.  Follows up on all relevant issues. Technical Competence: Possesses necessary knowledge to effectively perform job and able to apply what he/she has learned about his/her job.  An accomplished procurement enterprise system user.",Bachelor's Degree (Post Graduate or Certified in Procurement) Required, 3 to 5 years of progressively more demanding work in a related field of experience Required,"Provide guidance to clients in developing the Scope of Work, establishing desired outcomes and deliverables, and creating evaluation criteria (functional requirements for ITBs) that ensure the fair and accurate selection of suppliers based on these expectations.
Lead sourcing events that are fair, equitable, and inclusive for all potential suppliers, ensuring they include at a minimum:
 ‚Ä¢ Clear and effective Scopes of Work
 ‚Ä¢ Realistic schedules that align with the client‚Äôs needs
 ‚Ä¢ Clearly defined and achievable outcomes/deliverables
 ‚Ä¢ Evaluation criteria tailored to each sourcing event
 ‚Ä¢ Requirements for responsive offers and responsible suppliers
 ‚Ä¢ Appropriate contract terms
Develop contract documents that may include, but are not limited to:
 ‚Ä¢ Scope of Work
 ‚Ä¢ Desired outcomes/deliverables
 ‚Ä¢ Performance expectations
 ‚Ä¢ Contract term
 ‚Ä¢ Cost structure and contract value
 ‚Ä¢ Contract exhibits based on the sourcing event and submitted proposals
If applicable, negotiate terms and conditions with the supplier to secure the most favorable outcome for MNPS.
Facilitate the electronic signature process to ensure contracts are fully executed and properly filed with the Metropolitan Clerk.
Manage contracts throughout their life cycle, addressing tasks such as contract amendments, performance discussions (including breaches), problem resolution, and drafting contract termination letters.
Ensure compliance with MNPS Board policies and procedures, T.C.A., and federal laws around procurement; prepare contract summaries to be presented to the Board when necessary.
Perform other assignments as directed by the Director or upper management
Employees in this role are expected to complete assignments with minimal supervision and demonstrate initiative in their work."," Certifications through ISM, NIGP, or APICS  Preferred","Analytical, mathematical, logical assessment of written proposals, collaboration of ideas, demonstrated ability to speak to large audiences, leading and influencing others (often holding higher level positions), demonstrated negotiation skills, ability to use multiple enterprise level applications and ability to function as part of a larger team.",Agent Senior Contracting,Contracting Agent II,Agent,II,"The position summary, essential functions and implied responsibilities suggests a role focused on contracting activities, likely involving procurement, vendor management, or contract negotiation. Based on the functional alignment with similar roles in the reference data, it fits within the 'Agent' major role group. The 'Senior' designation implies an intermediate level of responsibility and expertise, which corresponds to the 'II' minor sub-group. The classification is justified by the assumed complexity of tasks and A review of education, work experience, licenses, and essential functions suggests"
Aide Instructional,"Provides instructional and classroom management support in conjunction with one or more certificated teachers and provides academic and behavioral support to a cohort of students. Helps teachers maximize learning time and implement differentiated instruction and support. Duties listed below will be performed either in conjunction with a certificated teacher or under the direction and guidance of a certified teacher.

In addition to the above, this job is designed to satisfy an individual's student teacher requirement for TN teacher licensure. 
This in partnership with t", Currently enrolled in an accredited undergraduate or graduate teacher preparation/education program in Tennessee Required,,"Supports certificated teachers with all aspects of instructional and classroom management operations including facilitating student-directed learning, small group instruction, project-based learning and other instructional strategies.
Enforces rules of behavior and procedures for maintaining high functioning classrooms.
Helps implement assessments and reviewing data.
Prepares materials and classrooms for learning activities and homework assignments.
Helps student develop productive learning and studying habits.
Participates in professional development opportunities and professional learning communities (where available).
Supervises children during dining times, transition times, and other miscellaneous events such as school assemblies or recess times.
Assists students and teachers with technology in the classroom and computer labs.",,Curriculum Familiarity | Compassion | Adaptability,Aide Instructional,Instructional Aide I,Aide,I,"The position summary, essential functions and implied responsibilities aligns with the 'Aide major role group due to its supportive nature in educational settings. A review of education, work experience, licenses and Knowledge, Skills and Abilities attributess suggest an entry-level position, justifying the 'I' sub-group classification. This classification is consistent with similar roles in the MNPS KSACs and Roles documents, which emphasize assisting instructional staff and supporting classroom activities."
Aide Urban Instructional,"The Aide Urban Instructional position is designed to satisfy an individual's student teacher requirement for TN teacher licensure. The Aide Urban Instructional provides instructional and classroom management support in conjunction with one or more certificated teachers. Under the supervision of a certified teacher, the Aide also provides academic and behavioral support to a cohort of students. The Aide helps teachers maximize learning time and implement differentiated instruction and support. Duties listed below will be performed either in conjunction with a certificated teacher or under the direction and guidance of a certified teacher.

The Aide Urban Instructional must spend at least three hours of the day serving with their mentor teacher. The remaining hours may be spent supporting the school in whatever capacity the principal deems necessary.
","Bachelor's Degree  Required and
Other Be enrolled in a 'residency program' with an MNPS partner institution.",1-3 years Experience working with children in a classroom or other structured setting Required,"Support certificated teachers with instruction and classroom management, including student-directed learning, small-group instruction, project-based learning, and other strategies.
Reinforce behavior expectations and procedures to maintain a safe, positive, high-functioning learning environment.
Prepare classrooms and materials, including equipment, lesson resources, and homework; maintain supplies and organize records.
Coach students in productive study and learning habits and provide individualized support‚Äîincluding accommodations for students with special needs‚Äîto promote academic and social success.
Assists with assessments and help collect, organize, and review data to inform instruction.
Supervise students during meals, transitions, recess, assemblies, and other non-instructional times.
Assist with technology in classrooms and computer labs for students and staff.
Collaborate with teachers, administrators, and staff to meet student needs; participate in professional development and PLCs.",,Curriculum Familiarity | Compassion | Adaptability,Aide Urban Instructional,Urban Instructional Aide I,Aide,I,"The position summary, essential functions and implied responsibilities aligns with the Assistant major role group due to its supportive nature in instructional tasks. A review of education, work experience, licenses and Knowledge, Skills and Abilities attributes and specific functions suggests an entry-level classification, placing it in the 'I' minor sub-group. This classification is consistent with similar roles that provide instructional support without requiring advanced qualifications or extensive experience."
Asst Coordinated School Health Program,"The primary duties with this job will be to support the Office of Student Health Services and Coordinated School Health.  The Program Assistant will help support the development, implementation and evaluation of Student Health and Coordinated School Health within the MNPS school district. ",Bachelor's Degree  Preferred, Applicable knowledge of district operations/compliance and data analysis Required,"Provides high-level support by handling information requests, and answering questions from district office, schools, departmental and district partners. Collect, maintain, analyze and submit data for programs and partnerships supporting Student Health Services, Coordinated School Health, other partners/divisions as needed and MNPS goals.
Act as purchasing agent ‚Äì gathering quotes, entering purchase orders and receiving goods, completing annual inventory of equipment, monitoring approvals, purchasing and compliance for MNPS Student Health, Coordinated School Health and other budget areas as needed.
Organize trainings ‚Äì create session listings, open registration, set location, dates, and maintain communication between the department, attendees, and instructional partners. Manage and distribute rosters. Maintain master file of training data and totals.
Performs various administrative functions for multiple divisions and partners (invoices, scheduling, record keeping, partner contractor requests, supply monitoring and ordering).
Organize, facilitate all district health screenings: i.e. vision, hearing, EPSDT, blood pressure screenings, etc.
Responsible for maintaining district health logs (epi pen, med, Narcan, student chronic illness, etc.)","DL NUMBER - Driver License, Valid and in State   Required","Proficiency in Microsoft Word and Excel required.
Applicant must have the ability to write clear, concise and grammatically correct correspondence.
Excellent organizational skills.
Ability to work with confidential and sensitive information.
Excellent oral and written communications skills.
Proficient use of general office equipment.
Ability to work successfully in a team.
Ability to be flexible in schedule and duties.",Asst Coordinated School Health Program,Coordinated School Health Program Assistant I,Assistant,I,"The position summary, essential functions and implied responsibilities suggest the role supports the Coordinated School Health Program. Review of education, work experience, licenses and Knowledge, Skills and Abilities attributes align with the 'Assistant' major role group due to its supportive nature. The 'I' sub-group is assigned as there is no indication of advanced responsibilities or levels. The classification is based on the assumption that the role involves assisting in program coordination, which typically requires basic organizational and communication skills."
Asst Data Analysis,"Performs analysis, reporting, data cleanup, and data input tasks to support the School Choice Process. Collaborate with various stakeholders to assist in resolving school choice concerns among PK-12 students.",Bachelor's Degree or equivalent experience Required,4-6 years Directly applicable experience required if no formal post-secondary degree Required,"Perform data analysis to assist with the review of data quality, accuracy and efficiency of data input.
Perform data input for School Choice Processes.
Assists with the updating of annual reports for the School Choice Process.
Perform data research and quality analysis to guide data cleanup initiatives.
Perform data cleanup and other various data maintenance tasks.
Assists with various special studies, projects and investigations as it relates to school choice processes and data analysis.
Generate data reports for various school choice processes.
Keeps abreast of District policies and processes applicable to School Choice.","DL NUMBER - Driver License, Valid and in State   Required",Administrative Procedures | Organization | Adaptability,Asst Data Analysis,Data Analysis Assistant I,Assistant,I,"The position summary, essential functions and implied responsibilities suggests a supporting role in data analysis. Based on review of education, work experience, licenses and Knowledge, Skills and Abilities attributes, the role is classified under the 'Assistant' major role group with a 'I' sub-group level, indicating an entry-level position. This classification aligns with the functional alignment of similar roles in the MNPS Roles and KSACs documents, which emphasize foundational support tasks in data analysis."
Asst Social and Emotional Learning,"Works with identified students in grades PreK-4 to develop and strengthen students' SEL competencies.  One-on-one interventions, small groups and classroom lessons aligned to the SEL competencies will be required. Analyzes and utilizes data from Chancery, SMS, Data Warehouse and other district SIS databases to meet school improvement goals and students' SEL needs.",Bachelor's Degree  Preferred, Experience in working with at risk students and families Required,"Develops, implements and evaluates programs targeted for at risk students and parents designed to develop and strengthen SEL competencies (self management, self awareness, responsible decision making, relationship skills, and social awareness).
Supports district and school improvement goals for student growth and achievement, and college and career readiness including the five characteristics of an elementary school graduate.
Develops a written, annual plan that is data driven and includes measurable goals which are appropriately scoped and sequenced based on the needs of the school and students.
Utilizes the Early Warning Indicators dashboard to determine targeted interventions for at-risk students.
Conducts and analyzes on-going formative and summative evaluation data of program effectiveness.
Collaborates with administrators, teachers, students, parents, and the community to remove barriers to student success and to close the achievement gap.
Tracks the progress of individual and subpopulations of students as they progress throughout the year and to the next grade level.","DL NUMBER - Driver License, Valid and in State",Administrative Procedures | Organization | Adaptability,Asst Social and Emotional Learning,Social and Emotional Learning Assistant I,Assistant,I,"The position summary, essential functions and implied responsibilities suggest the role supports social and emotional learning initiatives. The education, work experience, licenses and Knowledge, Skills and Abilities attributes align with the 'Assistant' major role group due to its supportive nature. The 'I' sub-group is assigned as there is no indication of advanced responsibilities or hierarchical levels in the provided description."
Auditor II,"The essential function of the position within the organization is to perform auditing functions in relation to student activity funds schools within the district.  Analyze data, carry out high-level risk-based audit assessment testing and prepare audit working papers and reports independently with minimal supervision. Assist Audit Manager with perform investigations for school support organizations and assist with any other audit investigations that are assigned by Supervisors.Mentors and trains other audit team members on auditing concepts and/or procedures and any other duties assigned.","Master's Degree in a finance related field, or working toward one of those designations Preferred", Four years of relevant auditing experience Required,"Analyze data, perform testing, and report on student activity fund audits of schools.  Make recommendations for findings, exercising initiative and judgement while working independently with a large workload consisting of the most susceptible high-risk schools.
Works directly with the Audit Manager in advising audit team members with the implementation of the audit program.  Compile data for State reporting for end of the year processes and review for accuracy.
Assist Audit Manager and perform investigations for school support organizations and assist with any other audit investigations that are assigned by Supervisors.
Evaluate internal controls and business processes to ensure compliance with district, state, and federal policies and procedures.  Provide recommendations to increase efficiency, effectiveness and internal controls within the parameters of the Tennessee Internal School Uniform Accounting Policy.
Orally present, meet, and discuss complex issues with Executive Principals and other district leadership.  Write clear, concise, accurate reports, using data gathered. Review, revise, and update department presentations as needed.
Mentors and trains other audit team members on auditing concepts and/or procedures.
Build successful relationships with and provide support to other finance personnel as well as other MNPS staff members.",,"Thorough understanding of auditing principles.
Demonstrated ability to identify internal control weaknesses and analyze business processes and financial data.
Apply Critical thinking skills.
Basic to intermediate skills in mathematical computation ‚Äì may compute ratios, rates and percentages.
Basic to intermediate skills in Microsoft Suite Office programs ‚Äì Word, Excel, PowerPoint, and Office365.
Stays current in practice by reading related resources such as journals and manuals, researching and implementing best practice.
Uses proper grammar and format for specialized written and oral communication.
Plan, organize and complete work in a timely and efficient manner.
Adjust to a changing and high-volume workload, manage multiple projects at one time, and work under deadlines, and other job pressures.",Auditor II,Auditor II,Auditor,II,"The position summary, essential functions and implied responsibilitiesaligns with the 'Auditor' major role group due to its focus on specialized auditing and financial functions. The minor sub-group 'II' is assigned based on the assumed intermediate level of complexity and responsibility, as indicated by education, work experience, licenses and Knowledge, Skills and Abilities attributes. The classification is consistent with the MNPS Roles and KSACs documents, which emphasize functional alignment with for auditing roles."
Auditor,"The essential function of the position within the organization is to perform auditing functions in relation to student activity & internal school funds for each school within the district.  This entry level audit position will analyze data, carry out basic risk-based audit assessment testing and prepare audit working papers and reports.  Must work independently with some supervision for review of accuracy and conformance with required procedures and instructions. Must apply principles, theories, and concepts of auditing to specific school-based situations daily.  Evaluate internal controls and business processes to ensure compliance with district, state, and federal policies, procedures and regulatory requirements to ensure assets are safeguarded and that business processes are adequate.  Build successful relationships and provide support with other MNPS staff members.  The position is responsible for providing recommendations to increase operational efficiencies, effectiveness, and internal controls of the Internal School Funds manual.  Orally present, meet, and discuss issues with school personnel.  Assist assigned schools in completing year end procedures and any other duties assigned.","Bachelor's Degree in business administration, Accounting, or finance related field  Required","1-3 years Relevant experience. Can be substituted for Bachelor‚Äôs degree in business administration, Accounting, or finance related field Required","Analyze data, perform testing, and report on student activity & internal school fund audits of schools.  Make recommendations for findings, exercising initiative and judgement while working independently.
Must work independently with some supervision for review of accuracy and conformance with required procedures and instructions. Must apply principles, theories, and concepts of auditing to specific school-based situations daily.
Evaluate internal controls and business processes to ensure compliance with district, state, and federal policies and procedures.
Build successful relationships and provide support with other MNPS staff members.
Orally present, meet, and discuss issues with school personnel. Writes clear, concise, accurate reports using data gathered by self or others.
Assist assigned schools in completing year end procedures and any other duties assigned.",,"Demonstrated ability to identify internal control weaknesses and analyze business processes and financial data.
Ability to apply critical thinking skills.
Basic to intermediate skills in mathematical computation.
Basic to intermediate skills in Microsoft Suite Office programs ‚Äì Word, Excel, PowerPoint, and Office365.
Ability to stay current in practice by reading related resources such as journals and manuals, researching and implementing best practice.
Ability to use proper grammar and format for specialized written and oral communication.",Auditor,Auditor I,Auditor,I,"The position summary, essential functions and implied responsibilities align with the functional role of an Auditor due to its focus on conducting audits and ensuring compliance, which requires specialized knowledge and skills. The minor sub-group 'I' is assigned based on review of education, work experience, licenses and Knowledge, Skills and Abilities attributes and the lack of detailed information about advanced responsibilities or higher levels of complexity typically associated with higher sub-groups."
Buyer Senior,"This position is responsible for the more complex IT and Federally funded purchases.  This assignment includes reviewing requests submitted in iProcurement, depending upon dollar value of request, verifying or identifying available contracts to support the request or ensuring the attachment of supporting quotes as required by policy and applicable laws (Federal, State or local).  Reviewing the supporting contract or quote for accuracy.  If accurate and complete, administratively within iProcurement convert the request to a Purchase Order (PO).  Provide client support for the internal and external users of iProcurement/iSupplier.  Resolve purchasing errors which includes the issuing of PO Notices of Change/Correction.  Provide assistance to external firms in registering as a vendor and doing business with MNPS.  Participate in the planning and performance of annual training events for both internal users and external users of iProcurement/iSupplier as well as training new internal users as they are on boarded. These roles have heavy emphasis on client support and service.                                                  ",Associate's Degree  Preferred, May waive the experience time for a Bachelor‚Äôs or higher degree,"Demonstrates client support and service with excellence in all interactions and communications with internal and external personnel. Complies with all District Policies & Procedures. Complies with all local, State and Federal regulations, statutes, etc. affecting performance of the duties assigned.
Purchases Federally funded and IT based materials, goods, and services in response to internal requisitions and to meet contractual specifications. Obtain competitive quotes, when required, and performs routine price/cost analysis for vendor selection.
Perform as a subject matter expert for MNPS Web Requests and Oracle R2 system applications used by the district. Stay current on the purchasing profession and industry trends.
Research all purchasing requests using Federal funds for compliance and accuracy to satisfy EDGAR requirements.
Maintain Kronos and the processing payroll for the Procurement Department.
Assist Vendors with the Metro registration process; submit requests to Metro for vendor activation
Handle all Purchasing communications with schools. Keep all purchasing information up-to-date on the website, data base, and contract spreadsheet.
Planning and performance of annual training events for both internal users and external users of iProcurement/iSupplier as well as training new internal users as they are on boarded.
All other assigned duties such as but not limited to backup buyer and backup Travel Agent.",,"Analytical, mathematical, collaboration of ideas, demonstrated ability to train before a large group, and requires high level of organizational skills.
Demonstrated mid-level capability in using technology.
Specifically, all Microsoft Office applications and an ability to use enterprise level applications as part of a larger team.",Buyer Senior,Buyer III,Buyer,III,"The position summary, essential functions and implied responsibilities align with procurement and purchasing functions, requiring advanced expertise and responsibility. Based on tthese and the absence of specific details, the classification as 'Buyer III' reflects a senior-level specialist role. This grouping is consistent with similar roles requiring advanced procurement knowledge, skills, and abilities, as well as significant work experience."
Buyer Intermediate,"This position is responsible for reviewing requests submitted in iProcurement, depending upon dollar value of request, verifying or identifying available contracts to support the request or ensuring the attachment of supporting quotes as required by policy and applicable laws (Federal, State or local).  Reviewing the supporting contract or quote for accuracy.  If accurate and complete, administratively within iProcurement convert the request to a Purchase Order (PO).  Provide client support for the internal and external users of iProcurement/iSupplier.  Resolve purchasing errors which includes the issuing of PO Notices of Change/Correction.  Provide assistance to those external firms (~ 43K in 2019) in registering as a vendor and doing business with MNPS.  Participate in the planning and performance of annual training events for both internal users and external users of iProcurement/iSupplier as well as training new internal users as they are on boarded. These roles have heavy emphasis on client support and service.",Associate's Degree  Preferred,1-3 years Work in a related field of experience. May waive the experience time for a Bachelor‚Äôs or higher degree Required,"Demonstrates client support and service with excellence in all interactions and communications with internal and external personnel. Complies with all District Policies & Procedures. Complies with all local, State and Federal regulations, statutes, etc. affecting performance of the duties assigned.
Purchases materials, goods, and services in response to internal requisitions and to meet contractual specifications. Obtain competitive quotes, when required, and performs routine price/cost analysis for vendor selection.
Perform as an expert resource for MNPS Web Requests and Oracle R2 system applications used by the district. Stay current on the purchasing profession and industry trends.
Research all purchasing requests using local funds for compliance and accuracy.
Assist Vendors with the Metro registration process; submit requests to Metro for vendor activation
Handle all Purchasing communications with schools. Keep all purchasing information up-to-date on the website, data base, and contract spreadsheet.
Planning and performance of annual training events for both internal users and external users of iProcurement/iSupplier as well as training new internal users as they are on boarded.
Serve as backup Timekeeper and backup Travel Agent when needed.",,"Analytical, mathematical, collaboration of ideas, demonstrated ability to train before a large group.
Demonstrated mid-level capability in using technology.
Specifically, all Microsoft Office applications and an ability to use enterprise level applications as part of a larger team.",Buyer Intermediate,Buyer II,Buyer,II,"The position summary, essential functions and implied responsibilities align with the functional responsibilities of procurement and purchasing, which are typically categorized under the 'Buyer' or 'Agent' major role group. The intermediate level suggests a mid-level position, which corresponds to the 'II' minor sub-group. This classification is based on the assumption that the role involves tasks such as vendor management, purchasing, and procurement operations, which require a moderate level of experience and expertise."
Cashier Nutrition Services Roving,"Under the supervision of cafeteria managers, performs preparation functions and collection of cash.",High School Diploma or GED Required,"1-3 years Experience in cash handling, able to operate cash register and adding machine, able to accurately count and record meals Required","Must be able to work a flexible schedule between 6:30 a.m. ‚Äì 3:00 p.m. at any school within the District.
Performs tasks in preparation for daily operation which include:  checking temperatures, turning on equipment, setting up food lines, preparing food to ensure that all equipment is ready to be used for the day, serve food to customers daily.
Collects money for food items purchased, balances cash drawer at end of shift, maintains cash flow records, prepares bank deposit slips, deposits receipts daily in bank to ensure proper cash flow records are maintained; deposit daily receipts if needed.
Determines. If needed, quantities of food to ensure adequate amounts, assists in preparation of food.
Cleans kitchen in accordance with health and safety standards; wash dishes, cleans and sanitizes kitchen equipment, counters and tables, mops and sweeps floors on a daily basis in compliance with local and state health regulations if needed.
Prepares daily operation reports, prepares daily bank deposits; writes daily product demand reports in accordance with departmental guidelines.
Monitors temperatures and equipment to ensure equipment is operating in accordance with safety guidelines, notifies proper personnel of any problems","DL NUMBER - Driver License, Valid and in State Valid Driver‚Äôs license and reliable vehicle  Required",Passing score on cashier‚Äôs test,Cashier Nutrition Services Roving,Nutrition Services Cashier I,Cashier,I,"The position summary, essential functions and implied responsibilities suggest a role that involves basic cashiering functions within nutrition services, which aligns with entry-level responsibilities in the Cashier role group. The education, work experience, licenses and Knowledge, Skills and Abilities attributes suggest a general classification as level I, focusing on fundamental tasks without advanced specialization or supervisory duties."
Cashier Nutrition Services Cluster Lead," Under the supervision of cafeteria managers, performs preparation functions and collection of cash.",High School Diploma or GED Required," One year‚Äôs experience in cash handling, including ability to operate cash register and adding machines, ability to accurately count and record meals Required","Assist in coordinating the proper storage and efficient use of food; weighs or measures ingredients following approved recipes; prepares cooks, and serves food in accordance with the established standards; assist with serving and preparing additional food as needed.
Performs tasks in preparation for daily operation which include:  checking temperatures, turning on equipment, setting up food lines, ensure that all equipment is working properly and ready to be used for the day.
Collects money for food items purchased, balances cash drawer at end of shift, maintains cash flow records, prepares bank deposit slips, deposits receipts daily in bank to ensure proper cash flow records are maintained; deposit daily receipts if needed.
Determines needed quantities of food to ensure adequate amounts, assists in preparation of food.
Cleans kitchen in accordance with health and safety standards; cleans and sanitizes kitchen equipment, counters and tables, mops and sweeps floors on a daily basis in compliance with local and state health regulations if needed.
Assist cluster manager in coordinating the work of cafeteria employees.
Keeps accurate records of meals, food production, milk used, a la carte items sold, and assist with inventory counts of food and supplies
Performs all other duties as assigned.","DL NUMBER - Driver License, Valid and in State Valid Tennessee Driver‚Äôs license  Required",Point of Sale Systems | Customer Service | Numeracy Skills,Cashier Nutrition Services Cluster Lead,Nutrition Services Cashier Lead,Cashier,Lead,"The position summary, essential functions and implied responsibilities suggests the role involves leading and overseeing cashier operations within the Nutrition Services cluster. Tt aligns with a 'Cashier major role group and an senior-level sub-group 'Lead' due to  leading and overseeing cashier operations. This is supported after review of education, work experience, licenses and Knowledge, Skills and Abilities attributes. No additional detailed information on complexity or seniority is given. The classification is consistent with similar roles in the MNPS KSACs and Roles documents."
Chef,"The Chef will assist in researching, developing and implementing various culinary training projects that will enhance Nutrition Services.  Develop and implement new recipes and menus that meet local, state, and federal guidelines.",Associate's Degree in Culinary Arts Required," Minimum of two years‚Äô applicable experience in culinary arts, including training and developing staff and creating recipes Required","Checks the quality of raw or cooked food products to ensure that standards are met while staying abreast of regulations and ensures that cafeteria operations comply with federal, state and local laws.
Monitors sanitation practices to ensure that employees follow standards and regulations.
Demonstrates and operates kitchen equipment and assists staff in maintaining equipment.
Supervises and coordinates activities of cooks/workers engaged in food preparation and shares information on social media outlets.
Inspects supplies, equipment or work areas to ensure conformance to established standards.
Trains staff in the preparation, cooking, garnishing, or presentation of food in decorative displays.  Demonstrates and coaches‚Äô staff on timesaving and efficient culinary skills.
Collaborates with other stakeholders to plan and develop recipes or menus considering seasonal availability of ingredients and quantity needed. Estimates quantity and costs of supplies, food and ingredients to control cost and requisitions food supplies.","DL NUMBER - Driver License, Valid and in State Valid driver‚Äôs license with a personal vehicle available for travelling to school sites daily  Required
SAFE Serve Certification   Required",Culinary Techniques | Food Safety | Hand-eye Coordination,Chef,Chef I,Chef,I,"The position summary, essential functions and implied responsibilities align with the 'Chef' major role group due to its focus on specialized culinary skills and expertise. The minor sub-group 'I' is assigned based on review of education, work experience, licenses and Knowledge, Skills and Abilities attributes and the absence of detailed information about advanced responsibilities, leadership, or supervisory roles. The classification is supported by the functional alignment with KSACs related to food preparation, creativity, and operational efficiency in a kitchen environment."
Chief Academics and Schools,"The Chief of Academics and Schools (CAS), under the direction of the Director of Schools and as a member of the district executive team, is responsible for the oversight of instruction and school operations. The CAS integrates the teams and activities dedicated to academics, school leadership, school improvement and academic performance.  The CAS ensures that all school teams work collaboratively with support services, human resources and operational teams to implement strategic initiatives designed to eliminate the achievement gap and to improve the academic achievement of all students, improve the culture of the district and retain high performing employees and provide all supports necessary for students. The CAS provides leadership to communicate system priorities, promote the integration of the work of these offices, and ensure collaborative work processes in order to promote effective teamwork. The CAS is responsible for aligning the budgets for these offices to effectively and efficiently utilizing resources. The CAS oversees and monitors the implementation of system-wide cross-functional strategic projects and initiatives, provides support to project and program managers, and monitors these initiatives and programs to ensure that they lead to high student achievement. ",Doctoral Degree and experience in school level leadership Preferred, Experience in leading large-scale educational program development and reform Required,"Directs daily operations and coordinates efforts of all teams under the Department of Academics and Schools.  Supervises, coordinates, and provides leadership for the work of executive level staff in the department.  Oversees, monitors, and facilitates the integration of projects/initiatives assigned to the department.
Collaborates with all members of the executive team to ensure coordinated planning and consistent implementation of MNPS strategic plan, making certain that programs and priorities are focused on eliminating the achievement gap and improving student achievement.
Oversees the daily operations of schools, working with and through Executive Directors of Schools and other appropriate staff.  Participates in the planning, design and delivery of professional development for academics, instruction and school leadership.
Works with Executive Directors of Schools and Chief of Innovation to define problems, collect and monitor data, and make recommendations to address issues.
Works with all offices that report to the CAS to design and implement best practices instructional systems that address the goals and priorities in the strategic plan.
Participates in the selection of school leadership and oversees the school administrator evaluation process in collaboration with the Department of Human Resources.
Reviews and monitors individual office budgets and expenditures to ensure that they are aligned with the strategic initiatives of the school system and that resources are directed appropriately.
Is an active member of Director of Schools‚Äô Cabinet and supports the overall performance delivery strategy of the district while ensuring that all academic and school leaders across the school system function as an integrated team.  Represents the Director of Schools as required in engagement with parent and community groups, educational leaders and staff.
Presents information to the Director of Schools; the Board of Education; Executive Staff; public groups; and national, state, and local officials.
Monitors education research, trends, and developments to support school improvement efforts, academic achievement and program development.
Performs related work as required.", Meets Tennessee state certification requirements  Required,"Knowledge of school operations, testing and program evaluation procedures.
Extensive understanding of the district‚Äôs strategic plan for the school system, in order to coordinate the work of all offices that report to the CAS.
Broad knowledge of curriculum development, program implementation, and assessment processes.
Thorough knowledge of Every Student Succeeds Act (ESSA) requirements as well as local and state laws, policies, and procedures.
Thorough knowledge of how schools operate.
Keeps current on national trends in the areas of instruction, curriculum, special education, English Language Learners, and educational leadership.
Ability to build a well-integrated team that exhibits excellent cross-functional communications and execution capabilities that support the strategic initiatives of the school system.
Must be able to demonstrate success in managing change in a constructive manner and leading and facilitating collaboration among offices.
Uses data-driven decision-making to determine effectiveness of programs and initiatives.
Proven ability to execute programs effectively and produce results.
Significant skill in directing the work of others and resolving complex problems and expertise in educational program design, development, and implementation in a diverse school system.
Excellent conceptual, analytical, problem solving, organizational, and leadership skills.
Exceptional oral and written communication skills and a proven track record of working collaboratively with various constituencies.",Chief Academics and Schools,Chief Academics and Schools,Chief,,"The position summary, essential functions and implied responsibilities is classified under the 'Chief' major role group due to its implied high-level leadership responsibilities, strategic oversight, and decision-making authority. There is no minor sub-group as it represents the initial level of executive classification in this context. Review of education, work experience, licenses and Knowledge, Skills and Abilities attributes suggest a top-tier role focused on academic and school operations."
Deputy Chief Schools,"The Deputy Chief of Schools, under the direction of the Chief of Academics and Schools and as a member of the district executive team, is responsible for the oversight of instruction and school operations. The Deputy Chief of Schools integrates the teams and activities dedicated to school leadership and school improvement, ensuring that all school teams work collaboratively with support services, human resources, academics and operational teams to implement strategic initiatives designed to eliminate the achievement gap , improve the culture of the district, retain high performing employees and provide all supports necessary for students. The Deputy Chief of Schools provides leadership to communicate system priorities, promote the integration of the work of these offices, and ensure collaborative, efficient and effective work processes in order to promote teamwork. The Deputy Chief of Schools is responsible for aligning the budgets for these offices to effectively and efficiently utilize resources toward the goals of the district. ","Master's Degree from an accredited institution in education administration, supervision, or curriculum development Required
Doctoral Degree from an accredited institution Preferred","4-6 years School-based and central office administrative leadership experience Required
7-9 years Experience in leading large-scale educational program development and reform Required
7-9 years Experience in project management, including the ability to deploy resources and manage multiple projects Required","Directs daily operations and coordinates efforts of all teams under the Division of Schools.  Supervises, coordinates, and provides leadership for the work of executive level staff in the department.  Oversees, monitors, and facilitates the integration of projects/initiatives assigned to the department.
Collaborates with all members of the executive team to ensure coordinated planning and consistent implementation of MNPS strategic plan, making certain that programs and priorities are focused on eliminating the achievement gap and improving student achievement.
Oversees the daily operations of schools, working with and through Executive Directors of Schools and other appropriate staff.  Participates in the planning, design and delivery of professional development for instruction and school leadership.
Works with Executive Directors of Schools, Deputy Chief of Schools and Chief of Academics and Schools, to define problems, collect and monitor data, and make recommendations to address issues.
Works with all offices that report to the Deputy Chief of Schools to design and implement best practices instructional systems that address the goals and priorities in the strategic plan.
Participates in the preparation and selection of school leadership and oversees the school administrator evaluation process in collaboration with the Division of Human Resources.
Reviews and monitors individual office budgets and expenditures to ensure that they are aligned with the strategic initiatives of the school system and that resources are directed appropriately.
Is an active member of Director of Schools‚Äô Cabinet and supports the overall performance delivery strategy of the district while ensuring that all school leaders across the school system function as an integrated team.  Represents the Director of Schools as required in engagement with parent and community groups, educational leaders and staff.
Presents information to the Director of Schools; the Board of Education; Executive Staff; public groups; and national, state, and local officials.
Monitors education research, trends, and developments to support school improvement efforts.", TN administrative certification license  Required,"Knowledge of school operations, testing and program evaluation procedures.
Extensive understanding of the district‚Äôs strategic plan for the school system, in order to coordinate the work of all offices that report to the Deputy Chief of Schools.
Thorough knowledge of Every Student Succeeds Act (ESSA) requirements as well as local and state laws, policies, and procedures.
Thorough knowledge of how schools operate.
Ability to build a well-integrated team that exhibits excellent cross-functional communications and execution capabilities that support the strategic initiatives of the school system.
Must be able to demonstrate success in managing change in a constructive manner and leading and facilitating collaboration among offices.
Uses data-driven decision-making to determine effectiveness of programs and initiatives.
Proven ability to execute programs effectively and produce results.
Significant skill in directing the work of others and resolving complex problems and expertise in educational program design, development, and implementation in a diverse school system.
Excellent conceptual, analytical, problem solving, organizational, and leadership skills.",Deputy Chief Schools,Deputy Chief Schools,Deputy Chief,,"The position summary, essential functions and implied responsibilities suggests a high-level executive role responsible for overseeing school operations or related functions. The statement ""Under the direction of the Chief of Academics and Schools and as a member of the district executive team"" implies that it is not the top level. Based on the hierarchical structure and review of education, work experience, licenses and Knowledge, Skills and Abilities attributes, it is classified under the 'Deputy Chief' major role group with no minor sub-group, indicating the initial level within this classification. This grouping aligns with the convention of assigning 'Deputy Chief' roles to top-tier leadership positions. "
Clerk Program Extended Learning,"The Extended Learning Program (ELP) Clerk ensures the operation of the district's before and after-school programs by providing administrative, clerical, and operational support. Responsibilities include managing family accounts, assisting with student registration, maintaining documentation, onboarding new employees, supporting site supervisors with data management, and covering sites during supervisor absences. As a point of contact for families and staff, the ELP Clerk processes student records for the Department of Human Services and Tennessee Department of Education to ensure compliance with district and state reporting requirements, and maintains program records. This role requires organizational skills, attention to detail, and the ability to multitask in an educational setting. The ELP Clerk is proactive, customer service-oriented, and capable of supporting families and staff in navigating program requirements and processes.","Bachelor's Degree  Preferred
High School Diploma  Required", 3 years of applicable experience Required,"Provide direct support to families regarding program policies, schedules, payment plans, and attendance requirements.
Markets program to families and community and oversees school-based enrollment.
Assists in evaluations of Assistant Supervisors and ELP Staff in conjunction with rules, regulations, and policy.
Facilitate the onboarding process for new employees by ensuring completion of all required documentation and providing an overview of program policies, procedures, and expectations.
Monitor enrollment and attendance data to ensure compliance with program capacity limits and funding requirements.
Maintains accurate documentation, including but not limited to, attendance, emergency contact, incident reports, and accounting reports.  Gathers and reports data upon request.
Attends and participates in ongoing training and staff meetings, planning, and trainings sessions.   Provides on the job training for assistant supervisors and ELP staff.
Creates and facilitates site specific trainings for ELP staff.
Cover site supervisors during absences to ensure uninterrupted program operations, including supervising students and coordinating staff assignments as needed.
Maintain accurate and up-to-date family accounts, including tracking and reconciling payments, resolving account discrepancies, and responding to billing inquiries.
Provide administrative and clerical support to site supervisors, including data entry, report generation, and inventory tracking.
Facilitate the onboarding process for new employees by ensuring completion of all required documentation and providing an overview of program policies, procedures, and expectations.","DL NUMBER - Driver License, Valid and in State Valid driver's license  Required","Proficiency in Microsoft Office Suite, including Excel, Word, Outlook, and Teams. High
Experience with student management platforms, such as Procare or other enrollment and attendance tracking systems. High
Familiarity with ELAP (Extended Learning Attendance Platform) and DHS (Department of Human Services) software for compliance and reporting. Low
Effective communication and customer service skills to support families, staff, and program leadership. High",Clerk Program Extended Learning,Extended Learning Program Clerk I,Clerk,I,"The position summary, essential functions and implied responsibilities suggest an entry-level clerical role supporting extended learning programs. Review of education, work experience, licenses and Knowledge, Skills and Abilities attributes indicate the classification assumes basic clerical responsibilities such as data entry, record maintenance, and administrative support. The 'Clerk' major role group aligns with the functional nature of the role, and the 'I' sub-group reflects an entry-level position."
Clerk Front Desk Bilingual,Assists in providing registration services to NELB students and support for families.  Schedules appointments and provide excellent customer service to immigrant families and others.  Must be fluent in English and Spanish.,High School Diploma or GED Required,0,"Provide great customer service to all visitors to the EL Office.
Provide students and families information and assistance in the assessment and registration process. Verifies all required registration documents for NELB students and parents.
Responsible for answering calls and providing information or directing to the appropriate person.
Maintains files and paperwork for the International Student Registration Center.
Provides translation services when necessary.
Assist students and families in identifying and obtaining assistance from  social and community services.
Assists with clerical duties in the EL Office.
Perform other duties as needed.",,"Must be fluent in English and Spanish.
Proficiency in Microsoft Word, Excel and Outlook required.",Clerk Front Desk Bilingual,Front Desk Clerk I,Clerk,I,"The position summary, essential functions and implied responsibilities suggest an entry-level clerical role focused on front desk operations. Based on review of education, work experience, licenses and Knowledge, Skills and Abilities attributes, the role is classified under the 'Clerk' major role group and assigned a 'I' sub-group level, indicating an entry-level position. The bilingual aspect is noted but does not influence the functional classification."
Coach MTSS Behavior EE,"The MTSS Behavior Coach will be responsible for supporting school-level implementation of tiered behavioral supports. This will be accomplished through team based and individual coaching, providing professional learning opportunities, and using data-based decision making, while utilizing knowledge of behavioral science, and trauma informed practices to strategically create and disseminate tools, resources, and guidance to school and district teams. In addition, the MTSS behavior coach will support district wide implementation of MTSS-Behavior and support Exceptional Education

","Master's Degree from an accredited institution in Education, Special Education, School Psychology, School Counseling, or related field  Required", Experience with both general and special education student populations as well as recent experience as a school level practitioner Preferred,"Provides support and coaching to school level teams on the development of effective MTSS processes, specifically on implementing behavior interventions.
Prepares and executes high quality professional development opportunities, meetings, and presentations on behavior interventions, MTSS, data-based decision making and other practices addressing disproportionality, Support Teams, and other related topics.
Develops user-friendly and streamlined materials and resources to assist school teams and practitioners with implementing behavior interventions, school-level MTSS.
Collaborates effectively with school team members and cross-divisionally between Support Hub departments within MNPS. Holds and facilitates productive and organized meetings, consultations, and collaborative opportunities.
Commitment to professional growth and strengthening professional knowledge, skills and strategies; participate in professional development opportunities and engage in active feedback-seeking from all stakeholders. Attends training and other district meetings.
Effectively utilizes virtual professional development, project management, organizational and resource collection software platforms such as Schoology, Office365 and SharePoint. Communicate with stakeholders through various electronic outlets.",Teaching Certification/License TN accredited certificated teaching licensure,"Microsoft Office.
Knowledge and experience in MTSS and RTI for behavior.
Behavior analysis and interventions.
Classroom Management.
Professional Learning and Development.
Adult Learning Theory.
Trauma-Informed practices.",Coach MTSS Behavior EE,Behavioral MTSS Coach I,Coach,I,"The position summary, essential functions and implied responsibilities align with the major role group 'Coach' due to its focus on guiding and supporting staff in implementing behavioral strategies within the MTSS framework. The minor sub-group 'I' is assigned as it likely represents an entry-level or foundational coaching role. The classification is based on review of education, work experience, licenses and Knowledge, Skills and Abilities attributes emphasis on coaching and behavioral expertise."
Coach English Learner,"Assists teachers in meeting the needs of English Learners (ELs) students in planning, modeling, and coaching differentiated lesson based on the proficiency levels of the students.  Assists principals and school staff in reviewing and utilizing EL data, and identifying and facilitating professional development based on school data.",Master's Degree In related field of study Required,1-3 years Classroom teaching experience  Required,"Reviews data with administrators and teachers to plan lessons and instruction
Conducts professional development for schools and assist administration in seeking, identifying, and securing needed professional development opportunities.
Conducts and facilitates departmental and grade level PLCS sessions to assist with planning and collaboration for instruction and meaningful differentiation in classrooms.
Conducts coaching cycles and classroom visits and provides feedback to teachers.  Models lessons and instructional strategies for teachers.
Communicate and demonstrate the mission and vision of the EL Office in the work with teachers, administrators, and schools.","Teaching Certification/License Current TN teaching license  Required
 Current ESL and Elementary Endorsement  Required",Goal Setting and Planning:  | Communication | Leadership,Coach English Learner,English Learner Coach I,Coach,I,"The position summary, essential functions and implied responsibilities align with the 'Coach' major role group due to its focus on providing guidance and support, likely in an educational or developmental context. The minor sub-group 'I' is assigned based on review of education, work experience, licenses and Knowledge, Skills and Abilities attributes. The classification is based on the functional alignment with coaching roles as defined in the MNPS Roles and KSACs documents."
Coach Literacy Lead Secondary Interim,"In collaboration with the Secondary Literacy team, the Secondary Lead Literacy Coach will take initiative to lead curriculum implementation plans and to develop procedures and trainings that build capacity of teachers and school personnel in content-specific knowledge by facilitating and leading district initiatives. The Secondary Lead Literacy Coach will analyze literacy data to inform instructional practices, and support the goals and mission of the Curriculum and Instruction Department to increase student literacy achievement across disciplines. 75% of time will be spent in schools working directly with literacy teams providing implementation guidance and coaching. 25% of time will be working at the district level designing curricular supports and providing professional development for MNPS stakeholders.

This Position is interim and will either be transformed into a permanent position or become defunct.","Master's Degree from an accredited institution in education, reading, coaching, curriculum, or English related field Required"," Five years of successful middle or high school teaching experience Required
 Three years in an instructional coaching position (literacy, instructional, EL, etc.).  Required
 Experience in presenting and modeling exemplary teaching practices to adult learners in a variety of settings such as workshops, seminars or college courses Required
 Successful experience as a mentor and/or coach; Evidence of instructional leadership (e.g., team leader, resource teacher, department chair, dean, administrator, system-wide committees, etc.) Required","Curriculum Implementation and Support: Takes initiative to Lead; supports implementation of instructional materials and resources adopted by the district; assists in monitoring of benchmarks and/or common assessments aligned to standards and curricular units; develops procedures and training for teachers, coaches, administrators, and other instructional staff to implement curriculum, new content, or programs; aligns curriculum implementation plans with research on change management practices and other relevant English Language Arts/Literacy research; deepens coaches', teachers', and principals' content knowledge about evidence-based best practices and the ELA curricula; develop coaches', teachers' and principals' understanding of the structure and organization of the curricula; aligns the written, taught, and tested curricula; understands and articulates the distinction between the standards and the curricula; facilitates the deconstruction of standards and curricula to identify the essential knowledge and skills students need to achieve the standard; analyzes and facilitates the analysis of instructional materials to determine which parts of those materials support achievement of the standards.
Professional Development/Learning Facilitator: Provides leadership to develop a culture among literacy coaches and leaders that fosters professional learning communities; creates professional learning opportunities related student learning and teacher practice; promotes data driven instruction, collaborative instructional planning, differentiated instruction, and acquisition of instructional best practices; conducts school visits and participates in school walkthroughs, observations of collaborative team planning, and reflective practices; supports school-based professional development and assists in providing monitoring, support, and feedback to ensure successful implementation and delivery of curricula; observes the work of school-based Literacy Coaches or other instructional coaching staff to strengthen practice and to recommend improvements; supports coaches and teachers to develop their capacity to become learning facilitators; supports the implementation of new learning in individual schools, team settings or through school-wide initiatives; provides information to the Secondary Literacy Team about the learning needs of coaches, teachers, and administrators within the district; contributes to the development, implementation, and evaluation of schools‚Äô literacy professional development plan.
Data Analysis: Collaborates with the Research and Evaluation Department and others in order to analyze quadrant- and district-wide student assessment and other relevant data to look for trends; obtains and uses student achievement data to examine and evaluate curriculum and instructional programing; develops and provides protocols and procedures for school-level and teacher-level data analysis and data chats; then formulates instructional strategies to meet student needs. Provides guidance and support to Literacy Coaches to use data protocols and procedures on a regular basis.
Mentor: Exhibits mentoring by developing the capacity of school-based coaches and teachers to implement the district literacy framework, instructional framework, and curricula; engaging new coaches and ELA Content Leads in orientation and on-boarding processes to help support the understanding of expectations, policies, and the context of their roles; ensuring new coaches and ELA Content Leads have the tools and equipment to serve as literacy supports in their schools.
Professionalism: Exhibits professionalism by regularly engaging in professional growth and efforts to strengthen his/her English Language Arts/Literacy content knowledge, skills, and strategies; planning, leading, participating in, and promoting district-level professional development offerings; attending and participating in all required meetings; maintaining a collection of professional materials related to effective coaching practices, literacy instruction, and current research; maintaining all required documentation of coaching and instructional support.
Communication:  Articulates district initiatives and instructional programming for all building and district administrators, teachers, and community stakeholders; articulates the vertical alignment of grades K-12 curriculum with administrators and department leaders; communicates and provides timely and constructive feedback to stakeholders.
Other Duties: Advises and consults with instructional materials adoption committees and reviews and provides feedback on supplemental resources; collaborates with the English Language Arts/Literacy Content Coaches and leaders; prioritizes work based on district needs as they arise."," Current Tennesse Teaching license with ELA, reading, literacy, curriculum, and/or instructional coaching endorsement  Required","Excellent writing and verbal communication skills
Presentation/facilitation skills
Strong interpersonal and leadership skills ‚Äì able to interact positively with teachers, other staff, students, administrators, central office personnel, parents, and the general public.",Coach Literacy Lead Secondary Interim,Literacy Lead Coach II,Coach,II,"The rposition summary, essential functions and implied responsibilities align with the major role group 'Coach' due to its focus on guiding and mentoring educators in literacy practices. The minor sub-group 'II' is assigned based on the interim nature of the position, indicating a mid-level role with potential for further classification upon permanent assignment. The classification is informed by the emphasis on literacy leadership, secondary education focus, and alignment with KSACs related to instructional coaching and literacy expertise."
Dean Student Success and Opportunity,"The Dean of Student Success and Opportunity demonstrates a commitment to all children and families by prioritizing equal access to educational resources and opportunities for achievement. This role is dedicated to promoting fairness and respect throughout the school, working closely with educators to enhance communication and advance data-driven improvements. The Dean celebrates individual differences while emphasizing the shared goals that unite the school community, ensuring that every student is supported in a safe, respectful learning environment. By fostering a positive school climate competence across all school departments, the Dean works to identify and remove barriers to student success and opportunity while aligning practices with district guidelines.","Master's Degree in educational administration, guidance, counseling or related field Preferred",1-3 years Teaching or leadership experience in an urban school community  Required,"Collaborates with key stakeholders to identify and address barriers while engaging schools, families, and community members in school activities.
Collaborates to support all students and families, across student groups, reinforcing the commitment to education that promotes student success and opportunity.
Works with administration to identify activities or conditions that would lead to an unsafe or negative environment for students; Works with teachers and administration to maintain a positive learning environment
Collaborates to support students in need of behavior plans; assists in monitoring Functional Behavioral Assessments (FBAs) and implementing Behavior Intervention Plans (BIPs).
Promotes a positive school climate through athletics, specialized programs, and student clubs; collaborates to support all student groups; recommends school resources that foster student success and expand opportunities.
Implements district and school policies, programs, and practices designed to enhance academic achievement and create increased student success and opportunity","Teaching Certification/License Educator or Professional license issued by the TN Dept of Education Upon Hire Required
 Administrator license issued by the TN Dept of Education

  Preferred",Familiarity with urban school students.,Dean Student Success and Opportunity,Dean of Student Success and Opportunity III,Dean,III,"The position summary, essential functions and implied responsibilities align with a 'Dean' major group role as they focus on overseeing programs, initiatives, or teams aimed at improving student success and opportunities in a school setting. The 'III' sub-grouping reflects a high level of responsibility and complexity, typically associated with senior leadership roles in educational settings. This classification is based on the title's implication of strategic oversight and leadership, as well as alignment with similar roles in the MNPS Roles and KSACs documents."
Dean Students MS,Assist in ensuring quality classroom management and enforcing school and district policies; Focuses on student attendance and behavior;  Shares general administrative responsibilities. ,"Master's Degree in educational administration, guidance, counseling or related field Preferred",1-3 years Teaching or leadership experience in an urban school community  Required,"Manage student supervision and enforce behavioral expectations per school and district policies.
Establish and maintain positive public relations with staff members, students, parents, and community; meet with students/parents/teachers to resolve conflicts, concerns/problems.  Provide the opportunity for students to learn from their experiences and become successful in the school environment.  Counsel students and parents about expectations, school and district policies.
Assists staff and parents in developing and communicating student behavioral expectations.
Assist in the planning, developing and implementing of individual student behavior plans.
Serve as a resource to staff in developing effective classroom management strategies.
Assist in developing programs to promote positive student behavior and intervention strategies.
Coordinate alternative education placement for students.
Confer appropriate consequences for inappropriate behavior including, but not limited to, detention, in school suspension and out of school suspension.
Review and make recommendations on proposed policies and/or changes in existing policies; implement policies as approved by the Board of Education; enforce policies and procedures and protect students‚Äô rights.
Maintain record system for area of responsibility; process daily paperwork including reports, memos, requisitions, and personnel information.
Supervise compilation of student data, including discipline and attendance.  Gather and maintain information/data to support periodic and special reports documenting activities for area of responsibility.
Attend or conduct staff, committee, PTA and other professional meetings to exchange information; attend professional classes, seminars, or conferences to improve professional skills.
Assist in monitoring and supervision of school activities and events including lunch, pep rallies, dances, open houses, athletic events, etc.","Teaching Certification/License Educator or Professional license issued by the TN Dept of Education Upon Hire Required
 Administrator license issued by the TN Dept of Education Upon Hire Required",Academic Administration | Leadership | Strategic Thinking,Dean Students MS,Dean of Students Middle School I,Dean,I,"The rposition summary, essential functions and implied responsibilities align with responsibilities typically associated with overseeing student affairs in a middle school setting. Although specific details about education, work experience, and essential functions are missing, the title suggests a leadership position focused on student management, discipline, and support. This classification is based on the functional alignment with similar roles in educational institutions, which are generally categorized under the 'Dean' group at an entry-level (I) for such positions."
Dean Students ES,Assist in ensuring quality classroom management and enforcing school and district policies; Focuses on student attendance and behavior;  Shares general administrative responsibilities. ,"Master's Degree in educational administration, guidance, counseling or related field Preferred",1-3 years Teaching or leadership experience in an urban school community  Required,"Works with administration to identify activities or conditions that would lead to an unsafe or negative environment for students; Works with teachers and administration to maintain a positive learning environment
Works with administration to identify students who are consistently off-task and helps create behavioral plans for those students.
Assists with monitoring Functional Behavioral Assessments and Behavior Intervention Plans.
Assists with discipline referrals.
Works with athletic coaches and club sponsors to reinforce positive student behavior (if applicable).
Works closely with Campus Supervisor(s) and/or other faculty and staff to maintain a positive environment in the hallways and cafeteria.","Teaching Certification/License Educator or Professional license issued by the TN Dept of Education Upon Hire Required
 Administrator license issued by the TN Dept of Education Upon Hire Required",Academic Administration | Leadership | Strategic Thinking,Dean Students ES,Dean of Students Elementary School I,Dean,I,"The position summary, essential functions and implied responsibilities align duties typically associated with overseeing student affairs, discipline, and support services.  After review of education, work experience, licenses and Knowledge, Skills and Abilities attributes, the classification is based on the assumption that the role involves leadership, coordination, and oversight functions in a school setting, which are consistent with the 'Dean' major role group. The 'I' sub-group indicates an entry-level or foundational managerial role, as no additional details were provided to suggest a higher level of complexity or responsibility."
Designer STEM Instructional Lead,"At the direction of the Department of Curriculum and Instruction, the District Lead STEM Instructional Designer builds district capacity in standards-based authentic learning through the development and facilitation of comprehensive STEM curriculum. In collaboration with the STEAM/Science department, the District Lead STEM Instructional Designer supports the goals and mission of the Curriculum Department to provide students with the knowledge, skills, and experiences they need to solve the problems of the 21st Century as they move into high school, college, and careers.",Master's Degree With five years of experience Preferred," Five years‚Äô experience of proven instructional leadership as a Dean, Assistant Principal, or Instructional Coach Experience and knowledge of STEAM curriculum, project management, adult learning theory, professional development best practices, grants, and curriculum development    Preferred","Leads development of a comprehensive STEM curriculum and the process for the evaluation, selection, and acquisition of instructional materials, supplies, equipment and other resources to support the curriculum.   Collaboratively plan, design and develop in person, online and/or hybrid courses, modules, learning objects, learning materials, asynchronous and synchronous learning activities, and other related materials to implement the STEAM mission/vision.  Included, but not limited to designing and facilitating professional development experiences with STEAM educators and partners  through to a core set of beliefs about teaching and learning, ongoing professional development, and active team membership..
Extensive knowledge of curriculum; as well as possess technical knowledge and skills  to operate current and cutting edge STEAM technology and embed into the curriculum.  Included, but not limited to analyzing data and information that show evidence of effective decision-making skills and management skills; and evidence of enthusiasm, job tolerance, initiative and strong work standards for self and others.
Builds district capacity of funded STEM grants through the facilitation of high-quality STEM programming that aligns with state education standards and district scope and sequence;
Work with the Executive Director of STEAM and Science, and other district staff to implement the STEAM program. In addition to, work with district level curriculum specialists to ensure the integration and coordination of the STEAM mission and vision and the comprehensive school reform model with the district‚Äôs program. Work with the District STEAM Department and other district staff to implement STEAM?
Coordinate instructional design projects from inception to completion, document those projects and processes, measure results, and write reports. Ensure projects meet accessibility and university design for learning standards for quality and innovation.
Active knowledge & interest in STEM learning theory and emerging approaches to STEM-focused learning, including, but not limited to, Engineering Design Process, Problem Based Learning, social networking, mobile learning, and authentic learning while maintaining progressive knowledge of the trends in instructional design, learning methodologies and learning technology solutions.
Commit to a core set of beliefs about teaching and learning, ongoing professional development, and active team membership.", Certificated teaching license in Tennessee  Required,"Strong interpersonal and leadership skills;
Ability to relate and interact positively with teachers, other staff, students, administrators, central office personnel, parents, and the public;
Ability to communicate effectively in written and oral form;
Competency in adult learning theory and the development and leadership of professional learning opportunities for instructional staff and parents",Designer STEM Instructional Lead,STEM Instructional Designer I,Designer,I,"The position summary, essential functions and implied responsibilities suggest a focus on designing and leading STEM instructional materials or programs. Based on the functional alignment with KSACs, this role fits within the 'Designer' major role group due to its specialized nature in STEM education. The 'I' sub-group is assigned as there is no indication of advanced levels or supervisory responsibilities in the provided description."
"Designer Instructional, Learning Technology","Serves as a model and coach that provides educational technology training and coordination for teachers, administrators, and school support staff to achieve instructional technology integration.  Designs and implements high quality, personalized, evidence based professional learning programs, curriculum, methods, and materials for various audiences and supports the development of school culture, professional learning, community partnerships, and instructional technology programs.",Master's Degree from an accredited institution in a related field  Preferred," Minimum 3 years successful classroom teaching experience, instructional technology degree or certification , demonstrated ability to integrate technology  Preferred","Conducts skill assessments and collects input to identify training or development needs, goals, gaps, and requirements to achieve specific outcomes related to instructional technology integration
Develops curricula supporting defined competency models or skill frameworks focused on using personalized and blended learning strategies to increase access to standards and curriculum
Consults with subject matter experts to define learning objectives and to design appropriate course content and professional learning curriculum.
Assist schools, departments, and MNPS Community in implementing instructional technology goals) through focused planning and modeling of technology and tech- centric pedagogy into teaching practices.
Participates in ongoing communication with school leadership, internal and external technology leaders to learn current trends and best practices to aid in the design of curricular materials and professional learning.
Presents professional learning on Tennessee Digital Readiness standards that supports students‚Äô acquisition of digital literacy, Computer Science and technology skills
Designs, and delivers professional learning to educators on how to integrate district provided technology tools (Schoology, Office 365, Minecraft, etc.) into instruction.
Participates in ongoing professional learning to deepen their learning in pedagogical technology integration, share findings with educators in PLCs and consultation sessions.","Teaching Certification/License with related endorsement issued by Tennessee Department of Education  Required
 Instructional Technology Training Certificate (ex. Microsoft Innovative Educator, Apple Distinguished Educator) or ability to demonstrate skills and knowledge of current technology integration in the classroom with district approved applications  Required","Written and oral communication.
Knowledge of instructional strategies.
Knowledge of technology hardware and software.
Ability to create and deliver technology training.
Advanced in Microsoft 365 (Sway, PowerPoint, Excel, Word), Proficient in creating a safe and productive environment face to face and online.","Designer Instructional, Learning Technology",Instructional Learning Technology Designer I,Designer,I,"The role focuses on designing instructional materials and leveraging learning technologies, aligning with the 'Designer' major role group. The education, work experience, licenses and Knowledge, Skills and Abilities attributes support this classification. No additional details suggest an entry-level classification within the 'I' sub-group."
Developer SQL Server,"Responsible for the analysis, design, code, testing, documentation and support of database driven solutions. This role requires the skills of an advanced SQL Server developer, and an individual who is self-motivated to learn new technologies.",Bachelor's Degree or equivalent work experience Required," 3-5 years in related IT discipline (SQL Server Development, Software Development, and Database Administration) Required","Create and maintain tables, stored procedures, views, indexes and entity relationship diagrams within the MS SQL Server development environment.
Advanced T-SQL query development.
Troubleshoot performance of database tasks, including tuning and optimization for MS SQL Server queries and SSIS packages.
Database schema design and implementation.
Review all technical deliverables with assigned technical subject matter experts and apply critical thinking. Critique architectures, technical diagrams, communicate observations, provide remedies to strengthen and improve solutions.
Strong debugging and code troubleshooting skills. Maintain technical skills, ability and passion to learn and implement new technologies.
Integrate data from various back-end databases and APIs
Provide support to internal client support team by identifying problems, researching answers, and guiding client support through corrective steps.", Microsoft certification   Preferred,"Advanced SQL Server development and data integration using advanced SSIS packages and T-SQL.
Parsing XML and JSON content stored in database tables.
Writing and modifying complex stored procedures, user defined functions, triggers, etc.
Excellent written and verbal communication.
Ability to develop and interpret SQL Server execution plans.
Ability to work in a rapidly changing environment.
Ability to multi-task and context-switch effectively between different activities and teams.
Ability to work independently with minimal guidance.
Preferred understanding of FERPA.",Developer SQL Server,SQL Server Developer I,Developer,I,"The position summary, essential functions and implied responsibilities  indicate a technical role focused on database development and management. Based on review of education, work experience, licenses and Knowledge, Skills and Abilities attributes, it is classified under the 'Developer' major role group. The minor sub-group 'I' is assigned due to the lack of specific information about experience or seniority, assuming an entry-level position."
Exec Dir HR Leadership Development,"Under the direction of the Executive Officer for Organizational Development, the primary responsibility of the Executive Director of Leadership Development is to implement a structured succession planning strategy to ensure the presence of a quality leader in every department and in every school.   The executive director oversees the design and implementation of curriculum activities to elevate leadership capacity in all leaders. ",Master's Degree  Required,10+ years Related experience  Required,"Organize and deliver curriculum content and activities to promote professional learning support in the five essential dimensions of effective leadership: School Culture through an Equity Lens; Efficiency and Productivity; Focused Instructional Leadership; Collective Accountability; and Coaching for High Performance. Align program content to district initiatives and state guidelines for administrators‚Äô evaluation.
Develop and implement professional development activities to build leadership capacity in every office and every school.
Organize Professional Development Teams for each emerging leader, including members of the team such as central services mentors, coaches, and supervisory staff. Prepare and modify agendas for each professional development team meeting.
Organize and implement activities, including agendas, venues, and guest speakers, to recruit, screen, and induct new candidates for the Principal Pipeline Initiative.
Support the coordination and implementation of the Administration and Supervision meetings for principals and central office leaders.
Conduct frequent research and update literature sources, audio-visual materials, and other resources pertinent to effective professional development activities.
Provide mentorship and access to expertise, resources, and best practices to turnaround school performance.
Coordinate with university partners to enhance and enrich curriculum offerings, support strategies, candidate assessments, etc.
Serve as a mentor and coach on professional development teams.
Collect and analyze data to measure the effectiveness of program activities, professional development sessions, and overall program implementation.
Establish frequent communication with district offices to ensure consistency of message, program alignment, and efficient and effective utilization of resources.
Collaborate with state officials to promote and monitor certification credits obtained through professional development activities.",Certified Administrative Professional (CAP)   Required,Strategic Planning | Leadership | Visionary Thinking,Exec Dir HR Leadership Development,Human Resources Leadership Development Executive Director,Executive Director,,"The position summary, essential functions and implied responsibilities align with high-level leadership responsibilities and functions with strategic oversight and development of human resources initiatives, which is consistent with the 'Executive Director' major role group given the implied scope and responsibility for resuorces is district-wide . No minor sub-group is assigned to reflect the top-tier leadership position within the organization."
Tutor,"Assists low-achieving students enrolled in schools receiving Federal Title I funds to improve academic achievement.  Meets with students on a regular basis, assesses needs of children in the program, and develops instruction to meet each child's need. ",Bachelor's Degree In Education or a related field Required,less than 1 year Related experience Required,"Assists low-achieving students in high-poverty schools receiving Federal Title I funds.
Regularly meets with students to review class material, discuss text, predict test questions, formulate ideas for papers, and develop on solutions to problems to assist low-achieving students improve academic achievement.
Collaborates with school staff and faculty to assess the needs of children and to determine how best to address those needs.
Develops lesson plans to meet the needs of individual students.
Reads aloud to students and assists students with reading; facilitates activities to improve fluency and comprehension.
Participates in educational team meetings, including development and review of progress.",,"Excellent communication skills both written and verbal, able to effectively organize and present data in a learning environment, able to consistently display professionalism and accountability, strong listening skills, excellent attention to detail, able to collaborate effectively with peers, teachers and students",Tutor,Tutor I,Tutor,I,"The position summary, essential functions and implied responsibilities align with the responsibilities of providing academic support, which fits within the 'Tutor' major role group. The lack of detailed information on education, work experience, and essential functions suggests an entry-level classification, placing it in the 'I' minor sub-group. This classification is consistent with similar roles focused on academic assistance and support."
Social Worker I LSSW,"The School Social Worker are trained mental health professionals that work collaboratively with school-level teams to address student mental health concerns, social-emotional, behavioral, and academic needs; offer classroom support and consultation, and basic subsistent needs. School Social Workers are an integral link between school, home, and community in helping student remove barriers and achieve academic success.",Master's Degree in Social Work Required," Must have a minimum of 3 years of pre-graduate or post-graduate experience working with children in a professional setting, school setting preferred, but not required; candidates who have completed a field practicum and demonstrated exceptional performance with MNPS will meet the standard for the minimum requirement","Provide counseling to individual students, student psychoeducational groups and, on occasion, families.
Provide case management/wrap-around services to students and families.
Facilitate small group and classroom lesson on a variety of topics.
Provide assessments and evaluations of students referred for services and offer professional recommendations to multidisciplinary teams (teachers, administrators, counselors nurses, special education, etc.)
Utilize the Student Management System (SMS) program to view, input and manage student data and interpret data to inform the planning and implementation of student interventions.
Provide professional development to students, teachers, parents and community members on a variety of topics, as needed.
Participate in any school-level meetings (IEP, S-Team, Threat Assessment, MTSS-B, etc.) as required to address student needs.
Schedule and make regular home visits as necessary in an effort to remove student barriers and address student and family needs.
Attend and participate in occasional after hours and weekend school-based and/or community events."," Must be licensed by the Tennessee Department of Education in School Social Work or be eligible for that license  Required
 Must hold and maintain a Certified Clinical 
Trauma Professional (CCTP) within 1 Year Required","Case management assessment and documentation abilities
Effective verbal and written communication
Ability to collaborate with internal and external partners and clients
Analytical abilities",Social Worker I LSSW,Trama Certified School Social Worker I,Social Worker,I,"Based on the position summary, essential functions and implied responsibilities, the role aligns with the 'Social Worker' major role group due to its professional nature and focus on specialized social work functions. The entry of ""Licensed by the Tennessee Department of Education in School Social Work "" in Licenses and Certifications confirm this grouping. The additional entry of ""Trauma Professional (CCTP) within 1 Year Required"" in Licenses and Certifications is a role differentiator. The 'I' sub-group indicates an entry-level position, as suggested by the absence of detailed experience or advanced responsibilities in the provided description. The classification is consistent with similar roles in the MNPS Roles and KSACs documents."
Social Worker School I,"The School Social Worker works collaboratively with local schools, parents, students, principals and others to provide services to student groups and families to assist in removing and improving barriers to academic success.",Master's Degree Applicant must possess a Master of Social Work Degree Required,1-3 years Experience working with children in a related field is Required,"Provide clinical counseling to individual students, student groups and when needed, families
Provide case management/wrap-around services to students and their families
Facilitate small group and classroom lesson on a variety of topics
Provides mental health and psychosocial assessments and evaluations of students referred and offer professional recommendations to multidisciplinary teams (schools, administrators, nurses, special education, etc.)
Utilize the Student Management System (SMS) programs to view and manage student data and to be able to interpret data to inform the planning of student interventions
Provide professional development on a variety of topics as needed
Participate in any school-level meetings (IEP, S-Team, Threat Assessment, etc.) as required to address student needs
Schedule and make regular home visits as necessary in an effort to remove student barriers and address student and family needs
Attend and participate in occasional after hours and weekend school-based and/or community events"," Must be Licensed by the Tennessee Department of Education in School Social Work or be eligible for that license  Required
LCSW- License Clinical Social Worker   Preferred",Industry-specific Knowledge | Technical Skills | Physical Stamina,Social Worker School I,School Social Worker I,Social Worker,I,"The position summary, essential functions and implied responsibilities align with the functional role of a 'Social Worker'due to its focus on providing specialized support services within a school setting. The entry of ""Licensed by the Tennessee Department of Education in School Social Work "" in Licenses and Certifications confirm this grouping. The 'I' sub-grouping indicates an entry-level position, as no advanced qualifications, extensive work experience, or supervisory responsibilities are specified in the provided description."
Dispatcher School Security,"Works to ensure students, staff, and visitors are provided security services in an efficient and timely manner. Clearly and professionally communicates with others regarding security-related issues.",High School Diploma or GED Required,"1-3 years Experience working in a call center, dispatching, and/or security Required","Provides radio and communication services for the coordination of Security personnel responding to vehicle accidents, school and/or bus incidents, vandalisms, break-ins and/or other emergencies.
Relays pertinent and timely information via two-way radio, computer-aided dispatch, cell phone, mobile display terminal, and/or email to Security personnel in a factual and concise manner.
Prepares accurate and detailed reports of all security-related communications and/or incidents handled.
Orders, issues, programs, repairs, and/or inventories two-way radios and other equipment for distribution to schools and/or departments.
Issues and/or deletes burglar alarm security codes to district facilities.  Maintains an up-to-date list of persons, companies, and/or agencies with security access to district buildings.
Clearly and professionally communicates with co-workers, school officials, Police, and other emergency responders concerning security-related matters and situations.
Reports deviations from predetermined standards to appropriate leadership.
Provides input to supervisor regarding proposed changes and improvements.","DL NUMBER - Driver License, Valid and in State  valid Tennessee driver license  Required",Must be able to read and communicate fluently in English and be proficient with Microsoft Office Suite software.,Dispatcher School Security,School Security Dispatcher I,Dispatcher,I,"The role involves coordinating and dispatching security personnel to ensure school safety. Based on the functional alignment with KSACs and the MNPS Roles document, this job fits within the Dispatcher major role group. The minor sub-group 'I' is assigned due to the absence of advanced responsibilities or supervisory duties, indicating an entry-level position."
Dispatcher Bus,"This position is responsible for assisting in a safe and efficient operation of the dispatch office. Under general supervision, this position is responsible for providing general direction to school bus drivers and monitors related to their assigned routes. These directions may include providing student information and contacting first responders in cases of emergencies. The dispatcher works with the Transportation Supervisor to ensure routes in their assigned area of responsibility are run efficiently and on time; responsible for maintaining phone as well as two-way radio logs and other records; performs a wide variety of specialized and analytical duties. Provide customer service support to drivers, monitors, supervisors and others. The successful candidate must be willing to work flexible hours including nights, weekends and split shifts. An individual in this position is expected to perform additional job-related responsibilities and duties throughout the facility as assigned and/or as needed.",High School Diploma or GED equivalent Required, Previous Dispatch or Customer Service experience Preferred,"Works with Transportation staff to orchestrate daily logistics and information flow for school bus transportation‚Äôs operational needs. Prioritizes tasks to ensure seamless transportation services to students.
Relays messages via two-way radio communications between transportation leadership and bus drivers regarding assignments, weather, traffic flow, etc.
Provides bus drivers with detailed routing directions and stops locations to ensure all stops are covered.
Masters an understanding of District‚Äôs street networks and roadway construction zones to enable optimal bus transportation services.
Inputs daily information into computer software database for driver‚Äôs attendance records; route coverage recap reports for reporting to leadership; and to record any mechanical malfunction of the fleet.
Clearly and professionally communicates with co-workers; school officials; emergency agencies; and the community about transportation-related items and situations.
Compiles and analyzes daily reports for trending process improvement purposes. Reports deviations from predetermined standards to appropriate leadership.
Provides input to supervisor regarding proposed changes and improvements.",,Basic routing skills and computer skills required.,Dispatcher Bus,Transportation Dispatcher I,Dispatcher,I,"The role involves coordinating and dispatching transportation services, which aligns with the Dispatcher major role group. The absence of advanced responsibilities or supervisory duties places it in the entry-level sub-group I."
Driver Truck,"Safely operates vehicles and assists other technicians with any assigned work.  Required to operate dump trucks, box trucks and flatbed trucks.  Maintains vehicles and equipment assigned for use on the jobs and is able to follow oral and written directions.  
",High School Diploma or GED Required, Experience driving and operating construction and/or maintenance trucks Preferred,"Operates dump trucks, box trucks, flatbed trucks and fork lifts.
Performs assigned work as required.
Organizes/prioritizes work to accomplish assigned work orders in a timely fashion.
Operates vehicles effectively and safely for each assigned job.
Maintains assigned vehicles in optimal operational condition.
Learns and applies MNPS‚Äô preferred methods and practices on a variety of tasks.
Establishes and maintains effective working relationships with others.
Follows oral and written directions and instructions.",CDL - Group B - Commercial Drivers License   Required,Defensive Driving Techniques | Spatial Awareness | Manual Dexterity,Driver Truck,Truck Driver I,Driver,I,"Theposition summary, essential functions and implied responsibilities support the 'Driver' major role group based on its functional alignment with transportation and logistics roles. The minor sub-group 'I' was assigned due to the lack of specific details indicating advanced responsibilities, certifications, or experience levels. The classification reflects the entry-level nature of the role, as no additional qualifications or specialized skills were provided in the job description."
Trainer Transportation Driver,"Plans, develops, and implements training programs for bus drivers to ensure safe driving practices which adhere to Federal, State and District transportation policies, rules, and regulations. This is a working position where driving a bus is required when staffing shortages occur.",High School Diploma Or Equivalent Required,"1-3 years Experience in pupil transportation activities, with demonstrated knowledge of state and federal pupil transportation rules and regulations  Required","Retrieves online applications for review. Contact prospective driver trainee to set up interview and participate in the interview process with the Transportation Service Support Manager.
Conducts classroom and behind-the-wheel training for new driver trainees in accordance with MNPS, State and Federal standards to prepare them for the CDL skills test and the work of an MNPS bus driver. Assists in developing and implementing of the Annual Driver Proficiency Test (ADPT). Keep training buses clean, fueled and maintained.
Develops, compiles, and maintains a variety of bus driver records, including license and certificate expirations, medical expirations, and required advanced training for the renewal of the bus driver certificate; monitors driver certification and renewal training programs.
Prepares Staff Development training materials and instructs Staff Development Coaches on how to teach safety classes to all Drivers.
Conducts retraining and maintain records of school bus drivers referred by the Transportation Safety Supervisor for additional instruction.
Serves on the Accident Review Board and maintains records pertaining to the Board‚Äôs action.
Drives a bus over a designated route in accordance with a specified time
schedule or on District routes as dictated by daily absenteeism or driver shortage.","  Must possess a valid State of TN Type B Commercial Driver‚Äôs License with evidence of good driving history, with passenger and school bus endorsement and a current CPR certification  Required","Effective written and verbal communication skills, ability to interact effectively with a diverse workforce.
Basic to intermediate knowledge of Office 365 suite and other software or application platforms, video equipment or other means that may be used in training adults.
Understanding of adult learning methods and ability to create measurably effective technical training programs.",Trainer Transportation Driver,Transportation Driver Trainer I,Trainer,I,"Based on the position summary, essential functions and implied responsibilities, this role aligns with training and development functions within the transportation domain. The 'Trainer' major role group is appropriate due to the focus on skill development and instruction. The 'I' sub-group is assigned as no additional details about advanced responsibilities or experience levels were provided."
Driver Bus,"Transports children safely to and from school, fosters and safe environment on bus; compiles and maintains accurate and current records to ensure efficient and safe operations for the Board of Education",High School Diploma graduate or equivalent Required, One (1) or more years of equivalent or directly related experience Required,"Transports children safely to and from school; fosters and maintains safe environment; drives route accurately and efficiently; observes and obeys all traffic rules and regulations; and follows and obeys all policies and procedures to ensure efficient transportation and delivery operations.  Follows assigned safety rules and inspects bus for safety items before each morning and afternoon run by following checklist.
Performs pre-trip and post-trip inspections, checking for students that might remain on board, all within accordance to Federal, State and Local guidelines.  Monitors and replaces parts when necessary and notes any damage of vehicle alterations to ensure safe vehicle operations for the School District.
Sweeps, cleans and washes vehicle; removes lost or leftover items from bus and returns to lost and found when applicable; and maintains clean and sanitary environment to ensure a healthy and safe atmosphere.
Maintains accurate and up-to-date records and route descriptions; inspects vehicle regularly and performs basic maintenance functions in order to maintain professional and safe transportation for the Board of Public Education.  Obeys Federal, State and Local rules and regulations pertaining to safe operation of school bus.
Maintains accurate and up-to-date records and route descriptions; inspects vehicle regularly and performs basic maintenance functions in order to maintain professional and safe transportation for the Board of Public Education.  Obeys Federal, State and Local rules and regulations pertaining to safe operation of school bus.
Monitors children and disciplines according to District rules and guidelines when required; meets with principals, parents and children to solve behavior problems as necessary and keeps disciplinary records current to ensure accurate records management for the Board of Public Education.
Provides principals with student disciplinary forms as needed.
Complies with Federal Department of Transportation guidelines and Board of Education policies for CDL (Commercial Driver License) holders.","DL NUMBER - Driver License, Valid and in State Valid TN Drivers‚Äô License with Passenger and School Bus endorsements  Required","Knowledge of basic mechanical maintenance for vehicles.
Must pass a yearly DOT physical and carry a DOT Medical Card.",Driver Bus,Bus Driver I,Driver,I,"The position summary, essential functions and implied responsibilities align with the 'Driver' major role group due to its primary function of operating vehicles to transport passengers safely. The entry of ""License with Passenger and School Bus endorsements "" in Licenses and Certifications further supports this major role grouping. The 'I' minor sub-group is assigned as there is no indication of advanced responsibilities, supervisory duties, or specialized certifications that would suggest a higher level. The classification is based on the functional alignment with the MNPS Roles and KSACs documents, emphasizing the core driving responsibilities."
Exec Ofcr Student Success and Opportunity,"Under the supervision of the Chief of Staff, the Executive Officer will oversee the strategy, design, and implementation of the school choice process along with all initiatives and policies related to academic and support needs within the district. The Executive Officer will promote practices and positive relationships with all communities, ensuring clarity around the school system's mission, goals, and support programs. This role will assist the Director of Schools with day-to-day challenges and serve as a liaison to external organizations, county and state governments, and other stakeholders regarding initiatives focused on student success and opportunity. The incumbent will also deliver presentations and communications on behalf of the Director of Schools, Board members, and other school officials.",Master's Degree from an accredited college or university Preferred,1-3 years Previous management experience  Required,"Assesses the academic and support needs of all student populations and evaluates school system policies, procedures, and practices affecting student groups. Provides recommendations to the Director of Schools to enhance student success and opportunity.
Establishes policies, procedures, and processes for the transparent, fair selection, and assignment of students to magnet and optional programs.
Aligns programs and initiatives that promote student success and opportunityóincluding school choiceówith the districtís strategic plan. Develops metrics for evaluating the effectiveness of these initiatives, implements an accountability system, collects data, monitors trends, and drives continuous programmatic improvements.
Collaborates with departments and school leaders to develop communication plans that highlight school choice options, including the annual school choice calendar and criteria for school selection.
Develops and delivers training for district employees on school choice options, provides specialized instruction on program procedures, and oversees the implementation and management of the districtís school choice software in collaboration with Technology Services.
Serves as a point of contact for inquiries from schools, administrators, and community members regarding programs, and directs questions to the appropriate personnel.
Acts as a liaison between the communityóincluding the business sectoróand the school system to expand outreach. Represents the Director of Schools on various committees, oversees activities designed to increase community engagement, and delivers public presentations to help families navigate and exercise their school choice options.
Provides leadership and daily supervision to assigned staff.",,"Must be highly fluent in English/Spanish (reading, speaking, writing, and listening).
Proficient in the use and application of cross-cultural communication skills.
Working knowledge of school system policies and administrative procedures.
Outstanding educational leadership skills, including the ability to analyze issues and solve problems under pressure.
Effective time management skills.
Ability to establish and maintain effective working relationships with school officials, employees, outside agencies and the general public.
Ability to use computer technology in an administrative and educational setting.",Exec Ofcr Student Success and Opportunity, Executive Officer of Student Success and Opportunity ,Executive Officer,,"The position summary, essential functions and implied responsibilities support a classification under the 'Executive Officer' major role group due to its implied high-level operational oversight responsibilities. T The statement ""Under the supervision of the Chief of Staff,"" implies that it is not the top level. Based on the hierarchical structure and the absence of detailed attributes, it is classified under the 'Executive Officer' or 'Deputy Chief' major role group with no minor sub-group, indicating the initial level within this classification. This grouping aligns with the convention of assigning 'Executive Officer' roles to top-tier leadership positions. "
Facilitator Priority School Improvement,"Assists schools in planning, implementing, monitoring and evaluating school improvement strategies by utilizing data and analyzing resources.  Provides ongoing support to help schools achieve their student performance improvement goals.",Master's Degree in education or related field of study Preferred, Experience in data analysis and/or school-level budgeting Preferred,"Advises school administration, teachers, parents, and students (a.k.a. School Improvement Team) in Priority Schools on the development and implementation of school improvement strategies and plans to improve student performance and overall school culture to ensure school‚Äôs compliance with the Local, State and Federal laws, regulations and guidelines.
Provides stakeholders with professional development relating to school improvement planning processes, including data analysis, budgeting, procurement, and evaluation, along with and local, federal and/or state regulations regarding the allocation and use of resources.
Supports the development, creation, analysis and evaluation of consolidated school budgets and expenditures to optimize the allocation of resources and to ensure compliance with Local, State and Federal laws, regulations and guidelines. Compares planned versus actual expenditures and advises school on future expenditures to optimize performance outcomes.
Assists school improvement teams in setting appropriate evaluation measures and targets for the school improvement plan by analyzing school level summative data.
Participates in departmental team meetings to establish best practices, communicate and discuss changing laws, regulations, policies, procedures, evidence-based strategies and tools to enhance school improvement.
Serves as a liaison between individual schools and various stakeholders within District leadership.
Analyzes progress reporting data compiled by schools that will be reported back to the federal and state governments.", Current Tennessee Teacher‚Äôs license  Required,Data analysis and program evaluation,Facilitator Priority School Improvement,Priority School Improvement Facilitator I,Facilitator,I,"The position summary, essential functions and implied responsibilities align with the 'Facilitator' major role group due to its focus on guiding and supporting school improvement initiatives. The minor sub-group 'I' was assigned based on the assumption that this is an entry-level position within the facilitator role, as no specific details about advanced responsibilities or hierarchical levels were provided. The classification aligns with the functional alignment of the role to facilitation tasks and improvement strategies."
Facilitator School Improvement Lead,"  Ensure the school meets federal and state requirements for compliance with Title I. Maintains required documentation for such compliance, expediting purchases and maintaining excellent recordkeeping.  Collaborates in the development and the implementation of the School Improvement Plan, the Parent Involvement Plan, and the Parent Compact. Ensures parent and community involvement, training, and communication.  Supports academic curriculum to enhance student instruction",Bachelor's Degree in Education or related field Required,1-3 years Experience with extensive involvement in the school improvement planning process Required,"Serves as a collaborative member of the leadership team to foster school improvement and facilitates the joint development of the Parent Compact and Parent Involvement Policy with school community members (including parents).
Ensures and communicates the requirements for Federal and State compliance at the local school level.
Maintains the ESEA digital binder with required Federal monitoring documentation.
Maintains and manages local school Federal account(s) to ensure accurate and efficient management of files and records through EBS reconciliation and budget alignment with the SIP.
Requisitions and receives on goods and services; completes all requirements for travel and registration; monitors the inventory of technology purchased through Federal funds; and documents and submits exception and stipend pay.
Administers, collects, and analyzes the following for school improvement planning: parent and community surveys, teacher professional development surveys, student surveys, and optional student data.
Assists in the development and the revisions of spending plans reflective of federal guidelines and research based strategies identified in the SIP.
Attends ESEA Training Sessions and other trainings necessary for successful job performance.","Teaching Certification/License issued by TDOE
  Required", Proficient in Microsoft‚Äôs Office Suite (Excel and Word).,Facilitator School Improvement Lead,School Improvement Lead Facilitator I,Facilitator,I,"The position summary, essential functions and implied responsibilities suggest a role focused on leading and facilitating school improvement initiatives. Based on the provided context and classification conventions, the role aligns with the 'Facilitator' major role group due to its emphasis on guiding and supporting improvement processes. The minor sub-group 'I' is assigned as there is no indication of higher levels of complexity or seniority in the provided description."
Facilitator Title I,"Assists schools in planning, implementing, monitoring and evaluating school improvement strategies by utilizing data and analyzing resources.  Provides ongoing support to help schools achieve their student performance improvement goals.",Bachelor's Degree in education or related field of study Required, Experience in data analysis and/or school-level budgeting Preferred,"Advises school administration, teachers, parents, and students (a.k.a. School Improvement Team) on their plan to improve student performance and overall school culture to ensure school‚Äôs compliance with the Local, State and Federal laws, regulations and guidelines.
Provides stakeholders with professional development relating to school improvement planning processes, including data analysis, budgeting, procurement, and evaluation, along with and local, federal and/or state regulations regarding the allocation and use of resources.
Supports the development, creation, analysis and evaluation of consolidated school budgets and expenditures to optimize the allocation of resources and to ensure compliance with Local, State and Federal laws, regulations and guidelines. Compares planned versus actual expenditures and advises school on future expenditures to optimize performance outcomes.
Assists school improvement teams in setting appropriate evaluation measures and targets for the school improvement plan by analyzing school level summative data.
Participates on the School Improvement Strategy Development Team to establish best practices, communicates and discusses changing laws, regulations, policies, procedures, evidence-based strategies and tools to enhance school improvement.
Serves as a liaison between individual schools and various stakeholders within District leadership.
Analyzes progress reporting data compiled by schools that will be reported back to the federal and state governments.", Current Tennessee Teacher‚Äôs license  Required,Facilitation Techniques | Communication | Adaptability,Facilitator Title I,Title I Program Facilitator I,Facilitator,I,"The position summary, essential functions and implied responsibilities suggest a role focused on facilitating Title I programs, which aligns with the functional responsibilities of a Facilitator. Based on the lack of additional details in the provided description, the role has been classified at the entry-level (I) within the Facilitator group. This classification assumes basic facilitation responsibilities and aligns with similar roles in the MNPS KSACs and Roles documents."
Foreman Shop Assistant,"The essential function of the position within the organization is to assist the Shop Foreman and perform supervisory and journeyman works in the maintenance and repair of school system equipment.  The position is responsible for communicating with shop employees to diagnose and repair routine maintenance problems; inspect, diagnose, test and supervise work to ensure accuracy and compliance.  The position works under general supervision independently developing work methods and sequences."," One year of college or vocational school education in Mechanics, Electronics, or related trade Required",1-3 years Related experience Required,"Assign and oversee work brought to shop for repair or maintenance.  Identify, diagnose, and repair malfunctions in equipment that is not clearly evident.
Maintain records of repair work performed, and scheduled maintenance.
Supervise and perform evaluations of shop employees.  Report personnel and safety incidents to Shop Foreman.
Perform major work requiring a higher degree of experience and skill than subordinates.
Assist in maintaining inventory of parts, tools, and equipment necessary to operate shop.  Order necessary items through School District procedures.  Maintain accurate records of inventory and purchase orders.
Inspect daily maintenance activities to ensure compliance with OSHA.
Perform the duties of the Shop Foreman in his/her absence.
Operate School District equipment as necessary.", Journeyman license in applicable trade  Required,Construction Techniques | Leadership | Spatial Awareness,Foreman Shop Assistant,Shop Assistant Foreman I,Foreman,I,"The position summary, essential functions and implied responsibilities align with the 'Foreman' major role group due to its supportive nature in assisting shop operations. The entry ""assist the Shop Foreman and perform supervisory and journeyman work"" suggests it is a role the should have ""Assistant"" in the job title. The minor sub-group 'I' is assigned as there is no indication of advanced responsibilities or supervisory duties. The classification is based on the assumption that the role involves entry-level assistance in shop tasks, referencing similar roles in the MNPS Roles and KSACs documents."
Foreman Shop,The essential function of the position within the organization is to supervise the maintenance and repair of School District vehicles in assigned area.,Associate's Degree or the equivalent of two years of college or vocational school education in vehicle repair and maintenance or other related field Required,4-6 years Related experience Required,"Supervises the performance of all mechanics assigned to area of responsibility, ensuring that mechanics follow School District policies.
Performs and assigns maintenance, including cleaning, routine oil changes, tire rotation, fluid changes, battery inspections, electrical system testing, and brake inspections and replacement, on vehicles to ensure that the fleet is operating properly and within safety guidelines.
Maintains the preventative maintenance schedule for every vehicle in the fleet and reports information on maintenance log sheets.
Maintains service repair orders on each vehicle.
Diagnoses vehicle problems and assigns repairs, on-site and off-site, to qualified mechanics.
Attends professional training courses to maintain knowledge of shop equipment, such as, but not limited to, brake lathe equipment, hoists, air conditioning recovery and charging equipment, electrical test equipment, and diagnostic equipment.
Maintains clean, safe working facility.
Maintains inventory of vehicle parts and equipment; orders parts from vendors; maintains records of vehicle, service, and parts warranties.
Monitors and critiques all mechanics‚Äô paperwork for accuracy, thoroughness, and productivity.","DL NUMBER - Driver License, Valid and in State of a category specific to types of vehicles to be operated and maintained  Required",Construction Techniques | Leadership | Spatial Awareness,Foreman Shop,Shop Foreman I,Foreman,I,"The position summary, essential functions and implied responsibilities suggest a supervisory role overseeing shop operations. Based on the provided job details and attributes that focus on ""maintenance"" and ""shop"", it aligns with the 'Foreman' major role group. The 'I' sub-group is assigned as a default entry-level classification due to the lack of specific information about the complexity or seniority of the role."
Instructor Project Search,"Under the direction of the administrator and in accordance with established policies and procedures, the Project SEARCH Instructor will help develop and coordinate the Project SEARCH program and provide instruction for students enrolled. The Project SEARCH Instructor delivers the employability skills curriculum and works with each intern's team to reach the goal of competitive employment.",Bachelor's Degree in related field from an accredited institution Required,1-3 years 2 years of relevant classroom experience Required,"Recruit appropriate students with disabilities for Project SEARCH program. Attend IEP meetings for possible student recruits.
Connect students to appropriate community services such as State Rehabilitation Services or local Developmental Disabilities agencies through referral and eligibility processes. Identify internship sites within the host business to identify internships that build a repertoire of marketable skills that lead to competitive, integrated employment.
Ensure that internships include measurable skills gain that is assessed according to productivity, quality, and safety benchmarks. Use VocFit and other assessment tools to evaluate intern progress, communicate with the team, and identify additional skill/task development. Facilitate regular Employment Planning Meetings with interns, families, and agency personnel to determine career interests, specific job preferences, skills, and abilities to design an individualized approach to job development.
Identify and problem solve solutions for challenges that interfere with completion of Project SEARCH and gaining and maintaining employment. Assess intern progress frequently, communicate that progress regularly to the intern‚Äôs team and make instructional and training adjustments and provide interventions for interns who are not making progress. Develop resumes/portfolios for each intern that document measurable skills gain, internship experiences, any certifications gained, recommendations, etc.
Use universal design concepts to design and implement accommodations and adaptations needed at the internship sites. Provide Project SEARCH employability skills curriculum in the classroom and reinforce in the internships to develop skills, knowledge and work habits leading to successful employment.
Continuously update the Member Portal to maintain records of staff changes, interns‚Äô internship experiences and employment outcomes including jobs gained, wages, hours worked per week, benefits taken, etc.
Actively participate in Project SEARCH Steering Committee and onsite team meetings. Coordinate and schedule onsite skills trainers to meet the support needs of the interns. Coordinate travel training (when appropriate) through public transportation or other available transit methods.
Work with the business liaison, onsite team, and job developer (external) to secure competitive, integrated employment at the host business or in the community.",Teaching Certification/License Valid TDOE Teaching license with Special Education Certification Upon Hire Required,Subject Matter Expertise | Teaching Methodologies | Adaptability,Instructor Project Search,Project Search Instructor I,Instructor,I,"The position summary, essential functions and implied responsibilities align with the 'Instructor' major role group due to its focus on teaching and training responsibilities adults using adaptive and educational technology. A primary attribute that distiguishes between the ""Teacher"" and ""Instructor"" major role group is a focus on ""adults"" and/or ""educational technology"". The minor sub-group 'I' was assigned based on the lack of additional information indicating advanced levels of responsibility or specialization. The classification aligns with the functional alignment of KSACs, emphasizing instructional and educational duties ."
Interpreter Sign Language,"The essential function of the position within the organization is to facilitate communication among hearing impaired students, their peers, teachers, and other school system personnel.  The position is responsible for interpreting, instructional activities, field trips, club meetings, assemblies, counseling sessions, and athletic competitions.  The position works independently, reporting major activities through periodic meetings.", One year of college or vocational school education in signing Required,less than 1 year Six months of related experience Required,"Provide expressive and voice interpreting for hearing impaired students in mainstream classes.
Provide tutoring or note taking services for hearing impaired students when interpreting is not needed.
Attend education team meetings, including development and review of progress on Individual Education Plan, and provide insight on success of communication strategies.
Provide interpreting for school functions outside the classroom during regularly scheduled school hours.
Serve as liaison to promote good public relations between hearing impaired, hearing peers, staff and faculty members.
Confer with regular classroom teacher and teacher of hearing impaired in order to prepare for interpreting services.
Attend in-service programs and staff meetings as directed by Principal or teach of hearing impaired to whom assigned.
Attend professional classes to improve professional skills."," Licensure by Tennessee Licensure Board for Interpreters  Required
DL NUMBER - Driver License, Valid and in State   Required",Customer Service | Interpreting Skills | Cultural Awareness,Interpreter Sign Language,Sign Language Interpreter I,Interpreter,I,"The position summary, essential functions and implied responsibilities align with the functional role of an interpreter, focusing on sign language translation services. A review of education, work experience, licenses, and essential functions suggests the role is classified at the entry-level (I) within the Interpreter major role group. This classification assumes foundational skills and knowledge in sign language interpretation, with potential for further specialization or advancement as additional details on education, experience, and certifications become available."
Interpreter Sign Language Non Licensed,Provides sign language interpretation in all school environments for students who communicate through sign language.,Bachelor's Degree  Required, Documented American Sign Language interpreting experience Required,"Provide professional and accurate sign language interpretation for designated students, both expressively and receptively, in the student‚Äôs communication mode in all school settings, including school sponsored extra-curricular activities.
Facilitate communication between students who use American Sign Language, their hearing peers, classroom teachers and other school personnel.
Provide other needed support services to designated students, attend meetings and inservices and participate as part of a student‚Äôs educational team.
Report progress and/or concerns to the student‚Äôs Case Manager.
Collect and record data of students‚Äô performances and/or behavior and complete other duties as assigned.
Follow strict codes of confidentiality.
Effectively advocate for students‚Äô communication needs across the school environment and participate in discussions with school personnel and related inservice trainings.
Exhibit flexibility to school and schedule changes and demonstrate team support and cooperation."," Must pass the EIPA written exam and obtain a minimum 3.5 score on the EIPA performance assessment or obtain RID Certification.  Required
 State of Tennessee Educational Interpreter Licensure by January 1, 2021.  Required",Professional American Sign Language interpreting skills and effective interpersonal skills.,Interpreter Sign Language Non Licensed,Sign Language Interpreter I,Interpreter,I,"The position summary, essential functions and implied responsibilities indicate a role focused on providing sign language interpretation services without requiring a professional license. Based on the absence of licensing and the likely entry-level nature of the role, it is classified under the 'Interpreter' major role group with a minor sub-group of 'I'. This classification aligns with the functional requirements of interpreting and communication support, which are foundational to the role."
Interpreter Translator Ex Ed,"Interprets and translates from one language to another for IEP meetings, eligibility meetings, assessments and all child find activities.",High School Diploma or Ged Diploma Required,  2 years of experience Required,"Interpreting IEP and eligibility meetings
Interpreting with assessment teams
Assist Department of Exceptional Education with all interpretation needs
Translating special education documents
Assist with interpretations at events through the Department of Exceptional Education
Coordinate work schedule with the EL office
Maintain and submit to coordinator weekly work logs and mileage.
Attend professional development sessions as required", Certified as Interpreter  Required,"Good interpersonal skills.
Relationship building.
Collaborative approach.",Interpreter Translator Ex Ed,Exceptional Education Translator I,Translator,I,"The role involves specialized skills in interpretation and translation, likely requiring proficiency in multiple languages and the ability to work with exceptional education (Ex Ed) students. This role aligns more with the 'Translator' major role group due to the technical and functional multi-language expertise required. The 'I' sub-group was assigned based on a review of education, work experience, licenses, and essential functions. There did not appear to be any advanced responsibilities or supervisory roles, indicating an entry-level position within this specialization."
Skilled Laborer Carpentry,"Repairs and maintains school district property.  Responsible for repairing and replacing floors, ceilings, doors, and white boards and building walls.  Works under direct supervision according to set procedures. 
",High School Diploma or GED Preferred, 2 years‚Äô applicable experience in carpentry trade Required,"Builds and repairs walls.
Repairs and replaces floor and ceiling tiles.
Repairs and replaces doors.
Replaces white boards.
Repairs furniture.
Installs bathroom stall dividers.
Performs other similar duties as necessary.","DL NUMBER - Driver License, Valid and in State  Upon Hire Required","Working knowledge of carpentry and maintenance systems
Active Listening, Learning Strategies, Troubleshooting, Equipment Selection, Repairing, Judgement and Decision Making
Time Management
Coordination",Skilled Laborer Carpentry,Carpentry Laborer I,Laborer,I,"Theposition summary, essential functions and implied responsibilities suggest a focus on carpentry work and specific experience in carpentry. Based on the functional alignment with KSACs, the role is classified under the 'Laborer' major role group. The 'I' sub-group is assigned due to the lack of explicit indicators of higher-level responsibilities or advanced qualifications."
Skilled Laborer Carpentry II,"Repairs and maintains school district property.  Responsible for repairing and replacing floors, ceilings, locks, doors, and white boards and building walls.  Works under direct supervision according to set procedures.","High School Diploma GED, or vocational training Required",1-3 years Related experience Required,"Builds and repairs walls.
Repairs and replaces floor and ceiling tiles.
Repairs and replaces doors.
Replaces white boards.
Repairs furniture.
Installs bathroom stall dividers.
Performs other similar duties as necessary.
Repairs locks, replaces locks, and performs locksmith duties.","DL NUMBER - Driver License, Valid and in State",Construction Techniques | Physical Strength | Manual Dexterity,Skilled Laborer Carpentry II,Carpentry Laborer II,Laborer,II,"The position summary, essential functions and implied responsibilities suggest a specialized role in carpentry requiring a moderate level of expertise and experience. Based on the classification framework, it aligns with the 'Laborer' major role group due to its focus on a specific trade skill. The 'II' sub-group indicates an intermediate level of proficiency and responsibility, consistent with the job's likely requirements for technical skills and hands-on experience in carpentry."
Mechanic Automotive Transmission Lead,"Diagnose, adjust, repair, or overhaul buses and trucks, or maintain and repair any type of diesel engines. Includes mechanics working primarily with automobile or marine diesel engines.",High School Diploma or GED Required," Five (5) years‚Äô applicable experience in maintaining, diagnosing and repairing gas and diesel vehicles Required","Provides leadership and supervision to other technicians.
Monitors and reviews the work of others to ensure adherence to regulations.
Conducts the inspections and performance preventative maintenance.
Repairs and replaces broken or worn parts; knowledge of automotive air conditioning systems.
Write and submit work orders.
Maintains a safe and orderly work environment.
Keeps work area free of discarded parts, coolants and lubricants to ensure a safe working area, and to adhere to OSHA and shop regulations.
Operates service trucks, wreckers, and road tests school buses.","CDL - Group A - Commercial Drivers License   Required
ASE Certified Diesel Mechanic   Required",Automotive Technology | Mechanical Skills | Spatial Awareness,Mechanic Automotive Transmission Lead,Vehicle Mechanic Lead,Mechanic,Lead,"The position summary, essential functions and implied responsibilities indicate a specialized role focused gas, diesel and marine mechanical systems. The entry of ""CDL - Group A - Commercial Drivers License   Required
ASE Certified Diesel Mechanic   Required"" in Licenses and Certifications support the major role group. The 'Lead' designation suggests a higher level of responsibility, likely involving oversight or mentorship of other mechanics. Based on the functional alignment with KSACs and the hierarchical structure, this role is classified under the 'Mechanic' major role group with a 'Lead' minor sub-group to reflect the advanced expertise and leadership responsibilities."
Liaison Family Services,"Responsibilities include welcoming visitors to the Central Office with the highest level of courtesy, responsiveness and professionalism.  Processing requests and documents while maintaining confidentiality. Handling complex inquiries and complaints in a professional and courteous manner. Collaborating with school and department staff to problem solve and seek solutions that cultivate positive experiences with MNPS in order to provide an outstanding level of customer service, and foster the district's vision to be the first choice in education.",, Five (5) years experience providing high level service in a customer service-related environment Required,"Support families and community members by providing information and services they need to be well-served by Metro Schools.
Assist families with resolving concerns at the local level before they become complaints.
Solicit information from school and district staff to address families‚Äô and community members‚Äô questions and concerns; maintain ownership through completion. Maintain objectivity and professionalism at all times.
Facilitate customer satisfaction through follow up contacts and post interaction surveys.
Use technology tools to successfully collect, research and document customer issues
Collecting and managing fees submitted.
Other administrative duties as required.",,"Proven professionalism, problem solving skills and customer relationship development required.",Liaison Family Services,Family Services Liaison I,Liaison,I,"The position summary, essential functions and implied responsibilities suggest a role focused on facilitating communication and coordination between families and services. Based on a review of education, work experience, licenses, and essential functions, the role is classified under the 'Liaison' major role group with a minor sub-group of 'I' to indicate an entry-level position. This classification aligns with the functional nature of the role as inferred from the title, which emphasizes relationship management and service facilitation."
Liaison Family Services Lead,"Will assist families in navigating services, obtaining information and resolving concerns in a call center environment and in person.  Will utilize all district tools and resources to obtain information and document all interactions while maintaining a high level of professionalism and providing outstanding customer service. Assumes training, assistance in staff development and quality assurance regarding parent outreach and other departmental services.",Bachelor's Degree  Preferred, Five years of progressively responsible experience in a family service related environment  Required,"Development and implementation of staff improvement plan
Monitoring services provided to MNPS families
Assist families with resolving concerns at the local level
Gather information from school and district staff to address family and community questions and concerns; maintain ownership through completion
Advanced ability to use technology tools
Administrative duties as required
Maintain a high level of professionalism in written and verbal communication",,"Advanced knowledge of MNPS systems to include:  Service Pro, Touchpoint and Skype for Business.
Typing speed of 60 wpm",Liaison Family Services Lead,Family Services Liaison st III,Liaison,III,"Based on position summary, essential functions and implied responsibilities, the role likely involves advanced coordination and support for family services, requiring specialized knowledge and skills. The 'III' designation suggests a higher level of responsibility, aligning with a 'Liason III' classification. Without specific details on education, work experience, and essential functions, the classification is inferred from the title and typical functional alignment with similar roles."
Librarian Non Traditional School,"Develops and implements a school library program for non-traditional schools that promotes the effective use of ideas and information while fostering creativity, communication, collaboration and critical thinking. Will maintain and manage the professional library and Teacher Resource Center at the Martin Professional Development Center.",Bachelor's Degree Education or training equivalent to a bachelor‚Äôs degree in library science Required, No prior experience but training and certification as media specialist Required,"As an instructional partner, integrates information literacy throughout the school‚Äôs curriculum
As an instructional partner, participates in curriculum design and implementation
As an instructional partner, provides professional development opportunities to promote best practices in instruction and technology integration
As an information specialist, makes resources available to students and teachers through a systematically developed and organized collection of library materials
As an information specialist, models for students and teachers strategies for locating, accessing, and evaluating information within and beyond library media center
As a program administrator, arranges for flexible scheduling of facilities to meet the needs of individuals, small and large groups for the purposes of instruction, research, recreational and academic reading
As a program administrator, prepares financial plans for the library including an annual budget
As a program administrator, maintains an updated print and digital collection
As a program administrator, pursues professional growth and learning opportunities",Teaching Certification/License As elementary media specialist  Required,Information Management | Research Skills | Adaptability,Librarian Non Traditional School,Librarian I,Librarian,I,"The position summary, essential functions and implied responsibilities align with the Librarian major role group due to its focus on specialized knowledge and skills in library management and support. The minor sub-group 'I' is assigned based on review of education, work experience, licenses and Knowledge, Skills and Abilities attributes. The assumption that this is an entry-level or foundational position, as no specific details about advanced responsibilities, certifications, or extensive experience were indicated."
Librarian District,"Develops and implements school library programs for non-traditional schools to promote the effect use of ideas and information. Collaborates with librarians across MNPS to foster creativity, communication, collaboration and critical thinking in school libraries.",Master's Degree Educational Leadership Required, Requires no prior experience but training and certification as librarian  Required,"As an instructional partner, integrates information literacy throughout the school‚Äôs curriculum and provides professional development opportunities for teachers on best practices for instruction and technology.
As an information specialist, makes resources available to students and teachers through a systematically developed and organized collection of library materials
As a program administrator, maintains an updated print and digital collection
As a program administrator, prepares financial plans for the library including an annual budget
As a program administrator, pursues professional growth and learning opportunities
Provides library services to non-zoned secondary school. Including use of public library materials and delivery.
Collaborates with secondary librarians on the use of instructional resources and electronic databases.
Provides support, informal and formal TEAM evaluations for school based librarians.", Applicant must hold a valid TN teaching license with either Librarian K-12 (073) or Lib in Sp PK-12 (473) endorsement  Required,"Demonstrates the ability to work collaboratively with team, department and stakeholders throughout the district
Excellent oral, written and presentation skills.
Demonstrates the ability to evaluate the effectiveness and impact of learning tools and digital content.",Librarian District,Librarian II,Librarian,II,"The position summary, essential functions and implied responsibilities align with the functional responsibilities of managing library services, which include organizing, maintaining, and providing access to library resources. Based on review of education, work experience, licenses, essential functions and inferred responsibilities, it fits within the 'Librarian' major role group due to its focus on a specific area of expertise. The 'II' sub-grouping is assigned as the scope and complexity provided details indicating an intermediate-level with responsibilites throught the district."
Mgr Technology User Experience,"Responsible for forming a bridge between the technology tools used in the district and consumers (including but not limited to students, teachers and staff), the user experience manager works with work groups and teams to determine and deploy an engaging and appropriate digital experience for the customer. Responsible for ensuring that technologies adopted by the department are viable and sustainable throughout the district. Directs deployments, training and tracking of mobile, interactive, online, and video conferencing throughout the district.",Bachelor's Degree in a related field Required," Minimum 5 years of experience in an educational setting as a classroom teacher, librarian, instructional designer or in a technology related role Required","Consults with internal and external departments and users to outline and support customer experiences with technology and digital services that provide optimal interactions while aligning to the goals and strategies of the district.
Conducts research and user surveys and analyzes usage and implementation data of hardware/software, UX research, and product testing.  Incorporates results into ideation, design and development processes for new and existing technologies and services.
Coordinates and conducts usability testing of hardware and software to ensure all content features are functional and work within the parameters of the current infrastructure.
Prepares and presents comprehensive reports on technology implementations at schools, and departments as well as projects within the technology services department
Serves on committees and as an advocate for the personalization of technology to meet the needs of the customer.
Performs walk-through and evaluations of technology implementations in schools and departments in conjunction with technology services teams.
Supervises individuals on team.  Schedules and assigns work, provides learning and developmental opportunities, coaches employees as necessary for enhanced performance, and completes annual performance evaluations.
Analyzes user feedback, activity, and submitted help tickets to provide continuous improvement feedback designed to enhance the user experience for deployments
Coordinates the creation of Standard Operating Procedures, Service Level Agreements and Operational Level Agreements that guide the work of Field Support Services and Enterprise Support Services.",Certified Project Management Professional (PMP)-PMI Project Management Certificate Preferred  Preferred,"Demonstrated ability to identify customer service and end user experience issues and provide continuous improvement solutions.
Basic to intermediate skills in mathematical computation for the analysis of data.
Stays current in practice by reading journals and manuals, researching and implementing best practice.
Uses proper grammar and format for specialized written and oral communication.
Ability to plan, organize and implement projects, maintain schedules, meet deadlines and apprise others of project status.",Mgr Technology User Experience,Technology User Experience Manager I,Manager,I,"A review of education, work experience, licenses, and essential functions aligns with the 'Manager' major role group due to its implied leadership and oversight responsibilities in the domain of technology user experience. The minor sub-group 'I' is assigned based on the lack of detailed information about the complexity or seniority of the role. The classification is justified by referencing the MNPS Roles document, which categorizes managerial roles based on their functional oversight and strategic impact."
Mgr Sourcing and Contracting,"This position is responsible for the coaching and supervision of the contracting staff and their related functions.  That staff and their functions are to comply with Board Policies and Procedures, District Procedures, Federal, State and local laws.  These functions include strategic sourcing, sourcing document creation, intra-departmental collaboration, coordination of evaluation committees, award justification and cost analysis, contract preparation, contract management, supplier performance, contract modifications and terminations.  All conducted through the MNPS enterprise financial/procurement system.  Conduct annual (or more frequent) performance reviews with contracting staff and lead in the development of staff goals. Monitoring attendance in the Time and Attendance system.  Provision of monthly Key Performance Indicators for management.  Coordinate staff leadership in training of School and Central Office staff involved in the procurement process.  Serving as the department point of contact when requested by the department director.",Bachelor's Degree or greater in Business or related field Required, 3 to 5 years of purchasing experience with a minimum of 1 year in management Required,"Coaches and motivates staff to excel in achieving their procurement assignments.  Creates a positive, customer service minded environment based on trust and respect while establishing accountability standards for staff.
Review, modify, and seek adoption of District Procurement Procedures that align with Board Policies from the Director, CFO, and other related offices.  Lead in the communication of these Procedures to School and Central Office staff involved in the procurement process.
Performs negotiations when a fair or reasonable price cannot be determined by adequate competition, for single/sole source procurement, or on occasions when negotiation is deemed to be in the best interest of the district. Considers cost, price, schedule, quality and other applicable terms and conditions.
Conducts appropriate management reviews and audits with suppliers. Ensures total supplier performance through the life-cycle of procured goods and services.
Serves as the customer advocate in dealings with vendors and ensures effective program management processes, cost and risk management, and commitments to customers are met. Develops recovery plans to achieve vendor performance objectives.
Identifies, qualifies and integrates suppliers, including Minority Business Enterprises (MBE), Small Business Enterprises (SBE), Woman-owned Businesses Enterprises (WBE), and Service Disabled Veterans (SDV).
Maintains a safe work environment and ensures compliance with safety objectives and policies.
Establishes and aligns performance goals of staff members and section with MNPS priorities and objectives.
Responsible for coordinating the training programs conducted by staff for School and Central Office staff involved in the procurement processes
Collects, reports, and analyzes key performance indicators (KPI) for assigned Procurement functions.  Reports fall monthly, quarterly, and annually.
Conducts the more complicated procurement tasks and/or assumes workload overflows to ensure departmental objectives are achieved.
Performs on behalf of the department director when delegated in his/her absence and performs other duties as assigned."," None are required but certifications such as Certified Procurement Manager (C.P.M.)  Preferred
 Certified Professional Public Buyer (CPPB)  Preferred
 Certified Public Procurement Officer (CPPO)   Preferred","Exceptional interpersonal skills; a collaborative style and the ability to communicate effectively at all levels.
Sound interpersonal skills used when interfacing and coordinating with MNPS personnel, clients, and suppliers.
Ability to make decisions using discretion and sound judgment while complying with policies, procedures, applicable Federal, State, and local laws.
Ability to resolve complex problems where analysis of situations, data, or potential future impact require understanding problems from a broad, long-term perspective.
Ability to effectively use all Microsoft Office products and Enterprise solutions.
Ability to respond to and negotiate significant inquiries or complaints from customers, vendors, regulatory agencies, or members of the business community.",Mgr Sourcing and Contracting,Sourcing and Contracting Manager I,Manager,I,"The position summary, essential functions and implied responsibilities suggest a managerial role focused on sourcing and contracting activities. After review of education, work experience, licenses and Knowledge, Skills and Abilities attributes, it was classified under the 'Manager' major role group and assigned a 'I' sub-group level, indicating an entry-level managerial position. This classification aligns with the functional responsibilities typically associated with sourcing and contracting management roles."
Monitor School Bus,"The purpose of the Bus Monitor position is to assist the Bus Driver with safety and student management, aboard the school bus depending on assignment in the Metro Nashville Public School System.  ",High School Diploma graduate or equivalent Required,1-3 years Equivalent or directly related experience Required,"Assist students with special needs during loading and unloading the school bus
Assist with wheelchair lift and secures wheelchairs, infant seats, and seatbelts, and other safety equipment for each student as required
Assist the Bus Driver in traffic situations
Monitors student passengers from the rear of the bus to observe all student needs
Redirect disruptive or aggressive behavior and provide comfort to the students as needed
Assist with cleanup of body fluid spills and dispose of clean up material, disinfect contaminated area as required
Assist with student referrals for disruptive behavior on the school bus
Assist Substitute bus driver with route instructions
Assist Bus Driver with maintaining the cleanliness of the school bus
Attends all scheduled professional development/cluster meetings
Must provide student safety checks to ensure all students have exited the bus after each run
Communicate professionally with parents and staff
Attend meetings with principals, parents and staff to resolve behavior concerns as needed
Completes routine checks on students during transport
Assist with maintaining required documentation, (emergency evacuations, student attendance)
Bus Monitor work assignments will be made based on district needs
Bus Monitors will be required to report to varying bus locations across the district","DL NUMBER - Driver License, Valid and in State   Required",Performance Evaluation | Observation Skills | Adaptability,Monitor School Bus,School Bus Monitor I,Monitor,I,"The role involves monitoring and ensuring the safety of students on the school bus. Based on the lack of specific education, work experience, or certifications required, and the nature of the responsibilities, it aligns with an entry-level position within the 'Monitor' major role group. The 'I' sub-grouping reflects the absence of advanced responsibilities or specialized skills."
Officer School Security,"Protects students, staff, and visitors from harm, and to prevent theft, vandalism, and destruction of school board properties and assets.",Associate's Degree In police science or criminal justice Preferred,1-3 years Applicable work experience Required,"Patrols school properties to prevent, discover, and report burglaries, trespass, vandalism, thefts, arsons, and other unlawful activities on school property, and to identify, report, and correct security violations.
Responds to calls and complaints received from burglar and fire alarm dispatchers, school personnel, and citizens regarding unsafe conditions or illegal activity on school properties.
Develops facts and makes them available in report form to supervisory personnel and appropriate agencies.
Deals effectively and maintains good relations with school personnel, students, parents, and law enforcement representatives.
Takes appropriate actions and carries out assignments intended to protect students, staff, visitors, and school properties.
Investigates unusual conditions; takes immediate action when leaks or malfunctions in plumbing, electrical, heating, or other equipment are detected to reduce danger and prevent possible damage; notifies proper persons or agencies regarding impaired equipment; and takes appropriate emergency action.
Knowledgeable and skilled in conducting searches of individuals and their possessions, including the use of hand-held and walk-thru metal detectors.
Prosecutes on behalf of the Metropolitan Board of Public Education criminal activity on school board property and testifies in court actions resulting from criminal activity committed on school board property.", Requires a valid Tennessee Drivers‚Äô License  Required,Law Enforcement Procedures | Communication | Adaptability,Officer School Security,School Security Officer I,Officer,I,The role 'Officer School Security' aligns with the 'Officer' major role group due to its focus on maintaining safety and security within a school environment. The minor sub-group 'I' is assigned as there is no indication of advanced levels of responsibility or specialization in the provided description. The classification is based on the general nature of the role and its alignment with standard security officer functions.
Officer School Security Lead,"Acts as lead for the School Security Officer division and assists the Director and Field Manager of Security.  Ensures concern for the welfare of students, staff, and MNPS visitors is maintained while performing officer duties.",High School Diploma or GED Required,1-3 years Experience within MNPS Security or related field Required,"Serves as a liaison to principals, cluster support, and campus support for School Security.
Reviews daily activity and investigative reports of security officers.
Schedules security officers to meet work demands.
Leads security officers and insures District policies and regulations are understood and followed.
Inspects security vehicles and District-issued security equipment.
Schedules school searches including K-9 searches by request and as scheduled.
Assists with quarterly evaluations of security officers‚Äô performance.  Determines whether additional training is needed and/or coaching in best practices.
Issues uniforms and equipment to security officers."," Requires valid TN driver‚Äôs license or CDL  Required
 Current Tennessee Armed Security Guard Certification is required and must be maintained  Required",Law Enforcement Procedures | Communication | Adaptability,Officer School Security Lead,School Security Officer Lead,Officer,Lead,"The role 'Officer School Security Lead' was classified under the 'Officer' major role group due to its primary focus on security and enforcement functions within a school environment. The 'Lead' minor sub-group was assigned based on the implied leadership responsibilities inherent in the title, such as overseeing security operations or coordinating with other officers. This classification aligns with the functional alignment of security roles as outlined in the MNPS Roles and KSACs documents."
Officer Discipline Hearing,Helps students transition to and from assigned schools and Alternative learning Centers. Serves as a hearing officer for student due process hearings. Provides support for identified at risk students.,Master's Degree in Educational Administration or equivalent Required, Five years of school administration experience Required,"Provides Due Process to students expelled through the Level 1 hearing process
Provides proactive student support through the informal hearing process.
Provides student support as a transition liaison for students returning to their assigned school from the ALC.
Maintain written records of the decisions from all Level I appeal hearings
Weekly follow-up with students once they are placed in the ALC
Contact parents of expelled students who are scheduled to return to school at the beginning year
Bi-weekly follow-ups with students who have transition back into their school of zone.", Certificated Administrator license  Required,Law Enforcement Procedures | Communication | Adaptability,Officer Discipline Hearing,Discipline Hearing Officer I,Officer,I,"The role 'Officer Discipline Hearing' was classified under the 'Officer' major role group due to its likely focus on overseeing and managing disciplinary hearings, which aligns with the responsibilities typically associated with officer-level roles. The minor sub-group 'I' was assigned based on the absence of detailed information suggesting higher levels of complexity or seniority. This classification was determined using the MNPS Roles and KSACs documents, which emphasize functional alignment and role responsibilities."
Para Pro PreK Gen Ed,"Works directly with a classroom teacher to assist with the implementation of supports and services. Collaborate with teachers and students in a variety of tasks related to academics, behavior and physical logistics.  Coaches and encourage students to actively engage in the process of learning and becoming more independent.

Incumbents may be assigned to work with 1 to 2 specific students. If that student/s move to a different school, the Para-Pro will be offered the opportunity to move with that student/s. Should the opportunity be declined, continued employment at the current school will be based on business need.",Associate's Degree in applicable field of study or 48 hours of college credit hours from an accredited college or university or successful completion of Praxis certification Required, Prior experience working with children Preferred,"Provides small group instruction under the guidance and supervision of certificated personnel.
Facilitates and models appropriate social interactions and behaviors among students.
Assists in the personal care of students such as feeding, diapering, lifting, etc.
Monitors, collects and records students‚Äô behavioral and/or academic performance as directed by the teacher.
Actively engages with and consistently supervises all students throughout the day, e.g. playground, field trip, school and classroom settings.
Supervises and engages with students during arrival, dismissal, lunch, and/or other activities designated by the teacher or administrator. May assist and facilitate classroom and lesson preparation.
Implements students IEPs, functional behavioral assessments, safety plans, and/or behavior intervention plans.
Attends and actively participates in professional development opportunities to enhance skills and understanding of special populations, may include training for proper restraint procedures, social and emotional learning best practices and literacy.
Maintains professionalism and confidentiality. Models respectful behavior towards students, peers and supervisors.", Praxis certification  Required,Education Laws and Regulations | Communication | Adaptability,Para Pro PreK Gen Ed,PreK General Education Assistant I,Assistant,I,"The role 'Para Pro PreK Gen Ed' aligns with the Assistant major role group due to its supportive nature in educational settings. The lack of detailed information on education, work experience, and essential functions suggests an entry-level position, justifying the 'I' sub-group classification. The title was updated to reflect the function (PreK General Education) and role (Assistant) in a standardized format."
Para Pro Ex Ed PreK Self Contained,"Works directly with a classroom teacher to assist with the implementation of supports and services provided in a self-contained setting. Collaborate with teachers and students in a variety of tasks related to academics, behavior and physical logistics.  Coaches and encourage students to actively engage in the process of learning and becoming more independent.

Incumbents may be assigned to work with 1 to 2 specific students. If that student/s move to a different school, the Para-Pro will be offered the opportunity to move with that student/s. Should the opportunity be declined, continued employment at the current school will be based on business need.",Associate's Degree in applicable field of study or 48 hours of college credit hours from an accredited college or university or successful completion of Praxis certification Required, Prior experience working with children Preferred,"Provides small group instruction under the guidance and supervision of certificated personnel.
Facilitates and models appropriate social interactions and behaviors among students.
Assists in the personal care of students such as feeding, diapering, lifting, etc.
Monitors, collects and records students‚Äô behavioral and/or academic performance as directed by the teacher.
Actively engages with and consistently supervises all students throughout the day, e.g. playground, field trip, school and classroom settings.
Supervises and engages with students during arrival, dismissal, lunch, and/or other activities designated by the teacher or administrator. May assist and facilitate classroom and lesson preparation.
Implements students IEPs, functional behavioral assessments, safety plans, and/or behavior intervention plans.
Attends and actively participates in professional development opportunities to enhance skills and understanding of special populations, may include training for proper restraint procedures, social and emotional learning best practices and literacy.
Maintains professionalism and confidentiality. Models respectful behavior towards students, peers and supervisors.", Praxis certification  Required,"Proficient in basic computer skills including Microsoft Office Suite.
Demonstrates professionalism and a positive attitude.
Able to maintain confidentiality.
Able to operate a mechanic lift.",Para Pro Ex Ed PreK Self Contained,Exceptional Education PreK Paraprofessional I,Paraprofessional,I,"The job title 'Para Pro Ex Ed PreK Self Contained' indicates a paraprofessional role supporting exceptional education in a PreK self-contained classroom. Based on the functional alignment with MNPS KSACs, this role fits within the 'Paraprofessional' major role group due to its supportive nature in assisting educators and students. The minor sub-group 'I' is assigned as it likely represents an entry-level position without further details on advanced responsibilities or levels."
Partner School Budget Strategy,"The Partner ‚Äì School Budget Strategy provides strategic planning and resource-use support to school leaders across all sources of funding (federal, state, local, grant, etc.).  The Partner ‚Äì School Budget Strategy will determine what is compliant and will support the principal and district leadership with identifying the most effective ways to use staff, time, and money to achieve the school leader's strategic plan‚Äîanchored in the School Improvement Plan‚Äîfor both short term and long-term student priorities and outcomes.","Bachelor's Degree In education, finance, or related field of study Required",1-3 years Experience in data analysis and/or school-level budgeting Preferred,"Guide Strategic Use of Resources: Supports and guides strategic use of resources (federal ‚Äì Title I/ESEA/ESSA, state, local, grant, etc.) to meet the educational need of the students, improve student achievement, and align budgetary items to the goals outlined in the School Improvement Plan (SIP) and district initiatives. Compares planned versus actual expenditures and advises school on future expenditures to optimize performance outcomes.
Continuous Improvement: Assists School Improvement Team in analyzing relevant continuous improvement data (inputs, outputs, outcomes) in order to assess year-to-date results and evaluate return on investment. Provides supports to the School Improvement Team and SIT lead to establish best practices, communicate and discusses changing laws, regulations, policies, procedures, evidence-based strategies, aligns funding and resource recommendation to the SIP, and tools to enhance school improvement. Anchors continuous improvement, roles, responsibilities, and key behaviors in the Support Hub Leadership Framework.
Serve as the Point of Contact for Schools: Serves as the budget point of contact (‚Äúgo to person‚Äù) for a cohort of schools. Successfully and proactively establishes and maintains a strong, positive working relationship with school leaders, School Improvement Team, SIT lead, Executive Directors, and other appropriate district office staff.
Compliance: Advises Executive Directors, school administration, teachers, parents, and students by liaising with the School Improvement Team on their School Improvement Plan to improve student performance and overall school culture to ensure school‚Äôs compliance with the local, state and federal laws, regulations, and guidelines.
Serve as a Liaison: Serves as the primary budget liaison between individual schools and various stakeholders within district leadership to ensure implementation of district strategies and best practices in schools. Serves as main point of contact to senior leadership regarding the crossroads between academic investments, operational impact, and school improvement.
Elevate Trends and Barriers: Elevates trends and barriers from the school leader continuous improvement process to senior leadership in order to inform the design/adaptation of district strategies.
Differentiate Support: Differentiates support for school leaders based on their individual leadership needs, school context, and data. Provides stakeholders with professional development relating to school improvement planning processes, including data analysis, budgeting, procurement, and evaluation, along with local, federal and/or state regulations regarding the allocation and use of resources. Assists school improvement teams in setting appropriate evaluation measures and targets for the school improvement plan by analyzing school level summative data.
Grant Programs: Formulates, implements, and coordinates grant programs. Braids grant funds with local funds to achieve the most optimal outcomes.
Prepare Applications/ Budgets/ Reports: Analyzes progress reporting data compiled by schools that will be reported back to the federal and state governments.
Technical Assistance: Provides technical assistance with Allovue.",,"Individual who is highly organized, detail oriented and process-driven professional with above average interpersonal skills;
Possesses effective oral and written communications and problem solving/analytical skills;
Models discretion, strong sense of integrity, trust and accountability;
Exhibits ability to manage projects and maintain timelines;
And displays ability to work cross-functionally and interact effectively with all levels of the organization.
Demonstrated ability to collaborate and create plans which satisfy the needs of various stakeholders.",Partner School Budget Strategy,Budget Strategy Specialist I,Budget Partner,I,"The position summary, essential functions and implied responsibilities suggest a focus on financial planning and strategy, likely involving collaboration with schools. Based on the provided context and review of education, work experience, licenses and Knowledge, Skills and Abilities  attributes, the role aligns with the 'Budget Partner' major role group due to its likely specialized nature in budget strategy. The 'I' sub-group is assigned as there is no indication of advanced experience or seniority."
Principal Non Traditional School,"Supervises staff and oversees direct operation of the assigned school.  Responsible for staff supervision, instructional and extra-curricular programs, budget, discipline, student safety, student/personnel data, public relations, technology systems, facilities, supplies and equipment, and reporting.  Develops and implements programs within organizational policies; reports major activities to executive level administrators through conferences and reports. Attends or conducts staff, professional meetings to exchange information; attends professional classes, seminars, or conferences to improve professional skills.

",Master's Degree from an accredited institution in related field Required, 5 full years of certificated experience (inclusive of 2 years of leadership experience as an Assistant Principal or comparable experience leading adults ‚Äì Central Office and other leadership considered) Required,"Supervises staff, including selecting or recommending selection, training, assigning, and evaluating work, counseling, disciplining, and terminating or recommending termination.
Provides leadership to create an environment that fosters the love for learning, active student engagement, and consistent improvement in academic achievement. Provides leadership in planning, developing, implementing, and evaluating instructional programs and activities.
Provides leadership in planning, developing, implementing, and evaluating instructional programs; supervises school financial and business matters.
Provides stewardship of the instructional program by facilitating, and/or actively leading the appropriate professional learning communities at the school while ensuring the effective implementation of required curriculum including National, State and Local Standards of Practice for areas of responsibility.
Creates a culture of collaboration and shared accountability where people are valued, supported, and personally invested in professional growth. Ensures the creation of a safe and orderly environment by implementing policies approved by the Board of Education and district safety procedures and protocols; enforces policies and procedures for student discipline and protects students‚Äô rights; coordinates safety inspections and safety evacuation drills according to established laws and protocols.
Gathers and maintains information/data to support periodic and special reports documenting activities for area of responsibility. Maintains record system for area of responsibility; process daily paperwork including reports, memos, requisitions, and personnel information. Supervises compilation of student data, including report cards, transcripts, and attendance.
Utilizes effective communication skills to establish and maintain positive relationships with staff members, students, parents, and community. Attends or conducts staff, and other professional meetings to exchange information; attends professional classes, seminars, or conferences to improve professional skills.
Serves as mentor to selected Principals in the district to support their growth and capacity as both instructional and school leaders.", TN Certificated Administrative License  Required,"Flexibility to assist in multiple schools during the year in either an administrator or teaching role.
Promotes a culture of quality and high performance by communicating expectations and procedures in a clear and concise manner.
Provides adequate and timely information to staff, students, and parents regarding school operations and special circumstances.
Demonstrates ability to establish positive relationships with all stakeholders by employing effective interpersonal communication skills.
Demonstrates effective public speaking skills.
Addresses complex and unusual situations in a calm, composed, and logical manner.
Takes initiative, ingenuity, and creativity to address persisting or sudden problems hindering the effective operation of the school.
Analyzes the impact and ramifications of decisions made.
Effectively determines how decisions can affect units in the organization, citizens; student or staff safety, property damage and other legal liabilities.",Principal Non Traditional School,Principal Non-Traditional School I,Principal,I,"The position summary, essential functions and implied responsibilities align with the 'Principal' major role group due to its leadership responsibilities, oversight of school operations, and strategic decision-making. This is further supported after review of education, work experience, licenses and Knowledge, Skills and Abilities attributes as language was noted about ""ILL, ""Administrative License"" or ""Educational Leaderhip"". The 'I' minor sub-group is assigned as the job description lacks specific details on hierarchical levels or complexity, suggesting an entry-level managerial role within this classification."
Intern School Psychology,"Interns are to be exposed to and, to the extent possible, actively participate in a variety of critical and typical experiences of a school psychologist. The purpose is to gain independence in the areas of assessment, evaluation, consultation, intervention, decision making, and supports available to students in both general and special education in accordance of NASP's Professional standards and MNPS SOP for school psychologists.", Completion of school psychology graduate-level course requirements before beginning internship Required," Successful completion of practica and recommendation from the university, indicating the intern's readiness for a school-based internship Required","Adhering to NASP's professional standards and ethics at all times during the internship
Maintaining a daily log documenting dates/times worked and activities identified. These are shared with the intern supervisor weekly and other appropriate stakeholders.
Participation in supervisory sessions and college-based internship meetings
Participation/facilitation of IEP team meetings supporting team members that result in meeting the needs of students while also following state/federal and local guidelines.
Student Support Team and data meeting participation. Demonstration of data-based decision making and using the data to support stakeholder's decision-making.
Consultation with parents, school staff, and colleagues to meet the needs of students and the school.
Provision of school-based interventions such as group and individual counseling
Attend school psychology division in-services, training and staff meetings
Understanding and participation across all MTSS tiers to support both academic and behavior.
Competency with a variety of assessment tools that span domains of cognition, achievement, observation, social, emotional, and behavior regarding TN DOE standards for Educational Disabilities.
The verbal and written expression of academic, psychological, social, behavioral, and psychometric data in a manner that a variety of persons (e.g., parents, administrators, teachers, school psychologists, and other stakeholders) can understand to make decisions in the best interest of students.", Passing a background check  Required,"Graduate level preparation in the areas of current assessment, evaluation, consultation, MTSS, and report writing based on NASP's standard for the preparation of school psychologists.",Intern School Psychology,School Psychology Intern I,Intern,I,"The position summary, essential functions and implied responsibilities align with 'Intern' due to its entry-level nature, typically involving supervised training and practical experience in school psychology. The minor sub-group 'I' is assigned as it represents the initial stage of the internship. The classification aligns with the functional alignment of the role, which focuses on gaining foundational knowledge and skills in school psychology under supervision."
Psychologist School Team,"MNPS school psychologists are members of school teams that promote prevention and early intervention through multi-tiered systems of support.  Their unique training makes them qualified to support schools in systems change, data based decision making and effective practices in the areas of academics, social-emotional learning and behavior.  They have a strong skill set in collaboration with families, teachers, school administrators, and other professionals to create safe, healthy, and supportive learning environments that strengthen connections between home, school, and the community.
",,,"Strong understanding of Multi-Tiered System of Supports (MTSS) for the purpose of interpreting the data, supporting equitable access to core instruction, aligning increasingly intensive interventions to a student‚Äôs individual need(s) and determining eligibility for exceptional educational services using the state of TN criteria.
Coordinate, facilitate and support school staff with the implementation of MTSS ensuring effective practices to assist students who experience academic, social and emotional difficulties.
Collaborate with other specialists (e.g., literacy specialists, behavioral analysts, occupational and physical therapists, counselors, speech-language pathologist, etc.) for the purpose of creating and delivering effective, evidence based supports to students.
Administer assessments for the purpose of measuring the cognitive, academic, adaptive, social and emotional development of students and/or determining eligibility for services in compliance with regulatory requirements.
Collaborate with other staff with aligning academic, social-emotional and behavioral interventions as well as supporting teams with continuous monitoring systems.
Compiles information from a variety of sources (i.e., administrators, teachers, nurses, parents, teachers, SLP) for the purpose of producing a comprehensive evaluation or screening report in compliance with established guidelines.
Collaborate and support families so they better understand their children‚Äôs learning and mental health needs.
Consult and collaborate with principals, teachers, and support personnel relative to specific educational and adjustment concerns, analysis and interventions.
Partner with families, teachers, school administrators, and other professionals to create safe, healthy, and supportive learning environments that strengthen connections between home, school, and the community.
Provide culturally responsive services to students and families from diverse backgrounds.
Participate in meetings, workshops and seminars as assigned for the purpose of conveying and/or gathering information required to perform functions.
Promote and support school-wide practices that ensure the safety of all students by reducing school violence, bullying and harassment.
Consult and support school teams for the purpose of creating smooth transitions to and from school and community learning environments, such as residential treatment centers or Alternative Learning Centers (ALCs).
Assist with crisis prevention and intervention services.","Licensed Psychologist  Upon Hire Required
 TDOE Upon Hire Required",Psychology | Counseling Techniques | Empathy,Psychologist School Team,School Psychologist I,Pyschologist,I,"The position summary, essential functions and implied responsibilities aligns with the ""Psychologist"" major role group due to its focus on providing specialized psychological services within the school environment. The minor sub-group 'I' is assigned based on the assumption that this is an entry-level position, review of education, work experience, licenses and Knowledge, Skills and Abilities attributes. The classification is consistent with the functional alignment of similar roles in the MNPS KSACs document, which emphasizes psychological expertise and support for student well-being."
Registrar English Learner,"Works with newly arriving Non-English Language Background to ensure proper documentation, registration, initial language assessment data, and placement of EL students.  Completes registration and enrollment of NELB and EL (English Learner) students by meeting with multilingual parents. Communicates in home language parent/guardian notification of child's eligibility for EL Services and their right to accept or decline. ",High School Diploma or GED Required,0,"Manages and verifies general registration and Non-English Language Background (NELB) student documents relating to registration.
Creates and manages login information for the initial language assessment of the student before language assessment.
Interview family for home language and education background specific to NELB students and families
Determine eligibility for SIFE program
Input NELB and EL assessment information in student management system
Create transportation tickets for students requiring special transportation
Communicates in home language parent/guardian notification of child‚Äôs eligibility for EL Services and their right to accept or decline.
Create students‚Äô Non-English Language Background folder to be sent to school for cumulative records.
Assists with interpreting oral and translating written communication for District staff and parents/guardians; may attend meetings, parent/guardian-teacher conferences, etc. in this capacity.
Assists with clerical duties.",,"Bilingual, read and write in English and second language (Spanish preferred)",Registrar English Learner,English Learner Registrar I,Registrar,I,"The position summary, essential functions and implied responsibilities indicate a role focused on managing and maintaining records for English Learner students. Based on the functional alignment with KSACs, this role falls under the 'Registrar' major role group due to its emphasis on record-keeping and administrative responsibilities. After review of education, work experience, licenses and Knowledge, Skills and Abilities attributes, the 'I' sub-grouping is assigned as there is no indication of advanced complexity or supervisory responsibilities in the provided description."
Secretary,"Provide high-level administrative support by handling information requests, performing clerical, administrative and communication support.  Facilitate efficient department operations by assisting leadership and team members with planning and implementing efforts and functions within the District. Apply advanced administrative skills to assist in the management of time and in the handling of administrative detail to be more effective and efficient in action.  Possesses a mastery of office administrative skills, demonstrates the ability to assume responsibility and judgment and makes decisions within the scope of assigned authority.
",Bachelor's Degree  Required, Experience working with and for multiple projects/people Required,"Provide high-level administrative support by handling information requests, researching and resolving issues, preparing statistical reports, and performing multiple clerical functions.
Composes correspondence concerning routine matters, keeping supervisor informed of such; organizes and updates filing; maintains and organizes office supply inventory; records and maintains agenda for department‚Äôs meetings.
Screens and directs calls and visitors; answers questions as appropriate in order to relieve supervisor of details; may listen, advise and communicate with school personal and parents on a regular basis regarding school health policy and guidelines.
May secure venues and posts PD events on network; may lead the set up and take down of rooms in the locations for district-wide meetings and PD; may maintain accurate attendance, certificate completion and evaluation tracking of PD.  May send completion certificates to school.
Maintains scheduling and event calendars. Schedules and confirms appointments for clients, customers, or supervisor. Makes necessary arrangements for conferences.
Manages purchasing, bidding and requisitioning functions routinely gathering and ordering materials necessary.
Completes various detailed reports for Local, State and Federal Government offices and provides departmental data to various stakeholders.
Follows up on work in process to ensure timely reply or action; Performs various office tasks; assists co-workers as required to ensure efficient office management.",,"Ability to prioritize; excellent written and speaking communications skills.
High level of accuracy in written documents, fluency across online platforms and applications, including MS Office, Adobe, Microsoft Excel.",Secretary,Secretary I,Secretary,I,"The position summary, essential functions and implied responsibilities align with the functional responsibilities of an entry-level administrative support position. After review of education, work experience, licenses and Knowledge, Skills and Abilities attributes, it is classified as 'Secretary I' under the 'Secretary' major role group and 'I' minor sub-group to reflect its likely foundational nature. This classification assumes administrative duties more advanced in nature such as scheduling, correspondence, and clerical tasks, which are typical for this role.  This role aligns with MNPS KSACs for both ""Secretary"" and ""Administrative Assistant"". The functional attributes described suggest a higher degree of problem-solving and task management which differentiates ""Secretary"" over ""Administrative Assistant""."
Social Worker I LSSW,"The School Social Worker are trained mental health professionals that work collaboratively with school-level teams to address student mental health concerns, social-emotional, behavioral, and academic needs; offer classroom support and consultation, and basic subsistent needs. School Social Workers are an integral link between school, home, and community in helping student remove barriers and achieve academic success.",Master's Degree in Social Work Required," Must have a minimum of 3 years of pre-graduate or post-graduate experience working with children in a professional setting, school setting preferred, but not required; candidates who have completed a field practicum and demonstrated exceptional performance with MNPS will meet the standard for the minimum requirement","Provide counseling to individual students, student psychoeducational groups and, on occasion, families.
Provide case management/wrap-around services to students and families.
Facilitate small group and classroom lesson on a variety of topics.
Provide assessments and evaluations of students referred for services and offer professional recommendations to multidisciplinary teams (teachers, administrators, counselors nurses, special education, etc.)
Utilize the Student Management System (SMS) program to view, input and manage student data and interpret data to inform the planning and implementation of student interventions.
Provide professional development to students, teachers, parents and community members on a variety of topics, as needed.
Participate in any school-level meetings (IEP, S-Team, Threat Assessment, MTSS-B, etc.) as required to address student needs.
Schedule and make regular home visits as necessary in an effort to remove student barriers and address student and family needs.
Attend and participate in occasional after hours and weekend school-based and/or community events."," Must be licensed by the Tennessee Department of Education in School Social Work or be eligible for that license  Required
 Must hold and maintain a Certified Clinical 
Trauma Professional (CCTP) within 1 Year Required","Case management assessment and documentation abilities
Effective verbal and written communication
Ability to collaborate with internal and external partners and clients
Analytical abilities",Social Worker I LSSW,Social Worker I,Social Worker,I,"The position summary, essential functions and implied responsibilities align with the ""Social Worker"" major role group due to its focus on providing specialized support services in areas of address student mental health, social-emotional, behavioral, and academic needs. This is further substantiated after review of education, work experience, licenses and Knowledge, Skills and Abilities attributes which describe ""Degree in Social Work"" and/or ""License in Social Work"". The 'I' sub-group indicates no additional qualifications or advanced responsibilities are specified in the provided description. The classification is based on the assumption that the role involves foundational social work functions, consistent with similar roles in the MNPS KSACs and reference documents."
Bindery Operator,"Maintains and operates the machines that bind books, magazines, and advertising publications.",High School Diploma,"4-6 years Experience operating and troubleshooting mail meter, inkjet, and inserting equipment
7-9 years Experience working in a commercial printing environment","Reads work orders and sets-up equipment according to project specifications.
Tracks work through job specific forms.
Checks machines before and after each project for possible defects.
Cleans machines prior to being used on new projects.
Performs regularly scheduled maintenance checks on all equipment.
Improves quality bindery results by implementing bindery process-improvement changes.
Controls bindery costs by conserving use of equipment and supplies.
Maintains safe and healthy bindery environment by following organization standards and legal regulations.
Improves bindery job knowledge by attending training sessions; reading technical publications.
Contributes to bindery and organization success by welcoming related, different, and new requests; helping others accomplish job results.",,"Saddle Stitch Setup High
Collation Machine Adjustment High
Trim Margin Inspection Medium
Bindery Troubleshooting Medium",Bindery Operator,Bindery Operator I,Operator,I,"The position summary, essential functions and implied responsibilities align with the 'Operator't major role group due to its focus on technical and operational tasks within a specific domain. A review of education, work experience, licenses and Knowledge, Skills and Abilities attributes, suggests an entry-level classification, placing it in the 'I' minor sub-group. This classification is consistent with similar roles requiring specialized skills in equipment operation and production processes."
Data Center Operator,"Ensure that mainframes and large computers are functioning efficiently in a data center organization. Their job is to ensure that network servers are running well, and need to escalate issues centers face to data center managers.",,"1-3 years experience providing tier-1 technical support in a data operations environment.
4-6 years experience providing tier-1 technical support in a data operations environment.","Keeps data center equipment operating by following operating instructions and established procedures; troubleshooting breakdowns; maintaining supplies; performing preventive maintenance; calling for repairs.
Provides data services by operating a mainframe computer, including cartridge and tape drives, automated library, impact and high-speed printers.
Maintains operating system environment by monitoring master console.
Maintains high-speed printer and cartridge drive performance by identifying and resolving problems; notifying vendors for assistance.
Forwards information by distributing production and test reports.
Maintains performance management records by recording production abends and hardware failures.
Maintains data center supplies by requesting scratch tapes.
Protects data center information by sending tapes to off-site facility.
Protects organization value by keeping information confidential; cautioning others regarding potential breaches.
Improves data center job knowledge by attending training sessions; reading technical publications.
Contributes to data center and organization success by welcoming related, different, and new requests; helping others accomplish job results.",Accredited Tier Specialist,"Equipment Monitoring High
Shift Report Logging High
Hardware Replacement Medium
Sensor Alert Response Medium
Infrastructure Checklists Low",Data Center Operator,Data Center Operator I,Operator,I,"The position summary, essential functions and implied responsibilities align with the 'Operator' major role group due to its technical nature and focus on operational tasks within a data center environment. The minor sub-group 'I' is assigned based on the assumption that this is an entry-level position, as no specific details about advanced responsibilities, education, work experience, licenses and Knowledge, Skills and Abilities attributes were indicated in the description."
Pathologist Speech Language Interim,"SLP interim holds a master's degree and is pending TDOE licensure.  The SLP interim will provide therapy, assessment, and consultation services for the assigned workload under the supervision of a mentor SLP who holds a Professional School Service Provider license. This is a temporary role that will end as soon as the speech pathologist is licensed by TDOE.","Master's Degree of Speech Pathology, Communication Disorders, or related field Required",,"Ongoing collaboration with mentor to discuss, strategize, and plan all aspects of the assigned workload.
Plan and provide appropriate therapy services with students consistent with speech, language, and/or communication goals contained in Individual Education Programs (IEP).
Conduct evaluations to assess students with suspected speech and/or language disorders to determine eligibility for services within the TDOE Framework guidelines.
Collaborate and consult with educational stakeholders to plan, implement, and/or coach interventions to improve communication skills of students at assigned school/s.
Communicate student performance/progress with educational stakeholders by synthesizing performance data into individualized student progress reports following the district reporting calendar.
Create, maintain and file/upload all educational documents to maintain TDOE special education compliance.
Participate in all professional development (CEU events, district in-service, trainings, new hire academy, and/or staff meetings) activities to improve skills related to educational based speech pathology services.
Comply with all MNPS district as well as assigned workload schools routines, regulations and policies.
Participate in supervisory case management sessions."," Application for PSSP to TDOE documented  Required
SLP  - Speech Language Practitioner National SLP Examination Passed  Required",,Pathologist Speech Language Interim,Speech Language Pathologist Specialist I,Pathologist,I,"Based on position summary, essential functions and implied responsibilities, this role aligns with the 'Pathologist' major role group due to its focus on a specialized field (Speech Language Pathology). The 'I' sub-grouping is assigned as review of education, work experience, licenses and Knowledge, Skills and Abilities attributes indicate an entry-level or initial classification."
Psychologist School Interim,"Interim school psychologist's role is offered when a candidate has completed their school psychology programming/internship or is transferring from out of state.  This is a temporary role that will end as soon as the school psychologist is fully licensed by the state of TN. During this time, the interim school psychologist will conduct the range of services and supports provided by a school psychologist but supervised by a lead school psychologist until fully licensed. Interim school psychologists are members of school teams that promote prevention and early intervention through multi-tiered systems of support. Their unique training makes them qualified to support schools in systems change, data-based decision making, and effective practices in the areas of academics, social-emotional learning and behavior. They have a strong skill set in collaboration with families, teachers, school administrators, and other professionals to create safe, healthy, and supportive learning environments that strengthen connections between home, school, and the community.  During the interim period, all activities will be supervised by a lead school psychologist.",Master's Degree in school psychology or related field Required,0,"Strong understanding of Multi-Tiered System of Supports (MTSS) for the purpose of interpreting the data, supporting equitable access to core instruction, aligning increasingly intensive interventions to a student‚Äôs individual need(s) and determining eligibility for exceptional educational services using the state of TN criteria.
Coordinate, facilitate and support school staff with the implementation of MTSS ensuring effective practices to assist students who experience academic, social and emotional difficulties.
Collaborate with other specialists (e.g., literacy specialists, behavioral analysts, occupational and physical therapists, counselors, speech-language pathologist, etc.) for the purpose of creating and delivering effective, evidence-based support to students.
Administer assessments for the purpose of measuring the cognitive, academic, adaptive, social and emotional development of students and/or determining eligibility for services in compliance with regulatory requirements.
Collaborate with other staff with aligning academic, social-emotional and behavioral interventions as well as supporting teams with continuous monitoring systems.
Compiles information from a variety of sources (i.e., administrators, teachers, nurses, parents, teachers, SLP) for the purpose of producing a comprehensive evaluation or screening report in compliance with established guidelines.
Collaborate and support families so they better understand their children‚Äôs learning and mental health needs.
Consult and collaborate with principals, teachers, and support personnel relative to specific educational and adjustment concerns, analysis and interventions.
Partner with families, teachers, school administrators, and other professionals to create safe, healthy, and supportive learning environments that strengthen connections between home, school, and the community.
Provide culturally responsive services to students and families from diverse backgrounds
Participate in meetings, workshops and seminars as assigned for the purpose of conveying and/or gathering information required to perform functions.
Promote and support school-wide practices that ensure the safety of all students by reducing school violence, bullying and harassment.
Consult and support school teams for the purpose of creating smooth transitions to and from school and community learning environments, such as residential treatment centers or Alternative Learning Centers (ALCs).
Assist with crisis prevention and intervention services"," Application for Licensed School Psychology, TDOE, documented  Required","Effective communication and counseling skills.
Strong understanding of state education policies and regulations.
Good working knowledge of mental health and the treatment of affective and behavioral disorders.
Good working knowledge of principles, methods, and procedures for diagnosis and treatment.",Psychologist School Interim,School Psychologist I,Psychologist,I,"The position summary, essential functions and implied responsibilities suggest functional responsibilities of a school psychologist, which typically involves providing psychological services, assessments, and interventions for students. Based on a review of education, work experience, licenses and Knowledge, Skills and Abilities attributes, the role is classified under the 'Psychologist' major role group due to its specialized nature in psychology and education. The 'I' sub-grouping is assigned as it appears to represent an entry-level or interim position without additional details indicating higher complexity or seniority."
Receptionist,,,,"The primary responsibility of the receptionist is to act as the facility's receptionist and be the primary access point for visitors, guests, etc. Duties span from answering phones, to providing clerical assistance, managing office equipment/supplies and assisting with the accounts payable processing.
Greeting and assisting visitors, residents, family members, sales representatives, etc. and giving directions/information.
Answering phone calls, taking messages and deliver messages.
Sorting incoming mail and process outgoing mail.
Operating business office machines and telephone/paging system.",,,Receptionist,Administrative Support Assistant I,Assistant,I,"The position summary, essential functions and implied responsibilities align with the responsibilities of an entry-level administrative support position. Based on the lack of specific details in the provided description, it is assumed that the role involves basic administrative tasks such as answering phones, greeting visitors, and managing schedules. These functions are consistent with the 'Receptionist' major role group and the 'I' minor sub-group, which represents an entry-level position. This classification is supported by the MNPS KSACs document, which emphasizes customer service, communication, and organizational skills for such roles."
Architect CCR Data I,"The Architect of CCR Data Systems I designs, implements, and maintains foundational data sources and models to produce user?friendly CCR reports (EPSOs, Ready Graduate metrics) under senior guidance. They ensure data integrity and document processes, knowing that any errors affect only isolated datasets and are caught through routine reviews. This role partners with CCR staff and IT teams to improve data access and literacy, focusing on reliable execution rather than leading projects.","Bachelor's Degree Computer Science, Information Systems, or a closely related field Required","1-3 years hands?on experience in data modeling, SQL development, and basic ETL processes. Required","Build and maintain user-friendly dashboards, trackers, and reports that reflect key CCR metrics such as EPSO participation, credential attainment, FAFSA completion, and ACT readiness.
Partner with stakeholders at all levels to align CCR data tools to program goals, implementation needs, and school support structures.
Develop tools, guidance, and professional learning resources to help CCR staff and school teams interpret, communicate, and act on data. Builds systems that empower real-time insight generation, predictive modeling, and/or strategic planning efforts.
Support the use of data in team planning routines, performance reviews, and school-based strategy development. Ensure systems enable regular reflection and course correction.
Work with Research, Assessment & Evaluation and IT departments to ensure CCR data systems are integrated, accurate, and aligned with broader district systems. Ensures district policies for data quality, consistency, access, and security are followed.
Use data to surface gaps in access, participation, and success within CCR programs. Build tools that help teams target support to historically underserved student populations.
Support employees who provide coaching and technical support to CCR and Counseling/Advising staff and school-based users who rely on dashboards and reporting systems in their daily work.",,"Strategic systems thinking High
Deep understanding of enterprise tools and platforms High
Commitment to usability, security, and sustainability High
Ability to translate technical systems into operational solutions High
Collaborative leadership with cross-functional teams High",Architect CCR Data I,Data Architect I,Architect,I,"The position summary, essential functions and implied responsibilities suggest a role focused on data architecture. Based on review of education, work experience, licenses and Knowledge, Skills and Abilities attributes, the role is classified as 'Data Architect I' under the 'Architect' major role group and 'I' minor sub-group, indicating an entry-level position. This classification aligns with the functional focus on data architecture within the MNPS KSACs and the hierarchical structure of roles."
Assoc Classroom,"AssociateóClassroom works directly in a classroom to fill vacancies created when teachers are absent or on leave from the workplace. AssociateóClassroom will need to be flexible in filling short-term and/or long-term needs of a school. They may be asked to cover prep periods, provide lesson plans, engage in student supervision and/or instruction, proctor or administer student assessments, grade lessons or exams and enter results into records, attend parent conferences, collaborate with instructional team for planning, or other related duties.",Bachelor's Degree or a minimum of 60 college credits from an accredited institution verified by an original transcript. Such alternatives to the above qualifications as the Director of Schools may find appropriate and acceptable Required,1-3 years work experience  Required,"Perform various instructional support tasks as assigned to facilitate the effective teaching of applicable subject matter and to maintain appropriate classroom environment. Provide tutoring/intervention services for students, as needed.
Work with instructional leaders to plan daily lessons to meet the needs of all students. Adapt teaching methods and instructional materials to meet studentsí varying needs and interests.
Follow the daily schedule (academic and supervisory), class rolls, lesson plans, and other information for the dayís activities as provided by the classroom teacher or school administration.   Proctor and grade examinations or lessons and enter results into the appropriate classroom records. Record attendance according to school policy.
Establish and enforce rules of behavior and procedures for maintaining effective classroom management to encourage student participation, minimize distractions, and maintain a positive learning environment.
Participate in meetings and/or assisting with school events as required
Supervise students both in and out of the classroom.
Establish and maintain satisfactory, respectful working relationships within the school environment and comply with all MNPS policies and state and federal laws.",,"Ability to communicate orally and in writing with students, parents, and others
Ability to plan, organize and establish priorities related to assignment.
Basic understanding and knowledge of current technology
Ability to handle sensitive information in a confidential manner.
Knowledge of School Board policies and practices as they relate to teaching.
Ability to handle problems, concerns and emotional distress with sensitivity and tact.
Ability to maintain appropriate student supervision so that students have a safe and orderly environment in which to learn.
Ability to assist in writing and following through with Individual Education Plan (IEP) goals.
Ability to work effectively with peers, administrators and others.
Ability to work independently and make decisions with minimum supervision.
Ability to handle multiple tasks in a professional and courteous manner.
Ability to answer a telephone in a professional and courteous manner.",Assoc Classroom,Classroom Associate I,Associate,I,"The position summary, essential functions and implied responsibilities align with a supporting role in a classroom environment. The education, work experience, licenses and Knowledge, Skills and Abilities attributes indicate it is an entry-level position within the 'Associate' major role group and assigned a minor sub-group of 'I'. This classification aligns with typical roles that provide assistance in classroom settings, focusing on foundational support tasks."
Counselor ES,"he Elementary School Counselor is a certified professional responsible for delivering comprehensive counseling services to students in grades Pre-K through 5, as assigned by the principal. This role requires effective use of data from Infinite Campus, Data Warehouse, and other district SIS systems to support school improvement goals and address students' academic, career, and social-emotional development. The counselor must ensure the accuracy of student records, transcripts, schedules, and academic plans to support a successful transition to middle school. Strong communication and customer service skills, along with a high level of reliability and attention to detail, are essential.
",Master's Degree in counseling from an accredited institution Required,,"Delivers comprehensive, data-driven counseling programs, activities, and targeted interventions to support academic, career, and personal/social development; advocates and intervenes on behalf of at-risk students, addressing immediate needs impacting their success.
Actively supports district and school improvement goals focused on student growth, achievement, and college and career readiness, including promoting advanced academic participation and aligning programs with NOSCA competencies.
Regularly administers needs assessments, documents counseling activities and student interactions, analyzes data from Early Warning Indicators, and completes program accountability reports demonstrating the effectiveness of strategies and interventions.
Consults and collaborates with school specialists (psychologists, social workers, nurses), community-based resources, parents, teachers, administrators, and stakeholders to remove barriers to student success, address student needs, and close achievement gaps.
Facilitates smooth student transitions between educational tiers through collaboration with early learning centers and middle schools; provides orientation programs and clearly communicates testing results and implications to students and families.
Develops and leads staff development activities, provides educational programming for parents and community stakeholders, and actively participates in professional growth opportunities to stay current on best practices and district initiatives.
Ensures confidentiality and accuracy of student and staff information, adhering strictly to state laws and district policies; displays professional behavior, positive attitudes, punctuality, flexibility, and ethical standards, serving as a role model within the school community.
Performs duties related to emergency and crisis situations, serves as a member of the district crisis team when needed, and readily responds to directives, changes, and emerging needs with timeliness and positivity.","  This position requires Tennessee State Certification/License in school counseling
  Required",,Counselor ES,Elementary School Counselor I,Counselor,I,"The position summary, essential functions and implied responsibilities align with the major role group 'Counselor' due to its focus on providing guidance and support to students in an educational setting. The minor sub-group 'I' is assigned as there is no indication of advanced levels or specialization in the provided description. The classification is based on the assumption that this is an entry-level counseling role in an elementary school, requiring foundational knowledge and skills in counseling, as well as relevant certifications typically required for school counselors. This is support by review of the education, work experience, licenses and Knowledge, Skills and Abilities attributes."
Counselor HS,"The High School Counselor holds a certified position which provides comprehensive counseling services in grades 9-12 based on Academy assignment or by team/grade level as assigned by the principal. The HS counselor must manage, analyze, and utilize data from Infinite Campus, Data Warehouse, SMS and other district SIS databases to meet school improvement goals and students' academic, career and  social-emotional needs.  The job requires a person that is responsible, reliable, dependable and who understands the imperative to ensure that students' transcripts, schedules, academic, college, and career plans are accurate and lead to successful graduation and transition to post-secondary institutions. In addition, the HS counselor must have excellent customer service and communication skills.

",Master's Degree in counseling from an accredited institution Required,,"Delivers comprehensive counseling services, activities, programs, and interventions critical to the academic, career, and personal/social development of all students. Supports district and school improvement goals for student growth and achievement, and college and career readiness including the five characteristics of a high school graduate.
Knowledgeable in state and district graduation requirements as well as guidelines in the Student Progression Plan. Informed in the MNPS Academy structure and promotes student engagement and success within the Academy.
Develops a written, annual plan which is data driven and includes measurable goals which are appropriately scoped and sequenced based on the needs of the school and students. Completes program accountability documents as assigned by the Office of School Counseling.
Utilizes the Early Warning Indicators to implement targeted interventions for at-risk students. Administers needs assessments regularly to identify and prioritize school and student needs. Advocates and intervenes on behalf of each student whose immediate needs, concerns, or problems are distracting or impeding his/her academic, career, and/or social-emotional development.
Guides students through the development of a four year/postsecondary plan via Collegefortn.org. Supports district strategic plan including initiatives and programs to address student needs (i.e. HERO liaison, SEL, PBL, Olweus, PBIS, cluster support meetings, etc.). Enters data on the Supports and Intervention page after every student contact.
Consults and collaborates with school system specialists such as school psychologists, social workers, and nurses; consults with and refers to community-based resources including psychologists, psychiatrists, physicians, service agencies, and others.
Actively increases student participation in Dual Enrollment, Advanced Placement, International Baccalaureate, Honors, Virtual and other advanced coursework. Aligns college and career readiness initiatives to the A6 Framework and the NOSCA college and career readiness competencies.
Collaborates with middle school personnel to ensure a smooth transition from middle school to high school. Provides orientation activities for incoming students and parents. Informs students and parents of tests results and their implications for educational and career planning. Provides for the systematic and efficient dissemination of current, accurate information needed by students and/or parents as they develop their educational and/or career plans.
Uses the skills of leadership, advocacy and collaboration to create systemic change to improve the academic success of all students. Protects confidentiality of records and information about students and staff.  Must use discretion and adhere to all state laws and district policies when sharing any such information.
Performs related duties as assigned for emergency and/or crisis procedures; serves on the district crisis team when needed.  Attends trainings as needed to learn new procedures or increase ability in use of data, technology, and other district initiatives. Pursues professional growth by attending state and district workshops/conferences; keeps abreast of new information, innovative ideas and techniques.
Displays the highest ethical and professional behavior in working with students, parents, school staff, and outside agencies associated with the school.  Serve as a role model for students and staff demonstrating positive attitudes, appropriate attire and grooming, arriving on-time to work/meetings and maintaining an effective work ethic.","  This position requires Tennessee State Certification/License in school counseling

  Required",,Counselor HS,High School Counselor I,Counselor,I,"The position summary, essential functions and implied responsibilities align with the major role group 'Counselor' due to its focus on providing guidance and support to highschool students. The classification is based on the assumption that this is an entry-level counseling role in an high school, requiring foundational knowledge and skills in counseling, as well as relevant certifications typically required for school counselors. This is support by review of the education, work experience, licenses and Knowledge, Skills and Abilities attributes."
Counselor MS,"The Middle School Counselor holds a certified position which provides comprehensive counseling services in grades 5-8 based on team/grade level as assigned by the principal. The MS counselor must manage, analyze, and utilize data from Infinite Campus, Data Warehouse, and other district SIS databases to meet school improvement goals and students' academic, career and  social-emotional needs.  The job requires a person that is responsible, reliable, dependable and who understands the imperative to ensure that students' transcripts, records, schedules, academic, college, and career plans are accurate and lead to successful transition to high school. In addition, the MS counselor must have excellent customer service and communication skills.

",Master's Degree in counseling from an accredited institution Required,,"Delivers comprehensive counseling services, activities, programs, and interventions critical to the academic, career, and personal/social development of all students.
Supports district and school improvement goals for student growth and achievement, and college and career readiness including the five characteristics of a elementary school student.
Knowledgeable in state and district graduation requirements as well as guidelines in the Middle School Student Progression Plan.
Informed in the MNPS Academy structure at the high school level.
Develops a written, annual plan which is data driven and includes measurable goals which are appropriately scoped and sequenced based on the needs of the school and students.
Completes program accountability documents as assigned by the Office of School Counseling.
Utilizes the Early Warning Indicators to implement targeted interventions for at-risk students.
Administers needs assessments regularly to identify and prioritize school and student needs.
Advocates and intervenes on behalf of each student whose immediate needs, concerns, or problems are distracting or impeding his/her academic, career, and/or personal/social development.
Supports district strategic plan including initiatives and programs to address student needs (i.e. HERO liaison, SEL, PBL, Olweus, PBIS, cluster support meetings, etc.)
Enters data on the Supports and Intervention page after student contacts.
Consults and collaborates with school system specialists such as school psychologists, social workers, behavior analysts, truancy specialists and nurses; consults with and refers to community-based resources including psychologists, psychiatrists, physicians, service agencies, and others.
Actively increases student participation in advanced academic courses.
Aligns college and career readiness initiatives to the NOSCA college and career readiness competencies for the middle school tier.
Collaborates with elementary and high school personnel to ensure a smooth transition from tier to tier.
Provides orientation activities for incoming students and parents.
Informs students and parents of tests results and their implications for educational and career planning.
Conducts structured, goal-oriented counseling sessions to meet the identified needs of individuals and groups of students.
Plans and conducts staff development programs and activities as well as educational programming for parents and the community.
Demonstrates program accountability using data to document the results of strategies and interventions that are used to improve student academic performance.
Partners with administrators, teachers, students, parents, and the community to remove barriers to student success and to close the achievement gap.
Uses the skills of leadership, advocacy and collaboration to create systemic change to improve the academic success of all students.
Protects confidentiality of records and information about students and staff.  Must use discretion and adhere to all state laws and district policies when sharing any such information.
Understands and follows oral and written directives accurately, timely, and with a positive attitude.
Ensures accuracy of input and output data.
Always meet schedules and timelines.
Performs related duties as assigned for emergency and/or crisis procedures; serves on the district crisis team when needed.
Attends trainings as needed to learn new procedures or increase ability in use of data, technology, and other district initiatives.
Displays the highest ethical and professional behavior in working with students, parents, school staff, and outside agencies associated with the school.  Serve as a role model for students and staff demonstrating positive attitudes, appropriate attire and grooming, arriving on-time to work/meetings and maintaining an effective work ethic.
Readily reacts to change in a positive manner.
Pursues professional growth by attending state and district workshops/conferences; keeps abreast of new information, innovative ideas and techniques.
Guides students through the development of a Collegefortn.org student account.
Provides for the systematic and efficient dissemination of current, accurate information needed by students and/or parents as they develop their educational and/or career plans."," This position requires Tennessee State Certification/License in school counseling

  Required",,Counselor MS,Counselor Specialist I,Counselor,I,"The position summary, essential functions and implied responsibilities align with the major role group 'Counselor' due to its focus on providing guidance and support in a middle school setting. The minor sub-group 'I' is assigned as there is no indication of advanced levels or specialization in the provided description. The classification is based on the assumption that this is an entry-level counseling role in an middle school, requiring foundational knowledge and skills in counseling, as well as relevant certifications typically required for school counselors. This is support by review of the education, work experience, licenses and Knowledge, Skills and Abilities attributes."
Engineer IT Enterprise Systems,"Coordinates system development and implementation tasks to include design, integration and formal testing of newly implemented and upgraded systems.  Oversees all transitions of new or upgraded systems into production status. Develops and completes actions in system specifications, technical and logistical requirements, and other disciplines. Creates and oversees the maintenance of programmatic and technical documentation to insure efficient planning, maintenance and execution of processes and procedures.  Manage and document system configurations and assist in the creation of and update to an agency-based solutions roadmap.  Actively resolve, or assist in the resolution of, daily support requests as needed.","Bachelor's Degree Computer Science, Engineering or a related subject Required
Master's Degree Computer Science, Engineering or a related subject Preferred", Minimum five years as a systems administrator or IT systems engineer in a medium to large corporate environment Required,"Provide oversight of data center compute, storage systems and supporting infrastructure including the installation, configuring, testing and maintenance of operating systems, application software and system management tools, for both on premise and cloud-based environments
Coordinate the maintenance of an as-built, system operations library with daily monitoring, operating and maintenance procedures ‚Äì which utilize industry best practices, industry accepted operating frameworks and develop resultant agency best practices and ongoing review schedules.
Maintain a knowledge of current and evolving technologies to provide guidance towards the development, implementation and maintenance of an agency-based technology roadmap
Continual maintenance of security solutions and procedures, including the operational strategies related to backup, redundancy, disaster recovery and business continuity
Communicate, as a liaison, with vendors and other IT personnel to resolve issues, coordinate upgrades, evaluate and implement new solutions
Competency in writing and maintaining custom scripts to increase system efficiency and lower downtime due to required human intervention
Collaborate with other MNPS teams and outside agencies to help design information and operational support systems to help meet and maintain district technology goals
Create technical, training and reference documents as required
Attend meetings and working sessions as required
Provide tier III (tier II as needed) technical support to other Technology Services Department staff",,"Ability to work under pressure and time constraints.
Strong coordination, organization, teaming and communication abilities.
Works well individually or in a group setting. Effectively directs employees.
Successfully presents technical information in both a technical and non-technical manner.",Engineer IT Enterprise Systems,IT Enterprise Systems Engineer I,Engineer,I,"The position summary, essential functions and implied responsibilities suggest a technical role focused on designing, implementing, and maintaining enterprise IT systems. Based on the functional alignment with KSACs and the provided education, work experience, licenses and certifications, the role is classified under the 'Engineer' major role group. The 'I' sub-group is assigned due to the absence of specific details indicating advanced experience or seniority. A guiding factor in this major group alignment was the role focus. MNPS KSACs suggest an Engineer role focuses on infrastructure and systems integration or application development and functionality while the Architect role concentrates on data structures, storage, and flow."
Engineer IT Software System,"To provide expertise and leadership to Enterprise Systems Department on current software development language standards and methodologies; and database structure and design.  To guide, mentor, and train Enterprise Systems staff in current industry standards for software design, development, implementation and analysis.  To provide consultation services to user departments and schools to ensure optimum software application system effectiveness, efficiency, and usability.","Bachelor's Degree or higher in fields of computer technology, software design, systems analysis, and other areas associated with information technology Preferred", Five to eight years of increasingly responsible related experience Required,"Works closely with Manager of Enterprise Development,   Manager of Business Intelligence, and the Enterprise Architect to determine district software needs through consultation, research, and business process analysis
Provides high level project management services to departments and schools, and leads Enterprise Development staff in the execution of software project management best practice
Works with user departments and schools to evaluate and implement technology to promote streamlined business process and improve user productivity
Continually researches and evaluates advances in software development tools, techniques, and strategies to improve staff efficiency and facilitate improvements in customer service
Manages and performs development tasks for themselves and others who may be assigned in development roles, including managing and prioritizing development impacts due to changes in baseline requirements through effective application of change control processes and tools
Utilizes and recommends commonly used technical development tools and system environments to promote quality software development across all projects, establishing technical best practice and promoting use and continuous improvement of all development techniques and processes
Promotes and enhances discovery and analysis techniques in order to obtain consistent and complete development requirements and specifications for planning, management, development and implementation purposes
Works to enhance and advance the development skills of all development staff through mentorship and training.  This includes the research and recommendation of technical training and educational opportunities in software development languages, methodologies, and strategies
Evaluates existing software application systems to determine how such systems can be improved both in function and presentation to improve user friendliness and efficiency
Works closely with Manager of Enterprise Development, Manager of Business Intelligence, and the Enterprise Architect in the development, documentation, and implementation of standard operating procedures for all aspects of software design, development, and implementation",,"High skilled in both oral and written communication.
Ability to serve as a leader and technical resource in software development best practices.
Ability to guide the efforts and activities of others to accomplish departmental goals.
Experienced in working closely with others, establishing and maintaining effective working relationships with department and school personnel.
Ability to analyze user needs, and create and put into action effective and efficient design, development, and implementation strategies.
Ability to decompose high-level business and user requirements into quality technical and architectural requirements.
Highly skilled in current software languages, database structures, and development techniques.
Ability to evaluate technical solutions and provide recommendations as to the best approach based on the issue and overall goals of involved stakeholders.
Ability to read, interpret, and follow complicated technical manuals and procedures.
Ability to maintain optimum productivity in high-pressure environment.
Ability to work independently, relying on oneís own experience and judgment to plan and accomplish goals.
Ability to work at a computer for long periods of time.
Ability to work elongated daily schedule as required.
Detailed knowledge to include but not be restricted to current software development techniques, languages, protocols, procedures
Information systems architecture
Project management best practice
Database architecture",Engineer IT Software System,IT Software Systems Engineer I,Engineer,I,"The position summary, essential functions and implied responsibilities align with the functional role of an Engineer, focusing on IT software systems. Based on a review of education, work experience, licenses and Knowledge, Skills and Abilities attributes, it has been classified as an entry-level position (I) within the Engineer role group. This classification assumes foundational responsibilities in IT software systems engineering, consistent with industry standards for similar roles. A guiding factor in this major group alignment was the role focus. MNPS KSACs suggest an Engineer role focuses on infrastructure and systems integration or application development and functionality while the Architect role concentrates on data structures, storage, and flow."
Psychologist Lead,Assists the supervising Exceptional Education Coordinator in the following manner: providing consultation and guidance with school psychologists regarding questions on procedures; managing day-to-day aspects of staff functions; assisting in the coordination of clerical activities; and planning for professional development., Minimum of Specialist in Education in School Psychology Required,10+ years Directly applicable and increasingly responsible experience as a school psychologist Required,"Provides school psychologists with support in technical and training issues, along with day-to-day questions that arise.
Assists supervising Exceptional Education Coordinator in providing the administrative support required by the Psychological Services Department, including assistance with TEAM observations for school psychologists.
Leads efforts to locate psychologists to substitute for displaced psychologists on emergency or leave situations.
Reviews psychological reports to ensure quality and consult with individual school psychologists as needed to address problematic issues.
Provides ongoing training, support and mentoring for apprentice level school psychologists.
Monitors and maintains test protocol supplies and prepare orders throughout the year as necessary under the supervision of the supervising Exceptional Education Coordinator.
Coordinates school psychologist assignments yearly with final approval from supervising Exceptional Education Coordinator.
Leads departmental efforts to research and secure appropriate assessment instruments and processes.
Keeps abreast of current practices in the field of school psychology.  Keeps supervisor apprised of changes effecting district operations."," Valid Tennessee Professional School Service Personnel certificate with an endorsement in the area of School Psychology  Required
 National Certification in School Psychology through the National Association of School Psychologists  Required
 Administrative endorsement  Preferred",,Psychologist Lead,Lead Psychologist,Psychologist,Lead,"The position summary, essential functions and implied responsibilities suggest a leadership position within the psychology field, overseeing other psychologists or managing psychological services. Review of education, work experience, licenses and Knowledge, Skills and Abilities attributes, there  is an implied responsibility of leading and coordinating team efforts. This classification is consistent with the MNPS Roles and KSACs documents, which emphasize functional team leadership roles."
Psychologist School Team,"MNPS school psychologists are members of school teams that promote prevention and early intervention through multi-tiered systems of support.  Their unique training makes them qualified to support schools in systems change, data based decision making and effective practices in the areas of academics, social-emotional learning and behavior.  They have a strong skill set in collaboration with families, teachers, school administrators, and other professionals to create safe, healthy, and supportive learning environments that strengthen connections between home, school, and the community.
",,,"Strong understanding of Multi-Tiered System of Supports (MTSS) for the purpose of interpreting the data, supporting equitable access to core instruction, aligning increasingly intensive interventions to a student‚Äôs individual need(s) and determining eligibility for exceptional educational services using the state of TN criteria.
Coordinate, facilitate and support school staff with the implementation of MTSS ensuring effective practices to assist students who experience academic, social and emotional difficulties.
Collaborate with other specialists (e.g., literacy specialists, behavioral analysts, occupational and physical therapists, counselors, speech-language pathologist, etc.) for the purpose of creating and delivering effective, evidence based supports to students.
Administer assessments for the purpose of measuring the cognitive, academic, adaptive, social and emotional development of students and/or determining eligibility for services in compliance with regulatory requirements.
Collaborate with other staff with aligning academic, social-emotional and behavioral interventions as well as supporting teams with continuous monitoring systems.
Compiles information from a variety of sources (i.e., administrators, teachers, nurses, parents, teachers, SLP) for the purpose of producing a comprehensive evaluation or screening report in compliance with established guidelines.
Collaborate and support families so they better understand their children‚Äôs learning and mental health needs.
Consult and collaborate with principals, teachers, and support personnel relative to specific educational and adjustment concerns, analysis and interventions.
Partner with families, teachers, school administrators, and other professionals to create safe, healthy, and supportive learning environments that strengthen connections between home, school, and the community.
Provide culturally responsive services to students and families from diverse backgrounds.
Participate in meetings, workshops and seminars as assigned for the purpose of conveying and/or gathering information required to perform functions.
Promote and support school-wide practices that ensure the safety of all students by reducing school violence, bullying and harassment.
Consult and support school teams for the purpose of creating smooth transitions to and from school and community learning environments, such as residential treatment centers or Alternative Learning Centers (ALCs).
Assist with crisis prevention and intervention services.","Licensed Psychologist  Upon Hire Required
 TDOE Upon Hire Required",Psychology | Counseling Techniques | Empathy,Psychologist School Team,School Psychologist I,Psychologist,I,"The position summary, essential functions and implied responsibilities suggest a 'Psychologist' major role group due to its focus on providing specialized psychological services within a school setting. The minor sub-group 'I' is assigned based on education, work experience, licenses and Knowledge, Skills and Abilities attributes and the lack of details around advanced  knolwdege or skills for this role. The classification is supported by the functional alignment with KSACs for roles requiring expertise in psychology, education, and student support."
Architect CCR Data II,"The Architect of CCR Data Systems II designs, implements, and maintains foundational data sources and models to produce user?friendly CCR reports (EPSOs, Ready Graduate metrics) under established guidelines. Working with moderate autonomy, they organize, store, and retrieve CCR dataócatching minor errors through frequent reviews to limit team level impact. This role collaborates with diverse stakeholders to enhance data access and literacy manages select projects, ensures dependable execution, and provides targeted coaching to team members. It bridges technical and educational perspectives to align data tools with organizational objectives.","Bachelor's Degree in an IT?related discipline Required
Master's Degree in an IT?related or data analytics discipline Preferred","4-6 years Progressive experience in data modeling and data analytics Required
2-4 years Progressive experience in leading teams Required","Design and maintain multi?source CCR dashboards and reports under established models and governance, integrating new data and validating quality; document processes and coach junior analysts through semi?routine review cycles to ensure accurate, timely insights with minimal team?level impact.
Design and deliver semi?routine tools, guides, and targeted training that enable CCR staff and school teams to interpret and act on data; implement real?time dashboards and predictive prototypes under established governance; coach junior analysts; and maintain resources through regular review cycles.
Collaborate with program leaders, school teams, IT, and RAE to tailor CCR data tools to strategic goals, implementation requirements, and school support needs, ensuring alignment through ongoing feedback and semi?routine reviews.
Design and maintain multi?source CCR dashboards and reports under established models and governance, integrating new data and validating quality; document processes and coach junior analysts through semi?routine review cycles to ensure accurate, timely insights with minimal team?level impact.
Collaborate with program leaders, school teams, IT, and RAE to tailor CCR data tools to strategic goals, implementation requirements, and school support needs, ensuring alignment through ongoing feedback and semi?routine reviews.
Analyze CCR data semi?routinely to identify access, participation, and success gapsóespecially for historically underserved groupsóby building focused reports and tools under established models. Collaborate with program leads to target interventions, catch minor data issues through routine validation, and coach junior analysts on tool upkeep to limit work?unit impact.
Provide semi?routine guidance and troubleshooting to coaching and technical?support staff serving CCR, Counseling, and school?based users: document support processes, resolve minor issues quickly under established guidelines, and mentor junior support staffóensuring dependable data tools for daily users with limited impact on the immediate work unit.",Certified Data Professional   Preferred,"Strategic systems thinking High
Deep understanding of enterprise tools and platforms High
Commitment to usability, security, and sustainability High
Ability to translate technical systems into operational solutions High
Collaborative leadership with cross-functional teams High",Architect CCR Data II,Data Architect II,Architect,II,"The position summary, essential functions and implied responsibilities suggest a role focused on data architecture, likely involving the design, management, and optimization of data systems. A review of education, work experience, licenses and Knowledge, Skills and Abilities attributes indicate an intermediate level of expertise and responsibility. Based on the functional alignment with KSACs, the role is classified under the 'Architect' major role group with a minor sub-group of 'II'. A guiding factor in this major group alignment was the role focus. MNPS KSACs suggest an Engineer role focuses on infrastructure and systems integration or application development and functionality while the Architect role concentrates on data structures, storage, and flow."
Architect CCR Data III,"The Architect of CCR Data Systems III leads the design and optimization of complex data and dimensional models to power CCR analytics across MNPS. With broad autonomy, they build and maintain advanced reporting, enforce robust standards, and serve as the technical escalation point for production incidents. Partnering with executive and program leaders, they translate strategic CCR goals into scalable roadmaps and architect complex data systems. They mentor and manage data architects and analystsósetting standards, conducting design reviews, and driving continuous improvementóto ensure reliable, timely insights that advance student success and district objectives.","Master's Degree Data Science or Information Systems related Required
Doctoral Degree Data Science or Data Analytics Preferred","5-7 years Related IT discipline (software development, networking, or database development) Required
3-5 years Progressive experience in leading teams Required","Lead design of district-wide grade reporting platforms and multi domain dashboards, ensuring scalable data integrations across CCR, Counseling, and district systems; define standards and mentor mid level architects, proactively resolving complex data issues to uphold district wide insights.
Spearhead design sessions with executive directors, district leaders, and external partners to define CCR data strategy; translate complex requirements into strategic roadmaps and drive iterative alignment across all business units.
Architect and oversee development of comprehensive, large scale data literacy frameworks and advanced analytics; lead curriculum design for professional learning, certify trainers, and manage continuous improvement of training programs.
Champion district wide analytics frameworks for strategic planning and accountability cycles; design self service analytics tools for leadership cohorts, monitor usage, and lead cross functional retrospectives to drive systemic course corrections.
Architect integration of CCR systems into the enterprise data platforms; define and enforce CCR data frameworks.
Lead district-wide equity analyses using data analytics to uncover systemic gaps; design and govern intervention tracking platforms; partner with district equity officers to drive strategic resource allocations; mentor analytics leads on methodology and bias mitigation.
Lead and manage a support team for CCR and Counseling systems; establish support standards; and oversee performance metrics and continuous improvement of support operations",,"Strategic systems thinking High
Deep understanding of enterprise tools and platforms High
Commitment to usability, security, and sustainability High
Ability to translate technical systems into operational solutions High
Collaborative leadership with cross-functional teams High",Architect CCR Data III,Data Architect III,Architect,III,"The position summary, essential functions and implied responsibilities suggest a focus on data architecture, which aligns with the 'Architect' major role group. A review of education, work experience, licenses and Knowledge, Skills and Abilities attributes indicate a higher level of expertise and responsibility, consistent with a senior-level position. Based on the functional alignment with KSACs, the role is classified under the 'Architect' major role group with a minor sub-group of 'III'. A guiding factor in this major group alignment was the role focus. MNPS KSACs suggest an Engineer role focuses on infrastructure and systems integration or application development and functionality while the Architect role concentrates on data structures, storage, and flow."
Spec IT Enterprise Support Network III,"Responsible for planning, engineering, design, and performance of the WAN, LAN, Telephony, Video conferencing, network security systems and networking components of the organization in a complex multi-protocol environment.  Leads and participates in technology related network projects.","Bachelor's Degree education or training equivalent to a Bachelorís degree in Information Technology, Computer Science, or a related field Required", Experience in a multi-facility medium to large business environment is Preferred,"Manages, evaluates, engineers, implements, configures and assists in maintaining the organizations LAN/WAN infrastructure, including routers, switches, VoIP/Video Conferencing services,  security devices, data center and aggregate egress
Maintains, updates, reviews and recommends additions and enhancements to the organizationís network and associated security, including firewalls, VPN connectivity, Intrusion Detection, LAN/WAN monitoring and Internet connectivity
Creates, updates and maintains documentation relating to proper implementation and maintenance of LAN/WAN infrastructure such as LAN/WAN diagrams, configurations, WAN circuit ID, traffic studies, inventory of network electronics, change control, etc.
Works closely with system administrators in design, implementation and support of enterprise applications
Creates, updates and maintains documentation relating to proper implementation and maintenance of LAN/WAN infrastructure such as LAN/WAN diagrams, configurations, WAN circuit ID, traffic studies, inventory of network electronics, change control, etc.
Monitors and advocates compliance with district technology policies and guidelines.
Prioritizes tasks and manages time to ensure continued end-user satisfaction and timely resolution to issues.
Participate and develop long-range planning activities for the voice and data communications network that will help to overcome barriers to student learning.","CCNP - Cisco Certified Network Professional   Preferred
CCNA - Cisco Certified Network Technician   Preferred",0,Spec IT Enterprise Support Network III,IT Enterprise Support Network Specialist III,Specialist,III,"The qualifications for the role do match those of other specialist roles, with a bachelorís degree in a field relevant to the essential functions required, as well as various specialized certifications preferred. The essential functions of the role also seem to match well with the KSACs for the specialist classification including subject matter expertise, specialized training, advanced technical skills, communication, collaboration, and regulatory compliance. Furthermore, due to the higher level and scope of the essential functions, such as managing, evaluating, and engineering the districtís LAN/WAN infrastructure and other related areas, and updating and recommending addition and enhancement while maintaining documentation and monitoring for compliance, and participating in long-range planning activities, the role falls to a higher level within the specialist role. Likely at least level 3."
Executive Support Specialist,High School Diploma  Required,"The School Audit Training Specialist designs and conducts trainings for Bookkeepers regarding compliance, which requires presentation in front of both small and large groups of individuals. The Specialist also instructs on other areas of financial compliance, as needed, and assists Auditors and other staff with identifying deficiencies and aiding schools that need additional help and/or improvement. ", Minimum of 1 year or more of bookkeeping experience Required,"Must present and/or train in front of small to large groups of individuals.  Design and conduct new Bookkeeper training regarding student activity and internal school funds.  Present customized training and development programs and/or classes to all bookkeepers to equip them to become a strong financial source and perform their daily functions.il, supplemental salaries, escheatment, & any other duties assigned.
Uses creativity and research new methodologies to create engaging and informative training sessions or to improve training.  Monitors and reports the effectiveness of bookkeeper training.  Assist Auditors and the Director with identifying bookkeepers with deficiencies in a specific financial area.
Manages the audit helpdesk and entering vendor information to ensure accurate maintenance of vendor files.
Verifies monthly bank reconciliations and conducts internal & external transaction reviews of financial transactions.
Gathers, proofreads, calculates, and generate financial data and reports for the department.
Provide limited financial coverage on student activity funds when an extended absence has occurred with the bookkeeper. Gathers, proofreads, calculates, and generate financial data and reports.
Assist with administrative duties within the department such opening & distributing mail, supplemental salaries, escheatment, & any other duties assigned.
Work cohesively alongside Auditors in the department with aiding schools that need additional help or improvement in deficient areas as noted by the Auditor.",,"Minimum of 1 year or more of experience in a directly related field with experience conducting training programs and basic math computations.
Must be proficient in Microsoft Office Suite, especially Excel, PowerPoint and Outlook.
Must be detail oriented and able to speak with small to large groups of people.
Schoolfunds Online and School Cash Online experience is desirable.
Must have thorough knowledge of completing and processing financial documents.
Must have and maintain working knowledge of bookkeeping and auditing accepted practices, policies, and procedures.
Skills in research, resolving problems, organization, oral, and written communication is necessary.
Must be able to work on a flexible daily schedule and be a self-starter.
Must have the ability to work independently and as a team that‚Äôs conducive to a positive work environment is essential.",Executive Support Specialist,School Audit Training Assistant I,Assistant,I,"Meets the minimum requirements for an assistant, tasks are routine and have minor impact, only on unit, with all job tasks under established guidelines and reviewed frequently. Matches the Assistant KSACs."
Spec Routing,"Assist in the implementation of all transportation routing policies and procedures. Plan, develop and create routes for bus drivers to ensure safe driving practices which adhere to Federal, State and District transportation policies, rules and regulations.  Interacts with school staff, parents, and other district employees to provide customer service and support. ",High School Diploma or Equivalent Required,"1-3 years Experience in pupil transportation activities, with demonstrated knowledge of state and federal pupil transportation rules and regulations Required","Ensure all routes are accurate with critical safety information applied to the map, such as speed, railroad crossings, bridge weight capacity, medians, right and left turn only roads, no cross, and no walk areas
Maintain the specific and proper settings within the map
Enter all new student information received from Individualized Education Program (IEP) online manually
Provide customer support training to transportation staff and school personnel in the use of the current routing web application
Provide training to Transportation Staff and local school users on how to best utilize the routing software
Analyze routing data in area of responsibility to improve efficiencies
Collaborates with supervisors and drivers concerning routing and routing adjustments.
Recommends scheduling adjustments to supervisory staff and stakeholders",,"Effective written and verbal communication skills, ability to interact effectively with a diverse workforce.
Basic to intermediate knowledge of Office 365 suite and other software or application platforms.",Spec Routing,Routing Specialist I,Specialist,I,"While the degree requirements are low, only a High School diploma, the experience required is highly specialized and focused specifically on the essential functions of the role. The KSACs required for the role also line up well with that of the Specialist roles, including subject matter expertise (related to designing the routes themselves), regulatory compliance, analytical thinking, research skills, attention to detail, communication, and tech savvy. Furthermore, the position can be further divided. While the qualifications for the role are somewhat specialized, they are low, only requiring a High School diploma and 1-3 years of specific experience. The role is mostly in charge of recommending routes and scheduling adjustments, instead of creating them and approving them on their own. This leads me to believe that the role is more in line with a level 1 specialist, rather than a higher level."
CTE Instructional Coach,"The job plays a vital role in supporting Career and Technical Education (CTE) teachers across MNPS, with a particular focus on new and early-career educators. This role is designed to strengthen instructional quality, improve program fidelity, and support teacher development in alignment with industry standards and district readiness goals. By offering high-impact coaching and professional learning, the CTE Instructional Coach helps build teacher confidence and instructional capacityóultimately contributing to improved student outcomes and increased CTE teacher retention across the district. The Coach should be an experienced CTE educator who is passionate about supporting teacher development, improving student readiness, and building a strong pipeline of confident, skilled CTE teachers across MNPS.",,,"Targeted Instructional Coaching: Provide regular, job-embedded coaching to CTE teachers, with an emphasis on new teachers and those in their first three years of instruction.
Standards-Aligned Support: Help teachers implement instructional strategies aligned to CTE program of study standards, industry credentials, and workforce expectations.
Professional Learning Leadership: Design and facilitate high-quality professional development sessions focused on CTE instructional best practices, classroom management, technical skill development, and CTSO integration.
Curriculum and Resource Integration: Support educators in effectively using curriculum tools, lab resources, and technology to maximize student engagement and industry relevance.
Mentorship and Retention Support: Serve as a key support system for new and early-career CTE teachers, contributing to increased teacher retention and job satisfaction.
Instructional Planning Collaboration: Partner with teachers to develop rigorous unit and lesson plans that align with course expectations and support credential attainment.
Feedback and Reflection Cycles: Engage teachers in reflective practice through non-evaluative feedback, coaching conversations, and goal setting.
Collaboration with CCR Teams: Coordinate with the Coordinator of CTE, Director of Career Academies, and school leaders to ensure coaching efforts are aligned to school and district priorities.",,,CTE Instructional Coach,CTE Instructional Coach,Coach,,Provides embedded coaching and instructional planning support for CTE programs.. Aligned with Coach KSACs.
Youth Transition Specialist,"Serves all schools from the district level with research-based best practices and direct assistance to school staff in serving families.  Plans strategically with district leaders and school staff to develop goals.  Serves on special projects and committees to provide input on challenges to success in family engagement._x000d_
_x000d_
",Bachelor's Degree from an accredited institution in a relevant field Required," Experience leading new initiatives in education, public administration, community development, or related field with proven success Preferred","‚Äã‚ÄãDevelops, coordinates, and provides high quality training sessions and workshops for schools to share with families based on needs assessments and the goals of schools based on family, school and community needs.
‚Äã‚ÄãDevelops and provides high quality training sessions and workshops to school staff to support capacity building for effective family-school partnerships.
‚Äã‚ÄãCreates, supports and participants in parent leadership activities.  Attends and assists with district events to promote family and community programs.
‚Äã‚ÄãMeets regularly with school staff and leadership to share expertise; links academic goals with family programs; coordinates events and opportunities at the district level; and establishes and maintains communications between families, community partners, schools, and other MNPS departments about events, programs, classes, and opportunities.
‚Äã‚ÄãCollaborates with various community partners to establish and or maintain effective family and community partnerships.
Provides department‚Äôs leadership information by researching, collecting, and analyzing data and communicating concerns about challenges to success in parent and community engagement.
Coordinates with MNPS departments to ensure necessary resources are provided for families.
Expands and enhances partnerships with community based organizations in support of goals and needs.  Collaborate with internal department in support of district wide initiative","DL NUMBER - Driver License, Valid and in State  Upon Hire Required","Strong interpersonal and communication skills.
Ability to work effectively and cooperatively with a wide range of constituencies in a diverse community.
Ability to communicate effectively, both orally and in writing.
Skill in organizing resources and establishing priorities.
Ability to make administrative/procedural decisions and judgments.
Proposal and grant writing skills.
Ability to create, compose, and edit written materials.",Youth Transition Specialist,Coach Family Involvement,Coach,,"Matches Coach KSACs, including Academic and Pedagogical Expertise, Goal Setting and Planning, and Learning Strategics and Techniques."
Coordinator of Postsecondary Scholars Initiatives,"The person in this role leads the design, implementation, and continuous improvement of targeted programming for high-achieving, low-income students across MNPS. This role ensures that students identified as aspiring scholars are supported through mentorship, enrichment, academic preparation, leadership development, and personalized advising that facilitates access to selective colleges and universities. In addition to overseeing the MNPS Scholars Initiative, the Coordinator plays a broader leadership role in building equity-driven postsecondary systems that remove barriers and expand opportunity for all advanced, high-potential students. A key outcome of this role is ensuring more students secure significant scholarships and achieve selective college admission, particularly through integration of the Scholars Initiative with the district's University MNPS strategy. The Coordinator must be a mission-driven leader who understands the systemic challenges facing first-generation and underrepresented students and is committed to building pathways to excellence through proactive, personalized support.",,,"Program Design and Leadership: Lead the development and implementation of the MNPS Scholars Initiative, ensuring program structure, timeline, and supports meet the needs of high-achieving, low-income students.
Scholar Identification and Recruitment: Partner with schools and nonprofit organizations to identify eligible students based on academic performance, leadership potential, and financial need.
Curriculum and Enrichment Coordination: Oversee the delivery of Saturday Seminars, summer programming, and other academic and leadership enrichment aligned with selective college readiness.
Advising and Application Support: Provide or coordinate 1:1 advising and support on college exploration, application strategy, financial aid navigation, and scholarship access.
Transition and Persistence Systems: Build systems for summer bridge, pre-college transition, and ongoing support during college to promote retention, persistence, and graduation.
Partnership Development: Cultivate partnerships with selective colleges, scholarship providers, nonprofits, and local organizations to enhance programming and opportunities.
Mentorship and Alumni Engagement: Build and manage mentorship programs and alumni networks that connect students to peer and professional support.
Equity and Access Advocacy: Use student data and program feedback to inform strategies that remove barriers to college access and improve outcomes for first-generation and low-income students.
Resource Development and Grant Alignment: Collaborate with internal and external stakeholders to seek funding opportunities, track outcomes, and ensure sustainability of the initiative.",,,Coordinator of Postsecondary Scholars Initiatives,Postsecondary Scholars Advisor,Advisor,,"Supports strategic postsecondary initiatives (e.g., FAFSA, Bridge programs); clear advising responsibilities.. Demonstrates program leadership and resource allocation responsibilities, distinguishing it from Advisor roles."
HR Specialist,"AssociateóClassroom works directly in a classroom to fill vacancies created when teachers are absent or on leave from the workplace. AssociateóClassroom will need to be flexible in filling short-term and/or long-term needs of a school. They may be asked to cover prep periods, provide lesson plans, engage in student supervision and/or instruction, proctor or administer student assessments, grade lessons or exams and enter results into records, attend parent conferences, collaborate with instructional team for planning, or other related duties.","AssociateóClassroom works directly in a classroom to fill vacancies created when teachers are absent or on leave from the workplace. AssociateóClassroom will need to be flexible in filling short-term and/or long-term needs of a school. They may be asked to cover prep periods, provide lesson plans, engage in student supervision and/or instruction, proctor or administer student assessments, grade lessons or exams and enter results into records, attend parent conferences, collaborate with instructional team for planning, or other related duties.",1-3 years work experience  Required,"Perform various instructional support tasks as assigned to facilitate the effective teaching of applicable subject matter and to maintain appropriate classroom environment. Provide tutoring/intervention services for students, as needed.
Work with instructional leaders to plan daily lessons to meet the needs of all students. Adapt teaching methods and instructional materials to meet studentsí varying needs and interests.
Follow the daily schedule (academic and supervisory), class rolls, lesson plans, and other information for the dayís activities as provided by the classroom teacher or school administration.   Proctor and grade examinations or lessons and enter results into the appropriate classroom records. Record attendance according to school policy.
Establish and enforce rules of behavior and procedures for maintaining effective classroom management to encourage student participation, minimize distractions, and maintain a positive learning environment.
Participate in meetings and/or assisting with school events as required
Supervise students both in and out of the classroom.
Establish and maintain satisfactory, respectful working relationships within the school environment and comply with all MNPS policies and state and federal laws.",,"Ability to communicate orally and in writing with students, parents, and others
Ability to plan, organize and establish priorities related to assignment.
Basic understanding and knowledge of current technology
Ability to handle sensitive information in a confidential manner.
Knowledge of School Board policies and practices as they relate to teaching.
Ability to handle problems, concerns and emotional distress with sensitivity and tact.
Ability to maintain appropriate student supervision so that students have a safe and orderly environment in which to learn.
Ability to assist in writing and following through with Individual Education Plan (IEP) goals.
Ability to work effectively with peers, administrators and others.
Ability to work independently and make decisions with minimum supervision.
Ability to handle multiple tasks in a professional and courteous manner.
Ability to answer a telephone in a professional and courteous manner.",HR Specialist,Tutor I,Tutor,II,"Matches the Tutor KSACs, including Educational Strategicies, Learning Styles, and Resoursefulness. Based on qualifications being higher than the minimum and the scope, position is a level 2."
Director of Career Academies,"The employee provides strategic and operational leadership for the Academies of Nashville and Career and Technical Education (CTE) programs across MNPS. As the district's liaison to the Tennessee Department of Education for CTE, this role ensures all CTE programming aligns with state expectations and is implemented with instructional excellence and compliance. The Director is also the public-facing leader of the nationally recognized Academies of Nashville model, serving as a connector between district strategic priorities and academy principles. This position plays a critical role in expanding access to industry-aligned learning pathways and ensuring all MNPS students graduate with the knowledge, skills, and experiences needed to succeed in college, career, and life. The Director leads a cross-functional team and regularly engages with business, industry, and community partners to advance the district's vision for college and career readiness. This position requires a dynamic, externally facing leader who can translate complex district priorities into actionable strategies grounded in the principles of relevance, rigor, and real-world readiness. The Director of Career Academies plays a central role in ensuring MNPS students graduate with meaningful credentials and experiences that connect learning to opportunity.",,,"Strategic Leadership and Alignment: Lead the development and implementation of a coherent vision for the Academies of Nashville and CTE that aligns to MNPS goals for postsecondary readiness and equity.
CTE Program Oversight: Ensure the quality, compliance, and instructional integrity of CTE programs of study across the district. Serve as the primary liaison with the Tennessee Department of Education on all CTE-related matters, including policy alignment, credentialing, funding, and accountability.
Academy Model Stewardship: Maintain fidelity to the core principles of the Academies of Nashville while evolving the model to meet changing district priorities and student needs. Promote consistency, innovation, and high standards across academy pathways.
Industry and Community Engagement: Represent MNPS to business, nonprofit, and civic leaders as the face of the Academies of Nashville. Build and sustain partnerships that expand student access to work-based learning, mentorships, internships, and real-world career experiences.
Cross-Departmental Collaboration: Coordinate closely with directors of Counseling, CCR Systems, and Advanced Academics to ensure that academy and CTE pathways are integrated into student advising, transition planning, and EPSO access strategies.
Equity and Access Leadership: Monitor participation and success data to identify and address gaps in access to high-quality career pathways. Lead initiatives to increase participation of underrepresented student populations in CTE and academy experiences.
Team Management and Capacity Building: Supervise coordinators and coaches responsible for CTE, workforce readiness, business partnerships, and compliance. Build a team culture grounded in collaboration, responsiveness, and continuous improvement.
System and Infrastructure Development: Oversee processes related to course offerings, budgeting, credential tracking, and facility readiness to ensure academy and CTE programming is well-resourced and operationally sound.",,,Director of Career Academies,Career Academies Director,Director,,"Leads the Academies of Nashville, supervising CTE, partnership development, and school implementation.. Demonstrates strategic leadership, project oversight, and team management responsibilities."
Payroll Records Specialist,"The Chef will assist in researching, developing and implementing various culinary training projects that will enhance Nutrition Services.  Develop and implement new recipes and menus that meet local, state, and federal guidelines.","The Chef will assist in researching, developing and implementing various culinary training projects that will enhance Nutrition Services.  Develop and implement new recipes and menus that meet local, state, and federal guidelines."," Minimum of two yearsí applicable experience in culinary arts, including training and developing staff and creating recipes Required","Checks the quality of raw or cooked food products to ensure that standards are met while staying abreast of regulations and ensures that cafeteria operations comply with federal, state and local laws.
Monitors sanitation practices to ensure that employees follow standards and regulations.
Demonstrates and operates kitchen equipment and assists staff in maintaining equipment.
Supervises and coordinates activities of cooks/workers engaged in food preparation and shares information on social media outlets.
Inspects supplies, equipment or work areas to ensure conformance to established standards.
Trains staff in the preparation, cooking, garnishing, or presentation of food in decorative displays.  Demonstrates and coachesí staff on timesaving and efficient culinary skills.
Collaborates with other stakeholders to plan and develop recipes or menus considering seasonal availability of ingredients and quantity needed. Estimates quantity and costs of supplies, food and ingredients to control cost and requisitions food supplies.","DL NUMBER - Driver License, Valid and in State Valid driverís license with a personal vehicle available for travelling to school sites daily  Required
SAFE Serve Certification   Required",,Payroll Records Specialist,Chef,Chef,,"Matches the Chef KSACs, including Culinary Techniques, Kitchen Management, and Cooking Methods."
Spec Truancy School Based,"As it relates to a high school's student population, responsible for ensuring that the legal requirements of MNPS to parents and students for student attendance have been satisfied and that student interventions to improve student attendance have been implemented. Actively works with school based personnel, students and their families and Central Office resources to support student attendance interventions.", Two years of higher education Preferred, A combination of post-secondary education and applicable work experience may be considered Required,"Participates in Support and Intervention meetings.
Monitors student attendance and provides necessary interventions.
Investigates student truancy; conducts and documents home visits, student interviews, parent interviews, etc., creates action plan recommendations to improve attendance at the student and school level.
Notifies parents/guardians of childís truancy and informs them of their legal responsibility to have their child attend school.
Petitions truant students to Juvenile Court or refers them to Metro Student Attendance Center (MSAC).
Supports schools in their efforts to improve student attendance in a variety of individualized interventions.
Works with MNPS Court Liaison to ensure all petitions are appropriately filed and within time constraints.
Compiles, updates and edits data and notes from investigations into computerized archives, spreadsheets, etc.",,Must be proficient in Microsoft Office Suite software.,Spec Truancy School Based,Truancy School Based Representative,Representative,,"The qualifications for this role do not match those of other specialists, only requiring a high school diploma or equivalent, with some years of higher education preferred. Furthermore, the role does not act as a subject-matter expert or provide any real expertise that implies a specialist. The role is mostly communicative with some monitoring and clerical work. The role monitors student attendance, notifying parents and guardians, and investigates as needed, while working with Juvenile Court or other stakeholders. These fit well with the KSACs of the representative role, including school facilities and resources knowledge, student support services, conflict resolution techniques, parent and guadian engagement, manages complexity, and negotiation skills."
Solutions Specialist II,"Provides support to instructional coaches and other key school staff in the interpretation and use of student data. Works collaboratively with assigned schools to assist with data reporting, school improvement planning, and professional development in the areas of data technology and test development, administration and utilization.",Bachelor's Degree in a related field of study Required,"1-3 years Directly related experience of improving student achievement in the classroom using a rich array of research-based instructional approaches, resources and technologies Required","Utilizes data warehouse and student management system and trains school level personnel to access available reports within assigned schools and at the district level.
Supports school and central office staff in the use of state/district assessments, reporting systems and other data as it becomes available.
Collaborates and assists in planning and training of instructional coaches and academy teams in data resources.
Works with school leadership, grade level teams, Academies, and data teams to develop methods for tracking student progress on the school and cluster level.
Facilitates and models the reporting of aggregated and disaggregated student data for school staff.
Provides support and works collaboratively with instructional coaches to facilitate effective data discussions and professional learning communities.
Assists school leadership teams in setting appropriate evaluation measures and targets for the school improvement plan. Assists school test coordinators in training staff on proper test administration and return practices.
Prepares for professional development, meetings, data conversations, and presentations through collection, analysis, and effective display of information. Attends training and other district meetings.",Teaching Certification/License Valid Tennessee teaching certificate  Required,Must be proficient with Microsoft Excel and have knowledge and skills in analyzing and using data for instructional decision making,Solutions Specialist II,Data Coach,Coach,,"Matches Coach KSACs, including Academic and Pedagogical Expertise, Performance Evaluation, and Learning Strategics and Techniques."
Product Specialist,"The Chief of Strategy is a critical leader in Nashville Public Schools (NPS), responsible for spearheading the development, execution, and performance tracking of the district's strategic plan and initiatives. This role ensures seamless alignment between the district's mission, vision, strategy, and innovation efforts.  As a key member of the executive leadership team, reporting to the Director of Schols, the Chief of Strategy will collaborate extensively with other executive leaders to gain a comprehensive understanding of district systems and program models, identify areas of need or opportunity, source and allocate resources to support strategic initiatives, create and incubate innovative processes and programs, monitor and evaluate the impact of strategic initiatives and foster a culture of innovation and excellence, positioning NPS as the premier large urban school district in Tennessee and beyond. ","The Chief of Strategy is a critical leader in Nashville Public Schools (NPS), responsible for spearheading the development, execution, and performance tracking of the district's strategic plan and initiatives. This role ensures seamless alignment between the district's mission, vision, strategy, and innovation efforts.  As a key member of the executive leadership team, reporting to the Director of Schols, the Chief of Strategy will collaborate extensively with other executive leaders to gain a comprehensive understanding of district systems and program models, identify areas of need or opportunity, source and allocate resources to support strategic initiatives, create and incubate innovative processes and programs, monitor and evaluate the impact of strategic initiatives and foster a culture of innovation and excellence, positioning NPS as the premier large urban school district in Tennessee and beyond. ",4-6 years or more of increasingly responsible leadership in public sector or educational strategic development and administration Required,"Act as the leader for strategic planning within the district, collaborating with the Director of Schools and executive leadership to design, monitor and evaluate the impact of strategic initiatives and new programs, using performance metrics and research based assessment methodologies to drive continuous improvement.
Establish key performance indicators and metrics to track project/intiative performance and outcomes while surfacing key findings and recommendations for improvement.
Identify, prioritize and lead high impact intiatives and programs in line with district strategies for enhancing educational outcomes and optimizing performance.  Bring innovative programs and projects online, from ideation and concept testing to implementation and integration into appropriate divisions of the district.
Collaborate with executive leadership to ensure seamless integration of innovative concepts, fostering a culture of innovation across the district.
Conduct in-depth research and analysis to inform innovation strategies.  Monitor trends, internal and external data, emerging technologies and educational strategies to identify opportunities for incorporating new methods and mechanisms into practice designed to drive instructional excellence and high academic outcomes for students while supporting equity.
Build partner relationships within the community to enhance innovation efforts.  In cooperation with Director of Schools, CFO and relevant internal stakeholders, source and allocate resources to support strategic initiatives, ensuring optimal use of district assets.",,"Excellent oral and written communication skills, ability to balance strong attention to detail and analytical skills with an engaging, consultative, relationship-focused approach to working with people.
Adept at managing a project from inception to completion, with the ability to prioritize and synthesize information in an analytical and systematic manner.
A comfort with ambiguity and competing priorities is vital.",Product Specialist,Strategy Chief,Chief,,"Matches the Chief KSACs, including Strategic Palnning, Leadership, and Visionary Thinking."
CCR Data Coach,"The poistion plays a key role in building educator and leader capacity to use data in support of college and career readiness outcomes. This role supports school-based and district staff in accessing, interpreting, and acting on key metrics related to Early Postsecondary Opportunities (EPSOs), ACT performance, FAFSA completion, credential attainment, and the Ready Graduate indicator. Unlike the Coordinator of CCR Data Systems, who manages infrastructure and reporting tools, the Data Coach provides professional learning and job-embedded support to ensure data is used meaningfully to inform decision-making, support equity, and drive continuous improvement. The Coach should be a collaborative, analytically minded educator who understands how to translate complex data into practical action. The CCR Data Coach ensures that data is not just collectedóbut understood, shared, and used to advance college and career readiness for all students.",,,"Data Literacy Coaching: Provide job-embedded coaching to counselors, teachers, coaches, and school leaders on interpreting and using CCR data to inform advising, instruction, and school planning.
Professional Learning Facilitation: Design and deliver professional development focused on data use, equity analysis, and CCR goal setting aligned with school improvement plans.
Tool Use and Application Support: Help staff access and effectively use CCR dashboards, data trackers, and planning tools created by the CCR Systems team.
Continuous Improvement Support: Guide school teams through reflective cycles using data to identify gaps, track progress, and adjust readiness strategies.
Cross-Functional Collaboration: Work in partnership with CCR directors, coordinators, and school-based teams to align data practices across advanced academics, career readiness, and counseling.
Readiness Goal Alignment: Ensure coaching and support is clearly tied to districtwide outcomes for Ready Graduate indicators and student postsecondary success.
Equity-Focused Data Use: Support staff in using data to identify opportunity gaps and develop targeted supports for historically underserved student populations.",,,CCR Data Coach,Postsecondary Data Coach,Coach,,"Data literacy, PD facilitation; aligns with KSACs for this role. Aligned with Coach KSACs."
"Director, College and Career Readiness Systems","The position serves as the strategic connector across all readiness programs in MNPS, driving coherence, efficiency, and alignment in how college and career readiness is executed across schools and departments. This role leads the design and refinement of cross-functional systems that integrate CCR programming, advising practices, data tools, and continuous improvement structures. As the architect of readiness infrastructure, the Director ensures that all students are supported by well-aligned systemsófrom AVID to dual enrollment to transition planningóthat collectively improve postsecondary outcomes and Ready Graduate performance. The Director supervises a cross-functional team responsible for CCR data, college access, AVID, and career readiness systems and serves as a strategic partner to other directors and executive leaders. This position requires a systems-oriented, strategic leader with deep expertise in operational design, data strategy, and collaborative leadership. The Director of CCR Systems ensures that every readiness program, data source, and advising structure functions as part of a seamless ecosystem that equips all MNPS students for life after graduation.",,,"System Design and Integration: Lead the creation and refinement of integrated systems that connect CCR programs (e.g., AVID, EPSOs, career experiences) with advising tools, student planning structures, and transition supports. Ensure these systems are intuitive, equitable, and scalable.
Strategic Coordination: Act as the central coordination point between the CCR departmentís directors to align programming, advising, data, and instructional supports. Facilitate collaboration and eliminate duplication across teams.
Data Infrastructure and Decision Support: Oversee the development of CCR data dashboards, reports, and performance tracking systems that drive informed decision-making at the school and district levels. Use data to identify gaps, monitor fidelity, and improve access to CCR programming.
Readiness Systems Improvement: Establish frameworks and protocols that support high-quality implementation of initiatives such as AVID, Ready Graduate tracking, and innovative readiness models. Lead cycles of improvement based on user feedback and outcome data.
Postsecondary Readiness Integration: Ensure that CCR programs are operationally integrated into the districtís Tiered Transition Planning framework and college and career advising systems. Collaborate closely with Counseling and Advanced Academics to embed these systems in student experiences.
Innovation Leadership: Identify, test, and scale new approaches to readiness that improve access to credentials, dual enrollment, work-based learning, and other EPSOs. Lead the internal development and operationalization of tools and processes that support innovation.
Team Management: Supervise a team of coordinators and analysts supporting AVID, CCR data, college access, and career readiness frameworks. Build a collaborative, forward-thinking team culture focused on equitable student outcomes.
Cross-Department Collaboration: Partner with IT, Research and Evaluation, school leadership, and postsecondary institutions to ensure systems are interoperable and aligned with both district priorities and community needs.",,,"Director, College and Career Readiness Systems",CCR Systems Director,Director,,"Cross-department system architecture and improvement. Demonstrates strategic leadership, project oversight, and team management responsibilities."
HR Specialist I,"Provides support to staff in the interpretation and use of data. Works collaboratively with other coordinators and coaches to assist with data reporting and professional development in the areas of data technology, administration and utilization. Oversees large scale projects and cross-collaborates with other departments for projects and support.",Master's Degree from accredited institution in related field Required," The candidate with have knowledge in setting up workflows, must have advanced technology, data management, and data analysis experience This candidate must also have an education background with an understanding in data, instruction, intervention, monitoring progress and experience with project management of large-scale projects  Required","Utilizes data warehouse, student management system, and other data sources to pull and analyze data. Trains necessary personnel to access available reports within assigned schools and at the district level.  Facilitates and models the reporting of student data for staff.
Prepares for professional development, meetings, data conversations, and presentations through collection, analysis, and effective display of information. Attends training and other district meetings.
Assists in the definition of project scope, goals and objectives; involving all relevant stakeholders.
Develops detailed project charters to manage, monitor and track project progress.
Prepares reports, manages and analyzes data needed for grants, KPIs, state reporting and special projects.
Integrates various forms of technology into department teams to streamline department processes, collect evidentiary data, and encourage more efficient communication and collaboration among team members.
Collaborate with other departments to make data usable and accessible to our schools, advocating for user friendly formatting and cross-collaboration among divisions.
Provide direct ongoing support to exceptional education staff related to collecting, manipulating, analyzing and presenting data from multiple data sources.
Provides support and works collaboratively with central office staff to facilitate effective data discussions both internally and with school level staff.
Assist in the development of virtual professional development opportunities using Schoology, Office365 and SharePoint. Communicate with stakeholders through various electronic outlets.
Continue professional growth and strengthen professional knowledge, skills and strategies; participate in professional development opportunities.", TN Certificated Administrator License  Required,"Microsoft Office
Data Warehouse
Infinite Campus
FastBridge
TNReady
SharePoint
EasyIEP
Project Management templates and tools",HR Specialist I,Analyst Exceptional Education Data II,Analyst,II,"Matches the Analyst KSACs the best, including Data Analysis, Analytical Thinking, and Teamwork. Given the increased scope but the lack of supervisory duties, I've placed this as a level II role."
Audit Specialist II,"Coordinates with the daily transactional review of compensation-related inquiries and requests.  Recommends, develops and implements an appropriate employee compensation structure.  Configures job families and job tracks.  Evaluates new job titles and conducts ongoing reclassification.  Responds to salary surveys.  Coordinates special projects such as: upgrades to the HRTMS job description database software, Market Pay salary survey software, and GGS global grading software; enhancements to current compensation processes; and evaluates new compensation programs.  Works in partnership with the rest of the Human Resources team to ensure that compensation and incentive programs are competitive in the market.","Bachelor's Degree  Required
Master's Degree  Preferred","1-3 years  Limited exposure to complex data analyses Required
1-3 years Progressive experience working within various functions in HR (recruiting, classification, payroll) Preferred","Performs staff support activities to develop, implement, and administer compensation policies and programs.
Reviews proposed salary adjustments for conformance to established guidelines, policies, and practices.
Develops and/or participates in compensation surveys to collect and analyze competitive salary information to determine company's competitive position.
Audits jobs for content and prepares job descriptions reflecting job responsibilities, activities, duties, and requirements.
Reviews requests for new or revised classifications to determine appropriate job family, job track, job title, and salary grade assignment.
Formulates recommendations regarding development of company salary structure, FLSA exemptions, job revisions, and organizational structures.
Reviews existing and proposed statutory requirements governing compensation administration and recommends appropriate courses of action.",,"Knowledge of compensation principles and procedures.
Skill in identifying the underlying principles, reasons, or facts of information by breaking down information or data into separate parts.
Skill in completing assignments accurately and with attention to detail.
Skill in intermediate to advanced excel functions.
Ability to communicate effectively in both oral and written form.
Knowledge of data analysis, business processes, and project management.
Must be proficient in Microsoft Office Suite and data analysis tools.",Audit Specialist II,Compensation Strategy Analyst I,Analyst,I,"Matches the Analyst KSACs, including statisitical analysis, industry trends, and analytical thinking. Based on qualifications and scope, position is level 1."
Spec IT Field Support,"Provides direct customer support and technical assistance to technology users in schools and other MNPS facilities.  Performs support tasks including hardware support for computers, printers, LCD projectors, and other ancillary technology hardware. Provides direct support to Windows and Apple (Mac OS and IOS) based devices. Installs miscellaneous software.  Creates and updates automated records of work performed. This job requires daily ad hoc travel in personal vehicle.", Post-secondary degree in technology or business field  Preferred, Two yearsí experience in field end-user support in customer service-focused enterprise computing environment setting Preferred,"Promotes and supports the use of technology as an effective teaching and productivity tool supporting innovative thinking and problem solving.
Advocates and models safe, legal and ethical use of digital information and technology, including respect for copyright, intellectual property, and the appropriate documentation of resources.  Advocates compliance with all district information technology policies.  Reports violations as required.
Installs and configures end-user technology systems/equipment in accordance with standardized MNPS procedures.
Triages user requests for assistance based on the impact to the teaching and learning process and various other factors.
Documents repair actions and other customer assistance activities. Processes equipment requiring repairs or upgrades in concert with other MNPS IT Support activities.
Applies troubleshooting techniques and resolves basic network problems.
Conducts ad hoc user technology training.
Supports the integration of technology into the curriculum.","DL NUMBER - Driver License, Valid and in State Valid Tennessee Driverís License   Required
 Current Microsoft, Cisco, A+ or Network Plus certifications  Preferred",0,Spec IT Field Support,It Field Support Technician,Technician,,"While the qualifications for the position are on par with some specialist positions, with two yearsí experience, higher education preferred, and a subject matter certification required, the role itself does not act as a specialist. The role does have subject matter expertise and industry-specific knowledge but does not require the creativity or cultural intelligence of the specialist classification and requires little regulatory compliance. Instead, the role matches with Technician, with the Technical expertise required, Repair and Restoration, and most importantly, the Diagnostic Techniques and troubleshooting, which is a major part of the role."
Accounts Specialist II,"The essential function of the position within the organization is to provide physical therapy service for designated students.  The position is responsible for providing physical therapy, assessing students' needs, maintaining service records, and preparing reports.  The position works under general supervision according to some procedures; decides how and when to complete tasks.",Associate's Degree or the equivalent of two years of college or vocational school education resulting in approved certification as a Physical Therapist Assistant Required,less than 1 year of related experience Required,"Provides school-related physical therapy services for designated students according to individual goals.
Follows therapy intervention strategies related to classroom activities.
Assists Physical Therapy staff in identifying and assessing studentsí basic skills and abilities in gross motor function, balance and equilibrium, orthopedic status, motor planning, developmental function, range of motion, postural tone, gait, reflex integration, and kinesthesia.
Monitors use of adaptive equipment and other assistive device during therapy service sessions with students.
Recommends or develops assistive devices used in classrooms.
Provides assistance to classroom teachers by demonstrating exercises and activities.
Documents therapy received and records progress; maintains a variety of service related logs and prepares reports.
Inputs student data to personal computer and extracts lists of students receiving services.
Orders supplies, equipment, and assessment materials.
Contacts School District staff, parents, physicians, and various agencies related to physical therapy services.
Meets with Physical Therapists to report parent and teacher concerns and issues.",PTA - Physical Therapist Assistant State registration  Required,0,Accounts Specialist II,Physical Therapy Assistant,Assistant,I,"Matches Therapy KSACs the best, but does not meet the minimum requirements of the position. As a result, Assistant was chosen as the next best fit due to KSACs such as Administrative Procedures, computer skills, collaborates, and customer focus. Due to the limited scope of the position and the qualifications nearly matching the minimum bounds of the assistant position, this is a level 1. "
Culinary Services Specialist,"This position is generally assigned the more challenging sourcing and contracting projects.  Works with minimal supervision, manages own time effectively, maintains control over all current projects/responsibilities and informs management of project updates and status. May have lead responsibilities for other staff members.  Follows up on all relevant issues. Technical Competence: Possesses necessary knowledge to effectively perform job and able to apply what he/she has learned about his/her job.  An accomplished procurement enterprise system user.",Bachelor's Degree (Post Graduate or Certified in Procurement) Required, 3 to 5 years of progressively more demanding work in a related field of experience Required,"Provide guidance to clients in developing the Scope of Work, establishing desired outcomes and deliverables, and creating evaluation criteria (functional requirements for ITBs) that ensure the fair and accurate selection of suppliers based on these expectations.
Lead sourcing events that are fair, equitable, and inclusive for all potential suppliers, ensuring they include at a minimum:
 ï Clear and effective Scopes of Work
 ï Realistic schedules that align with the clientís needs
 ï Clearly defined and achievable outcomes/deliverables
 ï Evaluation criteria tailored to each sourcing event
 ï Requirements for responsive offers and responsible suppliers
 ï Appropriate contract terms
Develop contract documents that may include, but are not limited to:
 ï Scope of Work
 ï Desired outcomes/deliverables
 ï Performance expectations
 ï Contract term
 ï Cost structure and contract value
 ï Contract exhibits based on the sourcing event and submitted proposals
If applicable, negotiate terms and conditions with the supplier to secure the most favorable outcome for MNPS.
Facilitate the electronic signature process to ensure contracts are fully executed and properly filed with the Metropolitan Clerk.
Manage contracts throughout their life cycle, addressing tasks such as contract amendments, performance discussions (including breaches), problem resolution, and drafting contract termination letters.
Ensure compliance with MNPS Board policies and procedures, T.C.A., and federal laws around procurement; prepare contract summaries to be presented to the Board when necessary.
Perform other assignments as directed by the Director or upper management
Employees in this role are expected to complete assignments with minimal supervision and demonstrate initiative in their work."," Certifications through ISM, NIGP, or APICS  Preferred","Analytical, mathematical, logical assessment of written proposals, collaboration of ideas, demonstrated ability to speak to large audiences, leading and influencing others (often holding higher level positions), demonstrated negotiation skills, ability to use multiple enterprise level applications and ability to function as part of a larger team.",Culinary Services Specialist,Contracts Agent II,Agent,II,"Matches the Agent KSACs, including contract negotiation and client relationship management. Based on qualifications and scope, but also the limited number of Agent roles, position is level 2."
Elementary Education Specialist,"The Department of Research, Assessment, and Evaluation is dedicated to supporting Metro Nashville Public Schools in implementing data-informed and evidence-based policy and practice. The Data Analyst ñ ESSER plays a critical role in supporting the department's Research and Evaluation team with cleaning, documenting, analyzing, and reporting on quantitative student, employee, and school data to support research on and evaluation of ESSER-related initiatives and programs. The Data Analyst will spend a majority of their time working with large, complex data sets to create a research-ready database and dashboards. ",Master's Degree in relevant field Required, Experience in research design Preferred,"Lead the development of a new research-ready†longitudinal†database, including gathering requirements,†developing business rules, determining data table structures, cleaning data, and writing detailed documentation. The database will be created to support research on and evaluation of activities that address needs of low-income students, students with disabilities, English Learners, racial and ethnic minorities, students experiencing homelessness, and foster care youths.
Lead the design process for†creating clear and compelling†data visualizations†and/or†interactive†data dashboards for families, faculty, and staff to assist in completing unfinished learning and to assist students to meet academic and non-academic goals.
Independently prepare data and/or analyses in support of the departmentís research and evaluation agenda and the research-practice partnership with Peabody College.
Create custom datasets for internal and external researchers and evaluators. This includes assisting researchers and evaluators in identifying necessary data elements.
Fulfill internal and external requests for†record-level and aggregate†data,†such as†public†records†requests on ESSER-funded programs and initiatives, in a timely manner.
Work with district cyber security manager to ensure data security and protection of personally identifiable information while providing appropriate student and/or staff data to researchers or families.
Prepare data for local, state, and federal reporting, as needed.
Produce clear written summaries†(e.g. reports, briefs, one-pagers, and slides)†of data and/or†analyses for non-technical audiences.
Support colleagues and others†with understanding†and interpreting†complex data to improve academic outcomes.
Support†the department with†conducting†quality assurance†of data†and†reports.",,"The Data Analyst ñ ESSER must be comfortable writing code to clean and analyze large, complex data sets using statistical software, e.g. SPSS (preferred), Stata, or R.
Familiarity with SQL, Excel (including macros), and Power BI (or similar software) is preferred.
Superior attention to detail is essential.",Elementary Education Specialist,Data RAE ESSER Analyst III,Analyst,III,"Matches the Analyst KSACs the best, including Data Analysis, Analytical Thinking, and Attention to detail. Given the increased scope and project leading, I'd slot this as a III."
Analyst for CCR Data,"The role supports the development and maintenance of data systems that inform and advance college and career readiness efforts across MNPS. This role is responsible for collecting, organizing, analyzing, and visualizing data related to key metrics such as Early Postsecondary Opportunities (EPSOs), Ready Graduate indicators, FAFSA completion, credential attainment, and postsecondary outcomes. Working in close collaboration with the CCR Systems team, school leaders, and other district departments, the analyst helps ensure that data is accurate, timely, and actionable. This role is ideal for a detail-oriented and mission-driven data professional who can connect technical expertise with a passion for educational equity and postsecondary success.",,,"Data System Support: Maintain and improve dashboards, trackers, and reporting tools that monitor key college and career readiness metrics.
Data Collection and Management: Collect and validate data from multiple sources, including state databases, internal systems, and external partners.
Analysis and Visualization: Analyze trends and disaggregate data to support CCR planning and program evaluation. Develop user-friendly visualizations to support data use among non-technical audiences.
Cross-Team Collaboration: Work with CCR coordinators, coaches, and directors to understand data needs and ensure tools are aligned to district strategies and school support routines.
Technical Assistance: Provide technical support to district and school staff using CCR data systems. Troubleshoot issues and deliver guidance to improve system usage.
Equity-Focused Reporting: Disaggregate and analyze data by subgroup to help identify opportunity gaps and inform targeted interventions.
Performance Monitoring: Support ongoing review of CCR implementation through participation in data reviews and the development of internal progress monitoring tools.
Collaboration with Research and IT: Coordinate with the Office of Research, Assessment, and Evaluation and the Department of Information Technology to ensure data system interoperability and reporting accuracy.",,,Analyst for CCR Data,CCR Data Analyst II,Analyst,II,"Independent data support, less cross-program leadership. Aligned with Analyst KSACs; role focused primarily on data development and reporting."
Coordinator of Gifted and Talented Education,"The incumbent is responsible for leading the districtwide implementation and continuous improvement of gifted education services in MNPS. This role ensures that the district's nearly 80 Gifted and Talented Teachers (GTTs) are supported with tools, training, and resources necessary to provide high-quality instruction to gifted learners. The Coordinator serves as the primary point of contact for all GATE-related inquiries and guidance for principals, school staff, families, and community members. In collaboration with the Director of Advanced Academics and district leadership, the Coordinator ensures compliance with state and federal mandates and promotes equitable access to gifted services across schools. This position requires a proactive, responsive, and equity-driven leader with deep knowledge of gifted education. The Coordinator ensures that all gifted learners in MNPS are identified, supported, and challenged through high-quality, consistent, and inclusive programming.",,,"Program Implementation and Support: Coordinate the implementation of gifted education services across all grade levels in alignment with state and national standards.
School-Based Support: Serve as the primary liaison for school-based staff and principals to address questions, provide guidance, and ensure consistent implementation of GATE services.
Educator Support and Development: Support and mentor Gifted and Talented Teachers through regular communication, coaching, and resource sharing. Collaborate on professional learning design and delivery tailored to the needs of GTTs.
Communication and Engagement: Serve as the primary point of contact for families and community stakeholders regarding gifted education. Maintain clear, timely communication and support inclusive outreach.
Resource and Tool Management: Maintain and disseminate instructional tools, curriculum resources, and planning guides to support differentiated instruction for gifted learners.
Program Monitoring and Improvement: Collaborate with CCR Systems and data teams to support program tracking, identify areas for growth, and ensure equitable access to gifted services across schools.
Collaboration: Work closely with the Director of Advanced Academics, Advanced Academics Coach, and other CCR team members to ensure gifted services are well-integrated into the broader readiness framework.
Screening and Identification Coordination: Lead logistics and communication for gifted identification processes, including universal screening and placement procedures.
Special Programming Support: Support planning and execution of enrichment opportunities such as summer programming, academic competitions, and talent development initiatives.",,,Coordinator of Gifted and Talented Education,Gifted and Talented Education Coordinator,Coordinator,,"Leads program implementation and alignment for gifted learners; strategic and instructional support role.. Demonstrates program leadership and resource allocation responsibilities, distinguishing it from Advisor roles."
Data Projects Specialist,"Assists EL and content teachers in meeting the needs of English Learners (ELs) students in planning, modeling, and coaching differentiated lesson based on the proficiency levels of the students.  Assists school staff in reviewing and utilizing EL data, and identifying and facilitating professional development based on school data.","Assists EL and content teachers in meeting the needs of English Learners (ELs) students in planning, modeling, and coaching differentiated lesson based on the proficiency levels of the students.  Assists school staff in reviewing and utilizing EL data, and identifying and facilitating professional development based on school data.",1-3 years Classroom teaching experience  Required,"Reviews English Learners data with administrators and teachers to develop service models, plan lessons, and deliver instruction.
Conducts professional development about language acquisition and strategies embedded in content.
Conducts and facilitates departmental and grade level PLCs sessions to assist with planning and collaboration for instruction and meaningful differentiation in classrooms.
Conducts coaching cycles and classroom visits and provides feedback to teachers.  Models lessons and instructional strategies for teachers.
Knowledge of best practices in adult learning, teaching methods and teaching skills and the ability to use and model them.
Demonstrated ability to analyze student performance data, then, formulate instructional strategies to meet student needs.",Teaching Certification/License Current TN teaching license and EL endorsement  Required,,Data Projects Specialist,Coach EL School Based,Coach,,"Matches Coach KSACs, including Academic and Pedagogical Expertise, Performance Evaluation, and Learning Strategics and Techniques."
Data Specialist III,"Assists with data collection, analysis, and reporting.  Responds to data requests.  Responsible for loading student data into the State's Educational Information System and monitoring activities related to student improvement data.",Bachelor's Degree In applicable field  Required, Two (2) or more years related experience Required,"Maintains a functional understanding of existing data sources, structures, and data organization.
Generates, reviews and uploads data extracts from the student management system to EIS.
Maintains computerized collection and tracking of relevant data, converting and importing data from different file types as necessary. Utilizes software packages to organize and merge data files.
Responds to basic data requests from District staff and community stakeholders. Describes available data and identifies relevant information.
Maintains data quality by troubleshooting and correcting problems.
Maintains knowledge of state reporting changes and communicates procedural changes to users of the student management system to ensure district compliance.
Creates data documentation substantiated with specific facts. Ensures that documents can be understood by technical and non-technical personnel.",,"Must be proficient in or have the aptitude for software packages such as WORD, EXCEL, and SPSS.",Data Specialist III,Literacy Teacher Development Coach,Coach,,"Matches Coach KSACs, including Academic and Pedagogical Expertise, Performance Evaluation, and Learning Strategics and Techniques."
Accounting Specialist I,Works cooperatively with departmental staff as well as other departments within the district and external users or vendors of MNPS. Provides Tier I and II technical support for users of learning systems. Assists with hardware and software testing.,Master's Degree from an accredited institution in related field Preferred, A minimum of three (3) years successful in an end user technical support role Required,"Provides Tier I and II support for Apple devices, interactive panels, and other managed instructional applications and interoperative systems.
Lead the support of instructional hardware in the district as assigned, advancing the proliferation of technology populations and usage.
Collaborate with Technology Services and vendors to configure software and equipment to support instructional learning systems.
Recommends and executes modifications to systems, following the districts change control process, to improve efficiency, reliability, usability and performance.
Assists in implementation and maintenance of policies, procedures and associated training plans for systems administration and their appropriate use.
Ensures\enforces security standards as it relates to, information interchange\file security, server\application hardening, and account management.
Participates in key process improvements for Apple Computer, iPad, Promethean Panel, and all other brands of Interactive White Boards and Panels.
Monitors technology trends and serves as a liaison to vendors of foundational technology.  Responsible for suggesting and evaluating new items of technology hardware.",,"Knowledge of support and maintenance of devices including MacOS computers, iPads, Touchscreen panels and Interactive White Boards.
Experience providing support in a remote capacity.
Exceptional judgment and professionalism, with the ability to adapt to a changing environment.
Must be a team player with the ability to work collaboratively with others.
Understanding of the educational landscape
Ability to be flexible in prioritizing key activities, while managing / meeting stakeholder expectations.
Ability to manage multiple assignments and meet all required timelines,
Able to assess, diagnose, and troubleshoot technical issues. Strong communication and collaboration skills.",Accounting Specialist I,Learning Systems Support Technician III,Technician,III,"The best match, for the diagnostic work done, but does not fully capture the scope of the work done in this role. May need to be further evaulated. Why is it an 'Admin'? "
Director of Counseling and Advising,"The person in this role leads the strategic development and implementation of comprehensive school counseling and postsecondary advising systems across all MNPS schools. This role ensures that academic, social-emotional, and college and career readiness advising are delivered in a cohesive, equitable, and student-centered manner. As a key leader in the CCR department, the Director is responsible for supporting school-based counselors, managing centralized supports, and aligning all advising efforts with the district's Tiered Transition Planning framework and Ready Graduate metrics. The Director works collaboratively across departments to embed postsecondary planning into daily school experiences, ensuring every MNPS student receives timely, data-informed, and personalized guidance throughout their Kñ12 journey. This position calls for an experienced, equity-driven leader who can translate vision into systems that guide every student toward a purposeful and well-supported postsecondary path. The Director of Counseling and Advising is central to ensuring that MNPS students receive timely, informed, and individualized guidance that prepares them for college, career, and life.",,,"Advising System Design: Lead the development and refinement of districtwide counseling and advising frameworks that align with national best practices, state requirements, and MNPS readiness goals.
Tiered Transition Planning Oversight: Ensure high-quality implementation of Tiered Transition Planning across all grade levels, with particular emphasis on key postsecondary transition points in grades 8, 10, and 12.
School-Based Counselor Support: Provide vision, structure, and systems that enable counselors to deliver aligned and impactful services, including tools, data protocols, scheduling support, and professional development.
Readiness Integration: Ensure advising is fully integrated with advanced academics, career pathways, EPSO participation, and other district CCR initiatives.
Professional Learning and Capacity Building: Develop and manage a districtwide professional development plan to support school counselors, college and career readiness coaches, and advising teams.
Data-Driven Improvement: Monitor key advising-related performance indicators (e.g., FAFSA, postsecondary match, EPSO access and success, transition completion) and use the data to inform continuous improvement.
Family and Community Engagement: Collaborate with the Family Engagement team and external organizations to ensure families are well-informed partners in advising processes and postsecondary planning.
Cross-Functional Collaboration: Work in close coordination with CCR directors, school leaders, and central office departments to ensure advising is embedded across school experiences and is consistently supported.
Equity Leadership: Identify gaps in access to high-quality advising and postsecondary planning resources. Design and lead targeted efforts to support historically underserved students and communities.
Team Leadership: Supervise a team of coordinators and coaches to support counseling and advising across grade levels, ensuring consistent implementation, aligned messaging, and a culture of shared accountability for student success.",,,Director of Counseling and Advising,Counseling and Advising Director,Director,,"Strategic oversight, school-level support, program integration. Demonstrates strategic leadership, project oversight, and team management responsibilities."
Data Specialist III,"Assists with data collection, analysis, and reporting.  Responds to data requests.  Responsible for loading student data into the State's Educational Information System and monitoring activities related to student improvement data.",Bachelor's Degree In applicable field  Required, Two (2) or more years related experience Required,"Maintains a functional understanding of existing data sources, structures, and data organization.
Generates, reviews and uploads data extracts from the student management system to EIS.
Maintains computerized collection and tracking of relevant data, converting and importing data from different file types as necessary. Utilizes software packages to organize and merge data files.
Responds to basic data requests from District staff and community stakeholders. Describes available data and identifies relevant information.
Maintains data quality by troubleshooting and correcting problems.
Maintains knowledge of state reporting changes and communicates procedural changes to users of the student management system to ensure district compliance.
Creates data documentation substantiated with specific facts. Ensures that documents can be understood by technical and non-technical personnel.",,"Must be proficient in or have the aptitude for software packages such as WORD, EXCEL, and SPSS.",Data Specialist III,Data Quality and Integrity Analyst I,Analyst,I,"Matches the Analyst KSACs the best, including Data Analysis, Analytical Thinking, and Attention to detail. Given the lower scope and the lack of supervisory duties, I've placed this as a level I role."
Behavioral Specialist II,"Provides technical expertise to manage and administer enterprise application(s).  Defines, develops and implements strategies within the guidelines of the district's strategic framework and technology plan. Provides leadership and works with technical teams, department and business stakeholders and vendors to ensure an application's reliability, functionality and value in the district.",Bachelor's Degree  or year for year directly related work experience Required,1-3 years Application support/management Required,"Implements, administers, and manages life cycle of specified enterprise application(s).
Researches, defines and develops standards, proposals and process, and manages resources to ensure outstanding customer service, process improvements and incident resolution.
Work with vendors, stakeholders and senior management to develop, update and communicate product roadmaps.
Monitors and reports product availability, reliability, and vendor responsiveness in comparison to agreed upon service level agreements. Regularly meets with vendors to review and improve product and vendor performances, processes, and enhancements.
Coordinates with business owners, enterprise teams, and users in the development and implementation of business rules that govern access and use of enterprise applications.
Consistently collaborates with other enterprise teams to solve complex procedural, operational and technical problems.
Foster and manage relationships with stakeholders, customers and vendor partners.
Perform other related duties as assigned by the MNPS TIS EDS Management.",,"Strong knowledge of databases structures and applications lifecycles.
Plan and organize multiple projects simultaneously and adapt when necessary.
Understanding of enterprise level applications and data systems.
Ability to work collaboratively and communicate effectively.
Work and collaborate with cross functional teams",Behavioral Specialist II,Budget and Financial Reporting Director,Director,,"Matches the Director KSACs, including Financial Management, Leadership, and Strategic Management."
Contracting Specialist,"Serves as a member of the Social and Emotional Learning Leadership Team and on various district level committees. Supervises and directs BCBAs on Behavior Support Team in providing consultation and training to teachers, parents, related service providers, and other school professionals. Provides evaluation of staff. Collaborates with outside service providers.","Serves as a member of the Social and Emotional Learning Leadership Team and on various district level committees. Supervises and directs BCBAs on Behavior Support Team in providing consultation and training to teachers, parents, related service providers, and other school professionals. Provides evaluation of staff. Collaborates with outside service providers.", Current BCBA certification and Tennessee licensure as a Behavior Analyst  Required,"Oversees the cluster referral process for behavior analysts.
Evaluates Behavior Support Team protocols and procedures, and staff effectiveness.
Develops and conducts professional development for individual schools, staff and district-wide.
Develops materials (including protocols, service summaries, and overviews of behavior supports) to support school personnel.
Provides individual case management coaching to staff.
Works in conjunction with other MNPS leadership to address student, school and district needs/priorities.
Develops data collection systems in collaboration with school and district personnel to track behavior and academic progress.
Keeps abreast of best practices and changes in Federal, State and Local laws and BACB/Tennessee LBA requirements. Makes recommended changes based on best practices.", Current Board Certified Behavior Analyst (BCBA certification) and Tennessee Licensed Behavior Analyst (LBA)  Required,"Has knowledge of Applied Behavior Analysis research, evaluation, strategies, theories, techniques, and methods of instruction.
Understands, core concepts of ABA; successful experience designing and delivering professional development;
Ability to engage a variety of stakeholders;
Ability to work independently and in collaboration with other teams;
Strong interpersonal skills and the ability to create trusting relationships;
Strong organizational skills with outstanding attention to detail; Proficient in MS PowerPoint, Word, and Excel.
Ability to make decisions using information from all relevant sources;
Ability to deliver sensitive information to staff; ability to give performance feedback in a professional and effective manner.",Contracting Specialist,Behavior Support Team Coordinator,Coordinator,,"Matches the KSACs for Coordinator, including Project Management, Task Delegation, Team Coordination, and Budget Management."
Spec Behavior BCBA Ex Ed,"Position for a BCBA on the Exceptional Education Behavior Coaching Team (EEBCT) primarily supporting a quadrant within the district. Responsibilities include building capacity at the school level through training MNPS employees in implementation of evidence-based practices and behavior analytic strategies, providing behavior support through modeling and coaching of strategies to school staff, and conducting functional behavior assessments and/or analysis.
",Master's Degree or higher Required," Experience using Excel, powerpoint and other technology related to staff training and data analysis  Required","Develops, implements and assists in training MNPS staff on behavior analytic and evidence-based procedures with students, including but not limited to discrete trial training, functional behavior assessments, behavior intervention plans, data collection procedures, naturalistic teaching procedures, contingencies of reinforcement, and discrimination training.
Guides psychologists and school teams in conducting FBAís, preference assessments, individualized assessment procedures and development of behavior intervention plans and fidelity checks.
Conducts functional analyses.
Coaches and guides school teams through data collection, graphing, analysis, procedural fidelity checks, and troubleshooting of studentsí behavior data.
Attends district, quadrant, school, and team meetings, as needed; completes action items, as assigned.
Reviews and applies most recent peer-reviewed research and evidence-based practices, as applicable.
Participates and assists in the development and refining of MNPS procedures and protocols regarding the EEBCT, and creation of related documents.
Complies with both MNPS and BACB standards in ethical handling and management of student data, documentation.
Maintain good standing and certification through the requirements of the BACB, complete annual renewal of certification, maintain state licensure requirements set by TN Dept of Health, and comply with the BACBís ethical code of conduct.
Provide supervision of RBTís and interns, as assigned, and in compliance with supervision requirements mandated by the BACB.
Participates professionally and respectfully as a member of a multi-disciplinary team at the district and school team level to support policy, systems and individualized plans."," Board Certified Behavior Analyst (BCBA) Upon Hire Required
 Licensed Behavior Analyst (LBA;TN)
 Upon Hire Required","Effective communication and collaboration as a multi-disciplinary team member.
Ability to train on behavior analytic topics within small and large group settings.",Spec Behavior BCBA Ex Ed,BCBA Exceptional Education Therapist,Therapist,,"While there are some similarities between the role and the specialist classification: The BCBA acts as a subject-matter expert, complies with standards and ensures compliance, both of which are laid out in the KSACs for the specialist role; the degree qualifications, licensure requirements, and the coaching aspects of the role are too high-level. Instead, several KSACs of the therapist role match with the essential functions of this role, including managing conflict crisis intervention, and therapy modalities."
Analyst for Compliance and Grants,"The rolents supports the effective and compliant implementation of college and career readiness initiatives by monitoring grant requirements, managing reporting processes, and ensuring alignment to local, state, and federal regulations. This role plays a critical function in supporting the district's Career and Technical Education (CTE) program, with a primary focus on Perkins V compliance, while also supporting other CCR-related grants and initiatives. The analyst must be highly skilled in collecting, managing, and analyzing data to support program fidelity, track outcomes, and inform decision-making. This Analyst should be a detail-oriented, analytical professional who can manage complex data and compliance processes while supporting the district's broader vision for equity, access, and student readiness.",,,"Grant Compliance Oversight: Ensure district compliance with Perkins V and other relevant grant requirements, including programmatic, fiscal, and reporting components.
Data Collection and Management: Gather, organize, and validate data related to student enrollment, program participation, credential attainment, and other key indicators. Work with CCR data and systems teams to ensure accurate and timely reporting.
Monitoring and Documentation: Develop and maintain tracking tools and documentation systems that demonstrate program implementation and compliance.
Reporting and Submission: Prepare and submit required reports for state and federal entities. Ensure accuracy, alignment, and timeliness in collaboration with CCR leadership and district grant offices.
Cross-Functional Collaboration: Work closely with the Director of Career Academies, CTE Coordinator, CCR Systems team, and other relevant departments to align data practices and grant-funded initiatives.
Audit and Monitoring Support: Prepare documentation and support district readiness for state and federal audits, reviews, or technical assistance visits.
Funding Alignment and Impact Support: Assist in evaluating the effectiveness of grant-funded initiatives and ensure that investments align with intended CCR outcomes.
Technical Assistance: Serve as a resource to school-based and central office teams on compliance expectations, allowable use of funds, and documentation protocols.",,,Analyst for Compliance and Grants,Compliance Analyst II,Analyst,II,Grant compliance and tracking; solid Level II. Aligned with Analyst KSACs; role focused primarily on data development and reporting.
Spec Boundary Planning ,"Maintains the multiple databases of ArcGIS and Edulog boundaries to ensure integrity for student assignment, student projections and various special studies.

","Bachelor's Degree from an accredited college 	or university Preferred"," Proven work experience and Microsoft Office products including Word, PowerPoint and Access  Required","Develop and maintain school attendance boundaries utilizing ArcGIS and Edulog software .
Maintain a geo-database of currently enrolled students.
Develop and maintain Student Assignment maps and generate various custom maps for other MNPS departments by using ArcGIS software.
Interface with the Transportation Department to perform boundary editing and provide updates to zoning boundaries in the Edulog software.
Perform various demographic analyses and generate reports.
Assist in generating annual and semi-annual student enrollment projections.
Assist other Student Assignment staff members with technical assistance using Microsoft Office and other applications.
Performs other duties or tasks as required or assigned which are reasonably within the scope of the responsibilities in this job classification.",,"Working knowledge of GIS software is desirable
Strong computer and data entry skills
Ability to read and interpret a map
Comprehension of student assignment terminology and overall operations of same
Understanding of GIS principals
Familiarity with District
Ability to adapt to a continual changing work environment
Ability to interact with multiple departments within the Metro system on a daily basis
Ability to work extra/overtime hours as needed during peak operational periods
Proven organizational and communicational skills",Spec Boundary Planning ,Boundary Planning Technician,Technician,,"The qualifications for this role do not match those of other specialists, only requiring a high school diploma or equivalent, with a bachelorís preferred. Some proven work experience with industry technology is required, but no specific metric is given. Furthermore, the essential functions of the position match best with that of a technician. Equipment maintenance, such as maintaining school attend boundaries using technical skills. Situational adaptability, which is required when assisting other staff members, as well as diagnostic techniques and problem-solving."
Manager of Gifted and Talented Education,"The person in this position supports the effective implementation and continuous improvement of gifted education services across MNPS. Reporting to the Coordinator of Gifted and Talented Education, this role is responsible for mentoring and supporting the district's Gifted and Talented Teachers (GTTs), coordinating professional learning, and helping ensure alignment with national standards and district priorities. The Manager also supports school-based implementation, facilitates program development, and helps strengthen instructional practices for advanced learners. The Manager must be an experienced educator with deep knowledge of gifted education, strong collaboration skills, and a passion for supporting teachers and advancing instructional excellence for advanced learners.",,,"Educator Support and Mentorship: Provide ongoing coaching, support, and instructional guidance to Gifted and Talented Teachers across the district.
Professional Learning: Plan and facilitate professional learning experiences that build educator capacity in identifying, serving, and challenging gifted students.
Curriculum and Instructional Support: Assist GTTs in developing differentiated instructional strategies and materials that meet the needs of diverse gifted learners.
Collaboration and Alignment: Work with the Coordinator of Gifted and Talented Education and the Director of Advanced Academics to ensure program alignment with the broader academic readiness and equity strategies.
Program Implementation Assistance: Support the implementation of GATE services at the school level by responding to educator questions, resolving instructional challenges, and promoting consistency across sites.
Resource Development: Create and disseminate tools and materials that enhance program quality and instructional delivery.
Screening and Enrichment Support: Assist with gifted screening processes and support the implementation of supplemental and enrichment opportunities, including summer programming.
Family and Community Engagement: Participate in outreach efforts and events to inform families and community stakeholders about gifted services and programming opportunities.",,,Manager of Gifted and Talented Education,GATE Instruction Coach,Coach,,"Coaches educators, supports differentiated instruction for gifted learners. Aligned with Coach KSACs."
Executive Director of Counseling and Advising,"The position leads MNPS's vision and execution of a districtwide, equity-centered counseling and advising strategy. This role ensures students receive high-quality academic, social-emotional, and postsecondary guidance by building aligned systems that support counselors, advising teams, and transition planning. The Executive Director leads the development of Tiered Transition Planning and advising practices aligned to the Portrait of a Graduate, ensuring that all students graduate with a personalized plan and the tools to pursue it. This position connects departmental efforts directly to district strategic goals around postsecondary access, equity, and student success.",,,"Strategic Vision & Program Leadership: Set a comprehensive vision for Kñ12 advising and counseling that aligns with district priorities, Ready Graduate goals, and the MNPS Portrait of a Graduate.
Kñ12 System Design & Oversight: Design and oversee advising systems and tools that span all grade bands, with distinct attention to developmental needs and strategic postsecondary planning.
Equity-Focused Systems Development: Develop systems that proactively address advising and access gaps for historically underserved students through data-informed design and intervention.
Performance & Practice Standards: Define performance expectations for school counselors and CCR advisors; establish systems to monitor and support implementation.
Capacity Building: Lead the development and delivery of professional learning for school counselors, CCR coaches, and advising teams aligned to state and national standards.
Integrated Transition Planning: Ensure consistent implementation of Tiered Transition Planning, including the Four-Year and Beyond Plan, across all schools and grade levels.
Data-Driven Decision-Making: Use advising and transition data to identify advising trends, measure outcomes, and drive continuous improvement in postsecondary advising systems.
Cross-Functional Collaboration: Work closely with CCR directors and school leaders to embed advising strategies across advanced academics, career pathways, and instructional programming.
External Partnership Management: Represent MNPS in advising-related initiatives with postsecondary partners, scholarship organizations, and external advocacy groups.
Continuous Improvement & Innovation: Lead cycles of improvement that refine advising structures and ensure they adapt to evolving postsecondary demands.
Cross-Department Alignment: Ensure advising and counseling strategies are tightly integrated with teaching and learning, SEL, and other districtwide initiatives.
Policy & Advocacy: Monitor changes in advising and postsecondary policy, advocate for reforms that benefit MNPS students, and support alignment with state initiatives.
Resource Stewardship: Manage budgets, human capital, and external resources to ensure schools are supported in delivering consistent, high-impact advising services.",,,Executive Director of Counseling and Advising,Counseling and Advising Executive Director,Executive Director,,"Leads districtwide advising vision, policies, equity systems. Demonstrates strategic leadership, project oversight, and team management responsibilities."
Spec Classroom Management,"Works directly with a classroom teacher to assist with the implementation of supports and services reflected in an individual education program (IEP). Provides support to teachers and students in a variety of tasks related to academics, behavior and physical logistics.  Coaches and encourage students to actively engage in the process of learning and becoming more independent.

","Associate's Degree Must have ìHighly Qualifiedî status from at least one of these measures: 1) 48 hours from an accredited college, 2) an Associateís Degree from an accredited college, or 3) current ìParaprofessional Praxisî distinction Required", Previous work experience with children under the supervision of other adults Required,"Provides small group instruction under the guidance and supervision of certificated personnel.
Facilitates and models appropriate social interactions and behaviors among students.
Assists in the personal care of students such as feeding, diapering, lifting, etc.
Monitors, collects and records studentsí behavioral and/or academic performance as directed by the teacher.
Actively engages with and consistently supervises all students throughout the day, e.g. attending a field trip, transitioning from class to class, escorting students to the restroom, etc.
Supervises groups of students during arrival, dismissal, lunch, and/or other activities designated by the teacher or administrator.
Implements students IEPs, functional behavioral assessments, safety plans, and/or behavior intervention plans.
Attends and actively participates in professional development opportunities to enhance skills and understanding of special populations, including training for proper restraint procedures.",,"Proficient in basic computer skills, especially Microsoft Word, Excel, and Outlook.",Spec Classroom Management,Classroom Management Para Professional,Para Professional,,"The qualifications for the role do not match those of other specialists, with no specific years of experience and only an associateís degree required. Furthermore, the additional qualifications match the educational requirements of other Para Professionals. The KSACs listed for Para Professionals matches well with the role. Specifically: classroom management, individualized education plans, problem solving, student assessment mentions, and communication."
Strategic Planning Specialist,"Coordinates inventory management for assigned schools and district departments.  Collaborates with other inventory staff to improve inventory processes, make recommendations regarding inventory software changes, and insures data integrity regarding inventory reconciliation.  Advises liaison inventory staff on best practices, resolving issues, and processes to complete inventory counts with accuracy and timeliness.","Coordinates inventory management for assigned schools and district departments.  Collaborates with other inventory staff to improve inventory processes, make recommendations regarding inventory software changes, and insures data integrity regarding inventory reconciliation.  Advises liaison inventory staff on best practices, resolving issues, and processes to complete inventory counts with accuracy and timeliness.", Minimum of two (2) yearsí applicable experience working in a large company  Required,"Trains district on the use of the inventory system along with the policies and procedures related to the tracking of inventory.
Troubleshoots and reconciles inventory issues.
Performs periodic inventory audits. Facilitates and assists with annual physical inventories and periodic unannounced cycle counts.
Manages inventory for assigned schools and other central office locations.
Collaborates with peers on where systems, procedures and policies could better be designed or employed to make the inventory process more stable or easier to use and works with management to implement these changes.
Leads school and Central Office personnel in accomplishing accurate and timely inventories.
Uses data analysis to make decisions. Recommends changes for improving the inventory system and procedures.
Provides management with reports necessary to determine the effectiveness of the inventory system and procedures employed.", Valid Tennessee driver's license  Required,A proficiency in asset management and inventory control required.,Strategic Planning Specialist,Inventory Control Technician I,Technician,I,"Matches the Technician KSACs, including troubleshooting, problem-solving, collaborates, and technical expertise. Based on qualifications and scope, position is level 1. "
Spec Data Ex Ed,"Ensures data integrity and supports the Department by assisting in maintaining SIS, SAS, Medicaid, and  Special Education Management software (EasyIEP) records. Maintains data integrity throughout the process of inputting, maintaining and reporting sensitive student data pertaining to enrollment, scheduling, withdrawal, and graduation data for PK-12 special education records. Keeps abreast of best practices in data quality management and maintains expertise in use of Microsoft Excel, Microsoft Word, SMS, EasyIEP, SAS, and EIS.Provide excellent customer service to MNPS Staff and other stakeholders. ",High School Diploma or GED Required,"1-3 years Applicable experience in database entry, retrieval, and reporting including customer service support experience Required","Registers students in SMS for assessments and completes enrollments for students who have Exceptional Education placement in the following programs:  Early Childhood, Community Based Transition Program, Special Day Schools, and Private School students with Disabilities.    Additionally, equest records and transcripts for students attending Special Education Contract schools, and verifies student eligibility for District enrollment..
Administrative duties within EasyIEP include:   Exceptional Education ADM reporting;password updates for District-wide personnel; creates and deletes user accounts; provides end-user support for EasyIEP; and student account management to include out-of-county transfer requests..
Assist with  attendance, grades and schedules for students with disabilities attending a contract school.
Creates and generates on-demand reports by compiling and analyzing data across multiple platforms.
Assists with Special Education data maintenance by managing shared folders and the Exceptional Education SharePoint sites.
Assists with Medicaid Reimbursement requirements such as form collection and provide reports as needed.
Enters out-of-zone approvals in SAS.
Develops and maintains positive working relationships with personnel from central office, MNPS schools, and outside agencies.",," Excellent communication, attention to detail, good problem solving skills, strong customer service orientation
Proficient in Microsoft Office Suite",Spec Data Ex Ed,Data Exceptional Education Clerk,Clerk,,"While the degree requirements are low, only a high school diploma, the experience required is highly specialized and focused specifically on the essential functions of the role. However, the essential functions seem to be better matched with the KSACs of a clerk. While the role is designed to ensure data integrity, it does this more through key KSACs of the clerk Role: data entry, record-keeping practices, computer skills, attention to detail, and organizational skills; rather than through any real analysis. Providing customer service is also a key facet of the role, which is another KSAC of the clerk role."
Classroom Support Specialist,"The Senior Account Clerk is responsible for providing financial, administrative and clerical services to the department. This includes opening department mail, data entry, triaging invoices for processing, manning the accounts payable mailbox by printing invoices and responding to inquiries of payment status to ensure timely feedback to vendors, employees, and stakeholders.","The Senior Account Clerk is responsible for providing financial, administrative and clerical services to the department. This includes opening department mail, data entry, triaging invoices for processing, manning the accounts payable mailbox by printing invoices and responding to inquiries of payment status to ensure timely feedback to vendors, employees, and stakeholders.",,"Open department mail and distribute daily.
Sort, date stamp, and distribute invoices for the accounts payable workflow process.
Handle the accounts payable electronic mail box which has a huge influx of activities.
Respond to accounts payable inquiries via email and phone calls.
Perform data entry into Microsoft Access Database.
Manage short vendor forms for approval.
Procure department orders and cover department phones as needed.
Perform other clerical duties as assigned.",,"Ability to maintain confidentiality concerning financial files; excellent interpersonal skills; team player; effective verbal and listening, communications skills; demonstrate sound work ethics; respectful, honest and trustworthy.
Ability to perform office work with speed and accuracy, establish and maintain effective working relationships, great customer service, and Knowledge of departmental accounting methods and procedures; practices and terminology used in fiscal record keeping work.",Classroom Support Specialist,Accounting Clerk I,Clerk,I,"Matches the Clerk KSACs, including Data Entry, Computer Skills, and Customer Service. Position has no real span of control, minimal scope that only affects the work unit, and performs semi-routine work, placing it at a level I."
Applications Specialist,"Position for a BCBA on the Behavior Support Team (BST) under the SEL/Student Support Services Department primarily supporting a cluster of schools within the district. Responsibilities include building capacity at the school level through training MNPS employees in implementation of evidence-based practices and behavior analytic strategies, providing behavior support through consulting, modeling and coaching of strategies across all three tiers to school staff, and conducting functional behavior assessments and/or analysis. ","Position for a BCBA on the Behavior Support Team (BST) under the SEL/Student Support Services Department primarily supporting a cluster of schools within the district. Responsibilities include building capacity at the school level through training MNPS employees in implementation of evidence-based practices and behavior analytic strategies, providing behavior support through consulting, modeling and coaching of strategies across all three tiers to school staff, and conducting functional behavior assessments and/or analysis. "," Experience using Excel, Powerpoint and other technology related to staff training and data analysis  Required","Provides observations of students referred to BCBA by school team, makes behavior recommendations, assists with implementation by modeling secondary interventions, provides coaching and feedback to school staff, and focuses on building capacity.
Conducts functional behavior assessments (and analyses, if warranted) utilizing direct and indirect assessments, develops behavior intervention plans, and develops safety plans, if warranted. Maintains student on caseload while monitoring data and modifying plan as indicated by data.
Develops and conducts professional development for MNPS staff on behavior analytic practices and evidence-based procedures to support all tiers within the general education setting. Professional development may also be customized to meet the needs of the individual schools.
Supports teachers in classroom management through observations, individualized consultations, modeling of strategies, and providing feedback.
Serves as an external behavior coach to schools, including those employing RTI2-B (PBIS), by attending their monthly MTSS meetings, developing data collection systems, analyzing school wide behavior data, and ensuring continuous & effective implementation of tiered strategies.
Works in conjunction with Cluster Support Teams to address student, school and district needs/priorities including social-emotional needs; attends district, quadrant, school and team meetings, as needed; completes action items as assigned.
Provides direct services to students in crisis through verbal de-escalation and maintaining their safety and the safety of others.
Collaborates with outside service providers including university and state professionals in support of research and implementation of evidence-based practices.
Complies with both MNPS and BACB standards in ethical handling and management of student data, documentation.
Maintain good standing and certification through the requirements of the BACB, complete annual renewal of certification, maintain state licensure requirements set by TN Dept of Health, and comply with the BACBís ethical code of conduct."," Board Certified Behavior Analyst (BCBA) Upon Hire Required
 Ability to obtain TN License (LBA) within 1 Year Required","Effective communication and collaboration as a multi-disciplinary team member.
Ability to train on behavior analytic topics within small and large group settings",Applications Specialist,Behavior Support Therapist,Therapist,,"Matches the Therapist KSACs, including Therapiy Techniques, Client Assessment, and Crisis Intervention."
School Specialist,"Executes activities related to the implementation, enhancement, maintenance, and support towards successful application administration and end-user success.    Provides technical advice and support to ensure an application's reliability, functionality and value in the district.  Implements product strategy that supports business requirements, adopts industry best practices and maximizes value and engagement of end-users.", 4 years of college or relevant experience Required,4-6 years in a technical/analytical role Required,"Supports the product through its lifecycle by advising in planning sessions, engaging in testing and implementation, resolving escalated issues and taking ownership in other complex support needs.
Assists the Product manager and other stakeholders in developing and executing standards, procedures and processes to continually improve the effectiveness and efficiency of the assigned product.
Collaborate with the business analysts and other technical teams and stakeholders to manage and implement changes to functional requirement documents.
Analyze application roadmap, trends and organizational needs.  Works with product manager and specialists to help develop a strategy to resolve current issues and mitigate organizational risk.
As the subject matter expert for the assigned product(s), advise the product manager, other leadership and stakeholders in ways to mitigate risk and make improvements for the assigned product.
As the subject matter expert for the assigned product(s), collaborate with the product manager and support the training team to ensure effective documentation, training resources and as needed, lead specialized training.
Assist the product manager in the application‚Äôs releases and updates, and the district‚Äôs start of school, end of year processing and other events as it relates to the application and product cycle.
Serve as technical mentor and resource for specialists and other members who may support the assigned product(s).", Relevant IT industry certification  Required,"Strong analytical and troubleshooting skills.
Understanding of enterprise level applications and data systems.
Strong written and verbal communication skills; able to communicate effectively with technical and non-technical customers and stakeholders.
Collaborate with cross functional teams.
Adapt quickly to quickly changing requirements and conditions.",School Specialist,Enterprise Applications Developer,Developer,,"Matches the Developer KSACs, not a perfect match, but the best. May need to work on IT roles."
Audit & Compliance Specialist,"Apply secretarial science techniques to assist an executive in the management of time and in the handling of administrative detail so that the executive may be more effective and efficient in action.  Possesses a mastery of office skills, demonstrates the ability to assume responsibility and judgment and makes decisions within the scope of assigned authority.",High School Diploma or GED Required, Five yearsí directly applicable experience working in a high volume office Required,"Possesses a mastery of computer and office skills, demonstrates the ability to assume responsibility without direct supervision; exercises initiative and judgment and makes decisions within the scope of assigned authority.
Reviews and distributes mail, independently composes correspondence concerning routine matters and mails same, keeping supervisor informed of such; organizes and updates filing; maintains and organizes office supply inventory; records and maintains agenda for meetings of the Board; develops and manages budget accounts for Division.  Compiles, documents, processes and verifies payroll. May keep track of leave time for employees and all mileage reimbursement for itinerant staff.
Screens and directs calls and visitors; answers questions as appropriate in order to relieve executive of details; listens, advises and communicates with disgruntled individuals on a regular basis that involves discussing Board policies.
Routinely arranges and monitors appointment calendar for executive; prepares for meetings by routinely gathering and ordering materials necessary for proper conduct of meeting.
Completes various detailed reports for Local, State and Federal Government offices.
Maintains scheduling and event calendars. Schedules and confirms appointments for clients, customers, or supervisors.
Performs various office tasks; assists co-workers as required to ensure efficient office management.",,0,Audit & Compliance Specialist,Administrative Assistant I,Administrative Assistant,I,"Matches the Administrative Assistant KSACs the best, including Office Administration, Calendar Management, and Correspondance Management."
Coordinator of AVID,"The incumbent provides leadership and operational support to ensure the AVID (Advancement Via Individual Determination) program is implemented with fidelity across MNPS schools. This role is responsible for managing systems, resources, and school-based supports that embed AVID strategies as a driver of the district's college and career readiness culture. The Coordinator works collaboratively across CCR and district teams to ensure AVID implementation aligns with advising systems, EPSO access, and equity goals. The Coordinator supports schools in using AVID to close opportunity gaps, promote rigorous instruction, and build student agency in preparation for postsecondary success. The Coordinator of AVID plays a key role in ensuring AVID is not simply a stand-alone program but an embedded system that transforms college and career readiness culture across schools. This role requires collaboration, strategic alignment, and a strong commitment to expanding opportunity through proven instructional and advising practices.",,,"Program Oversight and Support: Coordinate and support AVID implementation across participating schools, ensuring alignment with national standards and district CCR goals.
System and Resource Management: Manage tools, templates, and planning structures that help schools integrate AVID strategies into classroom instruction, transition planning, and academic advising.
Cross-Team Collaboration: Partner with the CCR Systems team, Advanced Academics, Counseling, and school leadership to embed AVID into the broader readiness infrastructure, ensuring it complements EPSO planning and advising systems.
Professional Learning Coordination: Organize and manage logistics for AVID-related professional learning, including Summer Institute, coaching, and AVID site team development.
School Support and Communication: Serve as a primary point of contact for AVID site coordinators, school leaders, and teachers, providing regular updates, implementation support, and coaching connections.
Fidelity Monitoring and Continuous Improvement: Collaborate with CCR Systems and data teams to monitor AVID enrollment, usage, and impact. Use data to identify implementation gaps and guide improvement efforts.
Equity and Access Leadership: Support efforts to expand AVID as a tool to improve postsecondary readiness for historically underserved students, including intentional integration into advising practices.",,,Coordinator of AVID,AVID Implementation Coordinator,Coordinator,,"Training and implementation, no direct fiscal ownership. While role is not as clear of a programmatic lead program and resource implementation; borderline Manager, but acceptable as Coordinator"
Coordinator of Career and Technical Education (CTE),"The role supports high-quality implementation of CTE programming across MNPS high schools by ensuring that educators and school leaders have the tools, resources, and guidance they need to offer rigorous, relevant, and accessible CTE instruction. Reporting to the Director of Career Academies, this role focuses on the day-to-day coordination of systems and supports that help schools implement CTE programs of study aligned with industry expectations, graduation requirements, and district career readiness goals. The Coordinator plays a key role in ensuring CTE programs are seamlessly integrated into each high school's academic model and contribute meaningfully to students' preparation for postsecondary success. The CTE Coordinator ensures that implementation is strong, consistent, and aligned to the broader vision of college and career readiness in MNPS.",,,"Program Coordination: Maintain up-to-date systems and tools to support implementation of CTE programs of study, including course planning resources, program maps, and instructional guidance aligned to state expectations.
Resource and Tool Management: Coordinate the distribution and support of instructional resources, equipment management processes, and materials that ensure classroom readiness and instructional quality.
School Support: Serve as a primary point of contact for CTE-related implementation questions from teachers and school leaders. Offer timely, practical guidance aligned with program goals and instructional expectations.
Communication and Training: Manage clear, consistent communication to school-based staff regarding key deadlines, state updates, program requirements, and professional learning opportunities.
Collaboration: Work closely with the CTE Instructional Coach, Director of Career Academies, and other CCR staff to ensure programming is aligned, supported, and continuously improved.
Credentialing Support: Coordinate resources, systems, and school supports that assist students in preparing for and earning industry-recognized credentials.
Professional Learning Logistics: Support the planning and execution of professional development for CTE teachers, including logistics, materials, and follow-up resources.
Operational Alignment: Collaborate with data analysts, grants staff, and school-based teams to ensure CTE programs are functioning efficiently and aligned to state and district expectations without duplicating compliance-focused responsibilities.",,,Coordinator of Career and Technical Education (CTE),CTE Program Coordinator,Coordinator,,"Program and resource implementation; borderline Manager, but acceptable as Coordinator. Demonstrates program leadership and resource allocation responsibilities, distinguishing it from Advisor roles."
Research Specialist,"The Specialist Professional Learning will play a role in enhancing professional growth for teachers and district staff. This position involves managing and supporting the professional learning management system, utilizing data to drive continuous improvements, and collaborating on a multi-year induction process for beginning teachers. The Specialist will also lead and support various department initiatives aimed at instructional and leadership development.","Bachelor's Degree in education, curriculum development, or related field from an accredited institution Required
Master's Degree with certification in educational leadership Preferred", 3 years of related instructional and professional development experiences Required,"Under guidance from the Professional Learning and Growth Coordinator, develop, facilitate, and support professional learning systems and professional learning for instructional and leadership development.
Collaborate with district stakeholders along with community partners to develop systems and professional learning for new teachers, teacher mentors, and teacher mentees.
Delivers innovative, research-based, and job-embedded learning opportunities, and implements the district-wide initiative for induction and mentoring to supports school-based leaders in the ongoing development and effectiveness of a multi-year induction program.
Utilizes Learning Management Systems to support Professional Learning Communities across the district, zone, and schools. Support the implementation and maintenance of the professional learning management system. Analyze data from the system to identify areas for improvement and drive continuous enhancements. Provide technical assistance on utilizing data to drive professional learning planning at the school and district levels.
Collaborate on the design and execution of a comprehensive multi-year induction program for new teachers. Co-lead induction sessions, providing guidance and support to ensure successful integration into the teaching environment.
Plan the delivery structure for content and support for school and district teams on topics within the scope of the work. Provide professional learning for school/district teams (leveraging the distributive leadership model) to maximize the professional learning experiences of staff.
Develop and communicate protocols and procedures for data-based decision-making at the district and school level; provide technical assistance on utilizing data to drive professional learning planning at the school and district levels.
Participate in professional development opportunities and coordinate and facilitate district-level professional development offerings.
Maintain a collection of professional materials related to high-quality professional development and reflective of current research.",Teaching Certification/License TN State Teaching Licensure issued by the Tennessee Department of Education Upon Hire Required,"Professional Learning Expertise
Research Skills
Analytical Thinking
Problem-solving Skills
Excellent Communication, both verbal and oral
Time Management
Adaptability
Attention to Detail
Collaboration
Leadership
Ability to build positive relationships with educators and stakeholders.",Research Specialist,Professional Learning Coach,Coach,,"Potential for Advisor to match as well, but matches the current standards of a Coach better, building professional learning in schools using Coach KSACs such as 'Academic and Pedagogical Expertise' and 'Learning Strategies and Techniques'."
Music Specialist,"The Teacher utilizes current strategies and theories to plan, organize and implement structured lessons to instruct K12 students.",Master's Degree from an accredited institution in a related field Preferred, Work experience gained through education and certification/license requirements Required,"Instruct students in an in-person classroom environment through lectures, discussions, visual aids, instructional strategies, and other effective teaching methods for student comprehension.
Prepares lessons and outlines to use in class that effectively cover the material.
Plan and conduct activities for a balanced program of instruction, demonstration, and work time that provides students with opportunities to observe, question, and investigate.
Administers various types of assessments to monitor student‚Äôs comprehension of the material.
Assist students who need extra help with tutoring. Guides and counsels students with adjustment or academic problems or special academic interests.
Collaborates with other teachers and administrators to develop, evaluate, and revise academic programs following approved curricula.
Utilizes instructional technology, audio-visual aids, and other equipment and materials to enhance student learning.
Performs various administrative duties such as taking attendance, organizing the classroom, and responding to emails and phone calls from parents, school administrators, and staff in a timely manner.
Observe and evaluate students' performance, behavior, social development, and physical health.
Attends in-person faculty meetings, teacher training workshops and educational conferences to maintain and improve professional competence.
Maintain accurate, complete, and correct student records as required by laws, district policies, and administrative regulations.",Teaching Certification/License From Tennessee Department of Education with applicable endorsement Upon Hire Required,"Excellent writing and communication skills
Instructional strategies that connect the curriculum to the learner
Student Management
Demonstrated ability to work well with students, staff, and parents in a professional manner
Ability to be flexible and adapt as needed between in-person learning environments.
Knowledge of school safety & security procedures
Ability to work under pressure and meet deadlines",Music Specialist,Teacher (Does not give enough information for more because of our generic Teacher JD),Teacher,,"Matches Teacher KSACs, including Pedagogical Techniques and Curriculum Development. Minor Sub-Group rules not established for Teacher."
Coordinator of High School Counseling and Advising,"The position leads the development, curation, and continuous improvement of tools, systems, and resources that enable high school counselors to deliver high-quality, student-centered services. This role ensures that high school counseling practices are aligned to the Tennessee Model for Comprehensive School Counseling, the district's Tiered Transition Planning framework, the MNPS Portrait of a Graduate, and the required Four-Year and Beyond Plan. By focusing on system design and implementation supports, the Coordinator ensures that counselors are equipped to guide students through academic planning, social-emotional development, postsecondary exploration, and transition readinessóultimately driving the district's Transitions Focused Outcome. The Coordinator should be a systems-oriented leader with deep knowledge of high school counseling practices and a strong commitment to ensuring every student receives structured, individualized support to graduate ready for their postsecondary path.",,,"Systems Development and Alignment: Design and maintain comprehensive systems and planning structures that support aligned, impactful high school counseling practices across all schools.
Resource and Tool Development: Curate and manage counseling resources, including lesson plans, transition guides, Four-Year and Beyond Plan tools, and advisory supports that promote postsecondary success.
Professional Learning Design: Develop and coordinate training materials and PD logistics to build high school counselor capacity in alignment with district goals, state/national standards, and readiness priorities.
Transition Planning Infrastructure: Ensure schools are equipped to implement high-quality Four-Year and Beyond Plans as the cornerstone of transition support and postsecondary advising.
Data-Informed Improvement: Collaborate with CCR data staff to monitor access, engagement, and effectiveness of high school counseling systems and support continuous improvement.
Cross-Functional Collaboration: Partner with the Counseling and Advising Director, CCR Systems team, and other CCR directors to integrate counseling and advising into broader academic, career, and postsecondary initiatives.
Communication and Dissemination: Ensure school counselors have timely access to updated tools, timelines, and communication protocols that support consistent implementation.",,,Coordinator of High School Counseling and Advising,High School Counseling Advisor,Advisor,,"Advisory oversight for high school-level counseling and transition planning; non-fiscal leadership.. Demonstrates program leadership and resource allocation responsibilities, distinguishing it from Advisor roles."
Compensation Specialist,,, Experience in USDA Child Nutrition Procurement and local government contracts (bid and RFP) process a plus  Preferred,"Keeps the Executive Director of Nutrition Services informed of all fiduciary issues concerning the MNPS Nutrition Services Department.
Reviews all MNPS Nutrition Services functions and programs.
Supervises and directs support staff in these area as needed; Finance, purchasing, bids and contracts, accounts payable, accounts receivable, and budget towards the completion of assigned duties in a timely manner.
Prepares and analyzes the Nutrition Services Operating Budget while making recommendations for improvement.
Overseas and insures the accuracy of all USDA/State claims, documents, etc. are submitted in a timely manner in accordance to federal and state regulations.
Reviews and maintains USDA regulations and directives regarding allowable spending, policy and compliance.
Screens and hires applicants for Business Support positions.
Plans and conducts periodic finance training sessions for business support employees, supervisors, caf√© management, etc.
Prepares and/or directs the preparation of all financial and statistical reports as well as coordinating and assisting with internal and external audits.
Works collaboratively with Metro Nashville Gov Finance and MNPS Finance Divisions towards addressing financial issues and determining solutions
Perform other duties as assigned by Executive Director of Nutrition Services."," Certifications pertaining to business, accounting and food nutrition are valued  Required", Knowledge of USDA regulations regarding Child Nutrition Fiscal reporting preferred.,Compensation Specialist,Nutrition Serves Specialist Lead,Specialist,Lead,"Matches the KSACs of Specialist role, but specifically notes supervisory duties, placing this as a Specialist Lead, or the equivlant of a Specialist III."
Family Engagement Specialist,"The essential function of the position within the organization is to perform auditing functions in relation to student activity funds schools within the district.  Analyze data, carry out high-level risk-based audit assessment testing and prepare audit working papers and reports independently with minimal supervision. Assist Audit Manager with perform investigations for school support organizations and assist with any other audit investigations that are assigned by Supervisors.Mentors and trains other audit team members on auditing concepts and/or procedures and any other duties assigned.","Master's Degree in a finance related field, or working toward one of those designations Preferred", Four years of relevant auditing experience Required,"Analyze data, perform testing, and report on student activity fund audits of schools.  Make recommendations for findings, exercising initiative and judgement while working independently with a large workload consisting of the most susceptible high-risk schools.
Works directly with the Audit Manager in advising audit team members with the implementation of the audit program.  Compile data for State reporting for end of the year processes and review for accuracy.
Assist Audit Manager and perform investigations for school support organizations and assist with any other audit investigations that are assigned by Supervisors.
Evaluate internal controls and business processes to ensure compliance with district, state, and federal policies and procedures.  Provide recommendations to increase efficiency, effectiveness and internal controls within the parameters of the Tennessee Internal School Uniform Accounting Policy.
Orally present, meet, and discuss complex issues with Executive Principals and other district leadership.  Write clear, concise, accurate reports, using data gathered. Review, revise, and update department presentations as needed.
Mentors and trains other audit team members on auditing concepts and/or procedures.
Build successful relationships with and provide support to other finance personnel as well as other MNPS staff members.",,"Thorough understanding of auditing principles.
Demonstrated ability to identify internal control weaknesses and analyze business processes and financial data.
Apply Critical thinking skills.
Basic to intermediate skills in mathematical computation ñ may compute ratios, rates and percentages.
Basic to intermediate skills in Microsoft Suite Office programs ñ Word, Excel, PowerPoint, and Office365.
Stays current in practice by reading related resources such as journals and manuals, researching and implementing best practice.
Uses proper grammar and format for specialized written and oral communication.
Plan, organize and complete work in a timely and efficient manner.
Adjust to a changing and high-volume workload, manage multiple projects at one time, and work under deadlines, and other job pressures.",Family Engagement Specialist,Auditor II,Auditor,II or III,"Matches the Auditor KSACs, including Audit Procedures,  Regulatory Compliance, and Data Analysis. Position is a level 2 or 3, with high complexity, freedom to act, and some supervisory duties. Further digging into the level breakdown of the Auditor role is needed for more precise decision."
Coordinator of Workforce Readiness and Internships,"The individual in this position leads the development and expansion of high-quality, student-centered career-based learning experiences aligned to MNPS career pathways and the Academies of Nashville model. This role ensures that all studentsóespecially those in Career and Technical Education (CTE) programsóhave access to relevant, meaningful experiences that connect classroom learning to career interests. The Coordinator supports schools in planning and executing structured experiences such as internships, job shadows, pre-apprenticeships, and career immersion events, and develops systems that make these opportunities scalable and sustainable across the district. This role requires a systems-minded, collaborative leader who believes all students should have access to meaningful experiences that prepare them for the workforce and postsecondary success. The Coordinator ensures career-based learning is not an add-on, but an integral part of how MNPS students connect their education to their future goals.",,,"Career-Based Learning Program Coordination: Manage systems and tools to support consistent, high-quality implementation of career-based learning across high schools. Ensure alignment with state standards, district goals, and CTE pathways.
Partnership Development: Cultivate and maintain partnerships with employers, postsecondary institutions, and community organizations to create meaningful opportunities for students to engage with professionals and work environments aligned to their career interests.
Career Experience System Building: Design and support scalable systems that connect students to real-world learning experiences aligned to their academic coursework and career pathway.
Employer Engagement: Collaborate with business partners to ensure appropriate onboarding, training, and sustained engagement in career-based learning initiatives. Serve as a central point of contact for employer support.
Credentialing and Postsecondary Alignment: Support student access to opportunities that may lead to credentials, dual enrollment, or other postsecondary transitions through work-connected learning experiences.
Communication and Support: Provide tools, communication protocols, and implementation guidance for school-based career-based learning teams, academy coaches, and pathway teachers.
Professional Learning Logistics: Support the organization and delivery of professional development focused on career-based learning implementation and industry engagement.
Data and Impact Collaboration: Work collaboratively with CCR Systems and data staff to monitor participation trends, partner feedback, and program impact in order to inform strategic improvements and ensure equitable access.
Cross-Team Coordination: Collaborate with CCR directors, Counseling, Career Academies, and Advanced Academics to ensure career-based learning is integrated into advising, scheduling, and program planning.",,,Coordinator of Workforce Readiness and Internships,Workforce Readiness Facilitator,Facililtator,,Implements and manages career-based learning programs; works across schools and community partners.. Heavy emphasis on multi-stakeholder coordination and facilitation.
Behavioral Specialist II,"Provides technical expertise to manage and administer enterprise application(s).  Defines, develops and implements strategies within the guidelines of the district's strategic framework and technology plan. Provides leadership and works with technical teams, department and business stakeholders and vendors to ensure an application's reliability, functionality and value in the district.",Bachelor's Degree  or year for year directly related work experience Required,1-3 years Application support/management Required,"Implements, administers, and manages life cycle of specified enterprise application(s).
Researches, defines and develops standards, proposals and process, and manages resources to ensure outstanding customer service, process improvements and incident resolution.
Work with vendors, stakeholders and senior management to develop, update and communicate product roadmaps.
Monitors and reports product availability, reliability, and vendor responsiveness in comparison to agreed upon service level agreements. Regularly meets with vendors to review and improve product and vendor performances, processes, and enhancements.
Coordinates with business owners, enterprise teams, and users in the development and implementation of business rules that govern access and use of enterprise applications.
Consistently collaborates with other enterprise teams to solve complex procedural, operational and technical problems.
Foster and manage relationships with stakeholders, customers and vendor partners.
Perform other related duties as assigned by the MNPS TIS EDS Management.",,"Strong knowledge of databases structures and applications lifecycles.
Plan and organize multiple projects simultaneously and adapt when necessary.
Understanding of enterprise level applications and data systems.
Ability to work collaboratively and communicate effectively.
Work and collaborate with cross functional teams",Behavioral Specialist II,Product Enterprise Applications Developer,Developer,,Matches the Developer KSACs.
College and Career Readiness Coach,"The job supports school-based staff in building strong, consistent advising practices and a cohesive postsecondary readiness culture across MNPS high schools. This role works closely with college and career coaches, CCR counselors, and school leadership teams to promote student access to high-quality advising and readiness milestones. The CCR Coach provides coaching, training, and systems support around the use of college and career readiness platforms and processes such as career exploration, college match and application, FAFSA completion, and postsecondary transition planning. By improving implementation and staff capacity, this role directly contributes to increased Ready Graduate rates and more equitable access to postsecondary opportunities. The Coach should be a dynamic educator or counselor with a deep commitment to postsecondary readiness and the ability to coach others toward equitable, student-centered advising systems.",,,"Advising Practice Coaching: Provide job-embedded coaching to CCR counselors, college and career coaches, and other advising staff to support best practices in college and career readiness advising.
Platform Implementation Support: Assist school teams in effectively using college and career readiness platforms and digital tools for exploration, planning, and milestone tracking.
Professional Learning: Design and facilitate professional learning focused on advising strategies, postsecondary planning, and student engagement with readiness tools.
Milestone Strategy Alignment: Support implementation of schoolwide efforts related to FAFSA completion, college application campaigns, postsecondary match, and student transition milestones.
Cross-Team Collaboration: Work in coordination with Counseling and Advising, CCR Systems, and College Access teams to ensure that CCR coaching aligns with district priorities and integrates into Tiered Transition Planning.
Equity and Access Support: Help school-based teams identify and address advising gaps, ensuring that historically underserved students have access to comprehensive college and career planning supports.
Feedback and Planning: Participate in continuous improvement cycles by providing input on school advising practices, facilitating reflective dialogue, and co-developing improvement strategies with school teams.",,,College and Career Readiness Coach,Postsecondary Readiness Coach,Coach,,Strong systems coaching and milestone advising. Aligned with Coach KSACs.
Administrative Operations Specialist,"Financial record duties:  Routinely calculates, reviews, creates, posts, & verify financial transactions & reports in appropriate accounting software & proper account(s) to ensure accuracy as required for the function & operation of the school.  Reviews financial transactions & any other school financial documents to ensure compliance with the Tennessee Internal School Uniform Accounting Policy manual (TISUAPM) and MNPS policies & procedures to safeguard public funds.  Knowledgeable of the TISUAPM and MNPS policies & procedures as well as informing all school staff and Principal of these policies & procedures at all times.  Communicates effectively & works closely with other MNPS departments.  Payroll duties: Compiles and records employee time, attendance, and payroll data for school based employees and substitutes. Computes employees' time worked, production, and stipends for bi-weekly payroll.   Compiles and submits substitute attendances', appraisals, and utilizes Smartfind in lieu of substitute forms and documentation","Financial record duties:  Routinely calculates, reviews, creates, posts, & verify financial transactions & reports in appropriate accounting software & proper account(s) to ensure accuracy as required for the function & operation of the school.  Reviews financial transactions & any other school financial documents to ensure compliance with the Tennessee Internal School Uniform Accounting Policy manual (TISUAPM) and MNPS policies & procedures to safeguard public funds.  Knowledgeable of the TISUAPM and MNPS policies & procedures as well as informing all school staff and Principal of these policies & procedures at all times.  Communicates effectively & works closely with other MNPS departments.  Payroll duties: Compiles and records employee time, attendance, and payroll data for school based employees and substitutes. Computes employees' time worked, production, and stipends for bi-weekly payroll.   Compiles and submits substitute attendances', appraisals, and utilizes Smartfind in lieu of substitute forms and documentation","1-3 years of previous financial work-related skill, knowledge, or experience Required","Reviews, records, summarizes, posts and verifies numerical and financial data to compile and keep financial records accurate, using accounting software, reports, journals and ledgers.
The school secretary clerk or principal designee will record monies depending upon various circumstances. (i.e. no other personnel to complete the collection log).  The school secretary clerk or principal designee in the absence of the bookkeeper, receives and verifies all monies, and secures them in a safe or vault until the funds can be turned over to the bookkeeper to verify, receipt, and make deposit of all cash and checks in accordance with the TISUAPM & MNPS policy.  Bookkeeper prepares school purchase orders for all School Fund expenditures as properly authorized by Principal.  Verifies accounts on computer spreadsheets and software to ensure fund availability to make school purchases.  Pays invoices timely within 30 days.  Prepares student activity fund monthly bank reconciliation using specialized accounting software.  Provides accurate financial information and explanations for internal & external auditors for the purpose of the annual individual school audit and district audit.
Compiles statistical and financial documentation for such matters as cash receipts, expenditures, and accounts payable and receivable.
Complies with federal, state and company policies, procedures and regulations. Codes documents according to company procedures. Reconciles, notes and/or reports discrepancies found in records.
Reviews time sheets, work charts, wage computations, and other information to detect and reconcile payroll discrepancies.
Verifies attendance, hours worked, and pay adjustments, and post information onto designated records. Computes and compiles employee time, production, and payroll data from time sheets and other records.
Records employee information, such as exemptions, transfers, and resignations, to maintain and update payroll records.
Keeps track of leave time, such as vacation, personal, comp-time, and sick leave, for employees.",,"Payroll software, Accounting, Bookkeeping, Microsoft Office Suite (especially Excel)",Administrative Operations Specialist,School Payroll Records Technician I,Technician,I,"Matches the Technician KSACs, including troubleshooting, problem-solving, collaborates, and technical expertise. Based on qualifications and scope, position is level 1. "
Director of Advanced Academics,"The positions leads the district's strategy to ensure equitable access to rigorous academic programs that prepare students for postsecondary success. This role oversees the implementation, expansion, and continuous improvement of Advanced Placement (AP), International Baccalaureate (IB), Cambridge AICE, and Gifted and Talented Education (GATE) programs across MNPS. The Director ensures these programs are embedded within a broader system that includes robust honors pathways and integrated AVID strategies to support students in accessing, completing, and succeeding in early postsecondary opportunities (EPSOs). The Director plays a key leadership role in improving Ready Graduate outcomes by developing high-quality, vertically aligned advanced academic experiences from middle through high school.",,,"Strategic Program Leadership: Design and implement a districtwide vision for advanced academics that expands EPSO access, improves completion and success rates, and directly supports Ready Graduate outcomes.
Vertical Alignment of Honors Pathways: Strengthen and expand honors programming in middle and high schools to build rigorous, developmentally appropriate pathways that prepare students for advanced coursework and college readiness.
Program Oversight and Fidelity: Oversee implementation of AP, IB, AICE, and GATE programming to ensure alignment with national standards, equity goals, and instructional excellence.
Data-Driven Improvement: Monitor enrollment, performance, and access data to identify gaps, guide interventions, and track program impact on student outcomes, including EPSO completion and Ready Graduate rates.
Access and Equity Expansion: Lead initiatives to increase participation of historically underrepresented student groups in advanced academic programs through targeted outreach, scheduling practices, and support structures.
Professional Learning and Capacity Building: Develop and oversee professional learning plans that equip teachers, counselors, and school leaders to implement advanced academics effectively and equitably.
Cross-Departmental Integration: Collaborate with directors of Counseling, CCR Systems, and Career Academies to ensure advanced academic offerings are integrated into advising, transition planning, and college/career readiness systems.
Family and Community Engagement: Partner with families and community stakeholders to increase awareness of program benefits, entry points, and student supports.
Leadership and Team Management: Supervise program coordinators and instructional coaches; foster a collaborative team culture focused on continuous improvement and student success.",,,Director of Advanced Academics,Advanced Academics Director,Director,,"Oversees AP/IB/DE pathways and staff; integrates with CCR strategy, equity, and performance data.. Demonstrates strategic leadership, project oversight, and team management responsibilities."
Data Specialist,"Answers frequently asked questions from applicants and employees relative to standard policies, benefits, hiring processes, etc. Answer inquiries and provides information to the general public, customers, visitors, and other interested parties regarding activities conducted at establishment and location of departments, offices, and employees within the organization. Collects, distributes and maintains the integrity and confidentiality of human resource files and records. 
",Bachelor's Degree  Preferred," Experience working with an HRIS system and other HR related technology systems which include HR files, payroll, time and attendance, automated benefit enrollments, employee self-serve platform or related technical solutions Preferred","Greets visitors, determines nature and purpose of visit, and assists them in a friendly, professional and efficient manner. Provides information about MNPS, such as location of departments or offices, employees within the organization, or services provided as appropriate.
Operates multifunction telephone to answer, screen, or forward calls; provides information, may schedule testing or appointments.
Efficiently and correctly processes I-9 forms documentation from new employees as directed. Electronically scans HR related documents and/or verifies scanned documents. Transmits information or documents using computer, mail, or facsimile.   Maintains the integrity and confidentiality of human resource files and records, with adherence to all applicable local, state and federal laws.
Creates and distributes employee badges as necessary.
Assists candidates with the application process.
Performs general administrative support functions (i.e., typing, filing, faxing, making copies, and distributing correspondence), as requested.  May collect, sort, distribute, or prepare mail, messages, or courier deliveries.",,"Knowledge of Taleo web-based applicant tracking system preferred.
Applicants must have a strong attention to detail, solid knowledge of basic business practices, and excellent oral and written communication.
Comfortable managing confidential information, sensitive data, and maintaining confidentiality and discretion at all times.
Must be able to work autonomously and remain calm under pressure.",Data Specialist,Human Resources Clerk,Clerk,II,"Matches the Clerk KSACs, including Data Entry, Record-Keeping Practicies, and Customer Service.  Based on qualifications and scope, which is higher than the minimum for the clerk position, position is a level II. "
Geospatial Information Specialist,"The Immigrant Youth Transition Specialist is responsible for coordinating, creating, and implementing supports for recently arrived immigrant high school students and their families. This position requires coordinating resources and partnerships in conjunction with diverse community stakeholders and providing direct service to high school EL students and their families.  ","The Immigrant Youth Transition Specialist is responsible for coordinating, creating, and implementing supports for recently arrived immigrant high school students and their families. This position requires coordinating resources and partnerships in conjunction with diverse community stakeholders and providing direct service to high school EL students and their families.  ", Experience working with newly arriving immigrant youth and their families Required,"Conduct on-boarding and orientation for recently arrived immigrant high school students.
Build positive relationships between newly arriving high school students and school staff to ease their transition into the school system.
Conduct presentations and workshops to newly arriving students on key components of their responsibilities in school; such as attendance, school policies, academic expectations, etc.
Coordinate with other support services, such as: social workers, counselors, translators, and other personnel to support targeted students.
Conduct home visits as needed.
Flexible schedule required; some responsibilities will take place on nights and weekends.
Performs other duties or tasks as required or assigned which are reasonably within the scope of the responsibilities in this job classification.",, Bilingual in English and Spanish required,Geospatial Information Specialist,Immigrant Youth Transiltion Liaison II,Liaison,II or III,"Matches the KSACs for Liaison the best, especially Cross-cultural communication and relationship building. Borderline level II or III given the requirements much higher than the minimum and the lack of supervision."
Inventory Specialist,"Support the recording, monitoring and reporting of student attendance. ",High School Diploma or GED Required,less than 1 year in an office setting supporting clerical operations of a basic nature Required,"Compiles, copies, sorts and files records of student attendance
Operates office machines, such as copiers, scanners, fax machines, and personal computers
Interacts with parents, school administration, teachers and support
Create reports to track attendance trends and data",,"Attention to detail, basic computer skills including familiarity with Microsoft Office Suite, good verbal and written communication skills, sense of urgency-able to work effectively to meet deadlines, customer service orientation, able to create basic reports in Excel",Inventory Specialist,Attendance Clerk I,Clerk,I,"Matches the Clerk KSACs, including Data Entry, Computer Skills, and Customer Service. Position has no real span of control, minimal scope that only affects the work unit, and performs semi-routine work, placing it at a level I."
Coordinator of Career Readiness Frameworks,"The job leads the development and implementation of systems that support school-level innovation aligned to the district's career readiness goals. This role works across teams to promote operational and instructional models that integrate postsecondary and workforce preparation into the student experience. Although housed within the CCR Systems team, this role partners closely with the Director of Career Academies, as well as Counseling, Advanced Academics, and school leadership, to ensure efforts are cohesive, student-centered, and outcomes-driven. The Coordinator is responsible for supporting schools in building scalable practices that connect classroom learning with career pathways, EPSOs, and transition planning. The Coordinator of Career Readiness Frameworks ensures that career readiness is not siloed, but fully integrated into how schools prepare students for postsecondary success.",,,"Career Readiness Systems Design: Develop and support school-level frameworks that integrate EPSOs, credential attainment, and work-based learning into the broader student experience.
School Innovation Support: Guide schools in designing and implementing innovative instructional or structural models that increase career alignment and readiness, with a focus on long-term sustainability and equity.
Strategic Collaboration: Partner with the Directors of Career Academies, Counseling and Advising, and Advanced Academics to ensure career readiness work complements other readiness systems.
Tool and Resource Development: Create resources and planning tools that help school teams design, implement, and sustain career readiness frameworks.
School Support and Communication: Maintain strong communication with school-based leadership teams and staff to ensure clarity, alignment, and progress monitoring.
Professional Learning Logistics: Support logistics and coordination of PD related to career readiness, instructional model design, or innovative school practices.
Data Collaboration: Collaborate with CCR Systems and data teams to monitor implementation of school-based career readiness strategies and support data-informed improvement.
Cross-Team Integration: Ensure alignment between school innovation efforts and district priorities around advising, pathway development, and readiness outcomes.",,,Coordinator of Career Readiness Frameworks,Career Readiness Advisor,Advisor,,"Advisory and framework design role; no budget control.. Demonstrates program leadership and resource allocation responsibilities, distinguishing it from Advisor roles."
Accounts Specialist II,"The essential function of the position within the organization is to provide physical therapy service for designated students.  The position is responsible for providing physical therapy, assessing students' needs, maintaining service records, and preparing reports.  The position works under general supervision according to some procedures; decides how and when to complete tasks.",Associate's Degree or the equivalent of two years of college or vocational school education resulting in approved certification as a Physical Therapist Assistant Required,less than 1 year of related experience Required,"Provides school-related physical therapy services for designated students according to individual goals.
Follows therapy intervention strategies related to classroom activities.
Assists Physical Therapy staff in identifying and assessing studentsí basic skills and abilities in gross motor function, balance and equilibrium, orthopedic status, motor planning, developmental function, range of motion, postural tone, gait, reflex integration, and kinesthesia.
Monitors use of adaptive equipment and other assistive device during therapy service sessions with students.
Recommends or develops assistive devices used in classrooms.
Provides assistance to classroom teachers by demonstrating exercises and activities.
Documents therapy received and records progress; maintains a variety of service related logs and prepares reports.
Inputs student data to personal computer and extracts lists of students receiving services.
Orders supplies, equipment, and assessment materials.
Contacts School District staff, parents, physicians, and various agencies related to physical therapy services.
Meets with Physical Therapists to report parent and teacher concerns and issues.",PTA - Physical Therapist Assistant State registration  Required,0,Accounts Specialist II,Teacher (Does not give enough information for more because of our generic Teacher JD),Teacher,,"Matches Teacher KSACs, including Pedagogical Techniques and Curriculum Development. Minor Sub-Group rules not established for Teacher."
Spec Customer Experience II,"The job serves as the subject matter expert for all items of foundational technology, software, and operating systems.  Works across all sections supporting the end users to ensure a consistent user experience with technology services.   Works with Technology Services Departments and end-users throughout the District to identify, test, and implement hardware and software solutions to user needs.
",Bachelor's Degree or relevant work experience Required,1-3 years Technical support role Required,"Monitors and troubleshoots issues related to the performance of deployed hardware.  Tests possible changes and makes recommendations that are targeted to improve performance and usability.
Performs Mobile Device Management configuration and management of various systems.
Coordinates with Business Owners and Product Managers to document and solve support solutions.
Consults with all stakeholders to recommend modifications to improve the technical usability of systems.
Coordinates with other Technology Services department groups to address hardware, software and operating system issues related to the customer experience.
Prepares and monitors change control requests required by changes to foundational hardware, software, and operating systems.
Monitors technology trends and serves as a liaison to vendors of foundational technology.  Responsible for evaluating and recommending technology hardware and software.
Monitors technology trends and serves as a liaison to vendors of foundational technology.  Responsible for suggesting and evaluating new items of technology hardware.","DL NUMBER - Driver License, Valid and in State   Required
 Certification in one or more Operating Systems including Windows10, MacOS, iPadOS
  Preferred","Exceptional judgment and professionalism, with the ability to adapt to a changing environment.
Must be a team player with the ability to work collaboratively with others.
Ability to be flexible in prioritizing key activities, while managing / meeting stakeholder expectations.
Ability to manage multiple assignments and meet all required timelines.
Technology, hardware, software, operating system, and network knowledge.
Able to assess, diagnose, and troubleshoot technical issues.
Strong communication and collaboration skills.",Spec Customer Experience II,Customer Experience Specialist II,Specialist,II,"The qualifications for this role are on the higher end of the spectrum for specialists, requiring a bachelorís degree in a relevant field with certification related to the role and 1-3 years of experience in a technical support role. While several of the essential functions relate directly to the KSACs outlined in the Technician Role, specifically the technical expertise, diagnostic techniques, and troubleshooting, the majority of the essential functions operate on a higher level. Subject matter expertise, Industry-specific knowledge, and cultural intelligence are all required for the functions that require the role to monitor technological trends, as well as evaluating and recommending new technology. The role also demonstrates problem-solving, communication, and collaboration, working with stakeholders to recommend modifications and address issues relating to the roleís scope and work. Due to the higher-level work and the more advanced qualifications, it is prudent to place the position at a higher level than others, such as the Routing Specialist. Level 2, at least, is recommended."
Government Studies Specialist,"The Teacher utilizes current strategies and theories to plan, organize and implement structured lessons to instruct K12 students.",Master's Degree from an accredited institution in a related field Preferred, Work experience gained through education and certification/license requirements Required,"Instruct students in an in-person classroom environment through lectures, discussions, visual aids, instructional strategies, and other effective teaching methods for student comprehension.
Prepares lessons and outlines to use in class that effectively cover the material.
Plan and conduct activities for a balanced program of instruction, demonstration, and work time that provides students with opportunities to observe, question, and investigate.
Administers various types of assessments to monitor student‚Äôs comprehension of the material.
Assist students who need extra help with tutoring. Guides and counsels students with adjustment or academic problems or special academic interests.
Collaborates with other teachers and administrators to develop, evaluate, and revise academic programs following approved curricula.
Utilizes instructional technology, audio-visual aids, and other equipment and materials to enhance student learning.
Performs various administrative duties such as taking attendance, organizing the classroom, and responding to emails and phone calls from parents, school administrators, and staff in a timely manner.
Observe and evaluate students' performance, behavior, social development, and physical health.
Attends in-person faculty meetings, teacher training workshops and educational conferences to maintain and improve professional competence.
Maintain accurate, complete, and correct student records as required by laws, district policies, and administrative regulations.",Teaching Certification/License From Tennessee Department of Education with applicable endorsement Upon Hire Required,"Excellent writing and communication skills
Instructional strategies that connect the curriculum to the learner
Student Management
Demonstrated ability to work well with students, staff, and parents in a professional manner
Ability to be flexible and adapt as needed between in-person learning environments.
Knowledge of school safety & security procedures
Ability to work under pressure and meet deadlines",Government Studies Specialist,Teacher (Does not give enough information for more because of our generic Teacher JD),Teacher,,"Matches Teacher KSACs, including Pedagogical Techniques and Curriculum Development. Minor Sub-Group rules not established for Teacher."
Data Specialist I,"The Music Therapist provides music therapy sessions to assigned students, utilizing clinical and evidence-based assessments and music interventions to accomplish individualized goals. The Music therapist completes consultations, assessments, treatment plans and session plans with developmental and academic standards in place.","Master's Degree or additional degrees in music therapy, special education or related field  Preferred",1-3 years school system music therapy experience  Preferred,"Travels daily to assigned schools to deliver music therapy services to specific students as outlined in their IEPs.
Maintains and provides daily documentation through data within domain areas in the IEP.
Promotes a positive classroom environment through well delivered therapeutic interventions.
Provides music therapy to students as outlined in eligible students‚Äô Individual Education Programs.
Participates in IEP meetings and suggests if student is eligible for music therapy based on data and collaboration with IEP team members.
Maintains up to date record keeping documenting progress on IEP goals and updates IEP goals and progress reports as required.
Collaborates with school teams regarding individual needs of students that the music therapist serves in addition with consulting with school teams for those students who do not have music therapy as a service.
Maintains a schedule to ensure all students are receiving services.
Provides professional learning to other educators and classroom support throughout the district."," Valid certification from the Certification Board for Music Therapists. MTBC (Music Therapist-Board Certified)  Required
Teaching Certification/License Instrumental/General Music K-12 or Vocal/General Music K-12 endorsement  Required","Written and oral communication.
Classroom management skills.
Excellent organizational skills.
Knowledge of and ability to use various computer programs such as word processing, database, spreadsheet, calendar and email, and current music programs.",Data Specialist I,Music Coach,Coach,,"Matches Coach KSACs, including Academic and Pedagogical Expertise, Goal Setting and Planning, and Learning Strategics and Techniques. Does not meet the minimum requirements for a Therapist. "
Learning Systems Specialist,"Provides student care, assists in the safe transporting of students to classrooms or busses, and monitors/documents student behavior, medical incidences and IEP goals.","Provides student care, assists in the safe transporting of students to classrooms or busses, and monitors/documents student behavior, medical incidences and IEP goals.",1-3 years Applicable experience  Required,"Assists students with personal care, including changing diapers, feeding students, positioning, and assisting toileting.
Loads/unloads buses and makes sure walk-ons are securely seated (car seat, booster, seat belt, harness).
Assists teacher with all classroom activities including IEP implementation
Assists students in getting to class and assists related arts teacher with lessons.
Helps maintain clean/germ free environment by sanitizing equipment, doing laundry, and washing student dishes on a daily basis.
Accompanies students on community-based field trips.
Monitors and logs student behavior information, such as frequency, duration, and antecedents. Also logs student IEP goal information, such as time on task and level of assistance needed.
Monitors and logs student seizure episodes.",,,Learning Systems Specialist,Classroom Aid,Aide,,"Matches the Aide KSACs, including child development and safety protocols."
Accounting Specialist II,"The essential function of the position within the organization is to perform accounting functions, monitor related documentation, and provide assistance and accounting support to other accounting personnel as well as to other MNPS staff.   The position is responsible for analyzing accounts, preparing and reconciling financial information, occasionally assisting other MNPS departments with financial information, and helping to maintain financial records and reports in accordance with District and government requirements.","Bachelor's Degree in Accounting, Finance or related field Required", Relevant accounting experience is Preferred,"Research and post accounting information appropriately.
Review and prepare billing statements and payments on behalf of MNPS.
Participate in the processing of account related information such as, payroll, accounts receivable, and/or accounts payable.
Maintain various financial reports and statements including year-end reports.
Verify, monitor, and reconcile accounts.  Collect, enter, update, and maintain account information.
Interact with staff, different departments, and/or external agencies to ensure accuracy of accounts, respond to inquiries, and provide accounting support.
Provide information and assistance to internal and external auditors.
Perform related tasks as necessary such as research and analyze financial and accounting records to determine sequence of operations and account resolutions.",,"Understanding of accounting practices.
Knowledge of an Oracle-based accounting system is preferred.
Adaptability and the ability to learn quickly, research and solve finance related problems.
Strong interpersonal skills including the ability to provide a high level of customer service and establish and maintain effective relationships within the organization.
Ability to prioritize and self-direct.",Accounting Specialist II,Accountant I,Accountant,I,"Matches Accountant KSACs, but only meets the minimum requirements of the Accountant role, so the position is a level I."
Spec Accelerating Scholars Data,"Data is essential to helping us meet our goals and drive our high-impact tutoring program, Accelerating Scholars. The Data Specialist works closely with the Accelerating Scholars Data Manager to create and maintain systems for accurate and timely tracking and reporting of tutoring data including stakeholder surveys, student attendance and academic data, tutor applications and attendance, and staff payroll data.  The Data Specialist will also support the collection and reporting of data from contracted tutoring service vendors.  This position is contingent upon grant funding and the continuing availability of funds and is expected to last until June 30, 2024. 
",Bachelor's Degree  Required,1-3 years related experience Required,"Support the creation and or/maintenance of program databases for stakeholder feedback surveys, tutor and student attendance, student academic data, and staff payroll data.
Support the administration and collection of stakeholder survey data feedback for program evaluation.
Manage the collection of tutor contracts and attendance data used for payroll.
Facilitate the tutor-student rostering process.
Manage requisition of supplies and materials for tutoring program; support with reimbursement requests and expenditure reporting for associated grants.
Support the creation of reports for TN DOE and other external entities regarding program data for the districtís high-impact tutoring grants.",,"Excellent oral and written communication skills.
Expertise with Excel and other data reporting programs including Power BI.
Ability to interact with a variety of stakeholders.
Understanding of general compliance guidance surrounding federal grants.",Spec Accelerating Scholars Data,Accelerating Scholars Data Analyst,Analyst,I,"While the qualifications for the role are in line with that of other specialist roles, a bachelorís degree and 1-3 years of experience, no specialized experience, knowledge, or degree is required. Furthermore, the essential functions of the role match more with the Analyst KSACs than any other classification. Data analysis and analytical thinking are used constantly in the role, as well as industry trends and ensures accountability, which is used in the creation of reports to governmental and other external agencies regarding the districtís grants."
Coordinator of Kñ8 Counseling and Advising,"The role leads the development, curation, and continuous improvement of tools, systems, and resources that enable elementary and middle school counselors to deliver high-quality, developmentally appropriate services. This role ensures that Kñ8 counseling practices are aligned to the Tennessee Model for Comprehensive School Counseling, the district's Tiered Transition Planning framework, and the MNPS Portrait of a Graduate. By focusing on system design and implementation supports, the Coordinator enables school-based staff to deliver effective academic, social-emotional, and postsecondary readiness guidance that prepares students for successful transitions and long-term success. The Coordinator should be a systems-oriented leader with deep knowledge of developmental counseling practices and a strong commitment to ensuring every student receives foundational supports that set the stage for future academic and postsecondary success.",,,"Systems Development and Alignment: Design and maintain comprehensive systems and planning structures that support aligned, impactful Kñ8 counseling practices across all schools.
Resource and Tool Development: Curate and manage counseling resources, including lesson plans, intervention frameworks, SEL toolkits, and transition planning guides to support consistent implementation.
Professional Learning Design: Develop and coordinate training materials and PD logistics to build counselor capacity in alignment with district goals and state/national standards.
Transition Planning Infrastructure: Build and support the tools and guidance that help Kñ8 schools implement early transition planning and foundational postsecondary readiness concepts.
Data-Informed Improvement: Collaborate with CCR data staff to monitor access and participation in Kñ8 counseling services and support continuous improvement.
Cross-Functional Collaboration: Partner with the Counseling and Advising Director, CCR Systems team, and Teaching and Learning to ensure counseling resources are integrated with academic, SEL, and postsecondary strategies.
Communication and Dissemination: Ensure school counselors have timely access to updated tools, templates, timelines, and guidance documents through centralized systems and communication protocols.",,,Coordinator of Kñ8 Counseling and Advising,Kñ8 Counseling Advisor,Advisor,,"Develops advising systems for early grades; strategic planning and counselor support responsibilities.. Demonstrates program leadership and resource allocation responsibilities, distinguishing it from Advisor roles."
Spec Travel,"Plans and books transportation and accommodations for MNPS sponsored travelers. Determines modes of transportation, costs, and accommodations as required. Describes, plans and arranges itineraries. Resolves clients' travel problems. Performs training for district employees on proper travel policies and procedures.",Associate's Degree  Preferred," Experience with computer applications, reporting and reconciliation for accounting, banking or purchasing software applications Required","Receives requisitions and creates, maintains and closes purchase orders for travel and accommodations from all MNPS departments and charter schools.
Ensures encumbrance of federally-funded travel events for all MNPS and private schools receiving federal money.
Converses with customers to determine destination, mode of transportation, travel dates, financial considerations, and accommodations required.
Books conferences, Hotel reservations and arranges ground and air transportation. Using District travel P-card.
Computes cost of travel and accommodations, using calculator, computer, carrier tariffs, and hotel rates, or quotes package costs.
Prepares a complete travel packet including itineraries, conformations, and tickets along with brochures, publications containing travel information, such as local customs, points of interest, or foreign country regulations.
Plans, describes, and arranges itinerary packages and promotional travel incentives offered by various travel carriers.
Reconciles purchase card statement to POís monthly.",,"Microsoft Office, Advanced computer skills, Customer Service, Multi-tasking",Spec Travel,Travel Clerk,Clerk,,"The qualifications for this role do not match those of other specialists, only requiring a high school diploma or equivalent, with an associateís preferred. Some experience with computer applications is required, related to the functions of the position, but the experience is not specialized and not on any specific metric. Furthermore, the essential functions of the position match closer with another classification, assistant, rather than specialist. The position is built around travel arrangements, one of the KSACs of an assistant. Furthermore, calendar management is used to book conferences, hotel reservations, and other aspects of travel. Correspondence management is important for keeping all parties involved with the travel updated and attention to detail and organization are important to reconciling statements monthly and ensuring encumbrance for federal funds."
Coordinator of Advanced Academics,"The position supports the districtwide implementation of rigorous academic programming, including Dual Enrollment (DE), Advanced Placement (AP), International Baccalaureate (IB), Cambridge AICE, and honors courses. This role ensures that educators and school leaders have the resources, tools, and support they need to offer accessible, high-quality instruction in advanced courses. The Coordinator plays a key role in supporting the development of strong honors classes that serve as an on-ramp to Early Postsecondary Opportunities (EPSOs), and collaborates with other CCR and school-based staff to increase student participation and success in advanced academics. This position requires a collaborative, detail-oriented leader who is committed to expanding access to challenging coursework and increasing student success in advanced academic pathways. The Coordinator ensures that honors and advanced programs are implemented effectively and aligned with the district's college and career readiness goals.",,,"Program Coordination: Maintain and manage resources that support implementation of DE, AP, IB, AICE, and honors programming, including program maps, course guidance, and aligned instructional tools.
Data and Program Monitoring Collaboration: Collaborate with CCR Systems and data staff to support monitoring of enrollment, participation, and student outcomes in advanced academics to drive continuous improvement and promote equity.
Instructional Support: Coordinate the distribution and support of curriculum resources and academic supports to help ensure consistent delivery of advanced coursework aligned with national and state expectations.
Demonstrate Proactive Leadership: Identify areas for growth or system refinement and initiate improvements without prompting; serve as a thought partner and problem-solver in advancing the vision for advanced academics across the district.
Manage Resources for Program Implementation: Collaborate with the Director of Advanced Academics to plan and manage local, grant, and other program-specific budgets to ensure timely, efficient, and impactful implementation of advanced academic programs.
School Support: Serve as a primary point of contact for advanced academics implementation questions from teachers, counselors, and school leaders. Provide timely, practical support aligned with instructional and program expectations.
Honors and EPSO Pathway Support: Support the development of strong, aligned honors pathways that prepare students for participation and success in EPSOs. Identify and promote strategies to build student confidence and readiness.
Communication and Training: Provide clear, consistent communication to school-based staff regarding timelines, program updates, assessment logistics, and professional learning opportunities.
Collaboration: Partner with the Advanced Academics Coach, Director of Advanced Academics, and Counseling staff to ensure programs are equitably implemented and well-aligned with advising and student planning systems.
Professional Learning Logistics: Support the coordination and delivery of professional development aligned to advanced academic instruction and program implementation.",,,Coordinator of Advanced Academics,Advanced Academics Coordinator,Coordinator,,"Cross-program fiscal and strategic leadership. Demonstrates program leadership and resource allocation responsibilities, distinguishing it from Advisor roles."
Advanced Academics Coach,"The role plays a vital role in supporting educators who teach in Advanced Placement (AP), International Baccalaureate (IB), Cambridge AICE, and honors courses across MNPS. This role focuses on improving instructional practices, increasing rigor and engagement, and supporting teacher growthóparticularly among new and early-career advanced academics teachers. The Coach provides direct instructional support and professional learning aligned with the district's academic readiness and equity goals. The Coach should be an experienced, equity-focused educator who is passionate about supporting rigorous instruction and expanding access to college-level learning experiences for all MNPS students.",,,"Targeted Instructional Coaching: Provide job-embedded coaching to advanced academics teachers, with a special focus on new and early-career educators.
Standards-Aligned Support: Help teachers implement instructional strategies aligned to AP, IB, AICE, and honors program expectations and college-level academic standards.
Professional Learning Leadership: Design and facilitate high-quality professional development that strengthens instructional practice, promotes academic challenge, and supports equity in advanced coursework.
Curriculum and Practice Integration: Support teachers in adapting curriculum and assessments to meet the rigor of advanced programs while ensuring accessibility for diverse learners.
Mentorship and Retention Support: Serve as a key support for advanced academics teachers navigating new content areas or instructional expectations, contributing to stronger teacher retention.
Instructional Planning Collaboration: Work with teachers to develop unit plans, lesson structures, and instructional routines that promote critical thinking, academic discussion, and postsecondary readiness.
Feedback and Reflection Cycles: Engage educators in reflective practice using non-evaluative observation, feedback, and coaching strategies.
Collaboration with CCR Teams: Partner with the Coordinator and Director of Advanced Academics, as well as counseling and advising staff, to ensure alignment between instructional practice and broader CCR strategies.",,,Advanced Academics Coach,Academic Readiness Coach,Coach,,Strong instructional coaching + EPSO systems. Aligned with Coach KSACs.
Spec GIS,"The position is responsible for the coordination of all Geographical Information System functions, including updates to the GIS database and access via the network or web. This position will perform duties associated with compilation and maintenance of MNPS GIS layers. This position will use MNPS' enterprise portal and ArcGIS Online to help MNPS customers create and maintain their content.

The position may report to different departments based on specific project requirements or organizational needs.
",Bachelor's Degree in GIS or equivalent field from an accredited institution Required," 2-3 years of AutoCAD, GIS, and drafting related experience and/or training Required","Use a variety of spatial editing techniques to accurately create and update an array of GIS datasets.
Monitor and maintain data inventory records relating to GIS dataset update cycles. Maintain the MNPSí GIS system hardware and software.
Conduct GIS analysis tasks and generate cartographic products as needed.
Create and maintain content within MNPSí enterprise portal and ArcGIS Online.  Verify accuracy and completeness of GIS datasets.
Serve on team to procure vendor(s) to create GIS interfaces. Coordinate/collaborate with vendor on delivery of product. Serve as the main point of contact with the vendor. Report status of implementations to Directors
Document data maintenance and analysis procedures.
Collect GPS data in the field and imports into GIS database. Set up/maintains web maps and network access to GIS mapping and create maps as requested.
Maintain MNPSís CAD base file of all schools and updates them periodically as changes are made to the buildings.  Converts CAD plans of new buildings into MNPS standard layer system, adds shape elements and integrates new CAD into existing GIS database.
Accesses construction drawings stored on third party hosting platform as requested and provides the relevant drawings.  Mark up drawings as requested to locate utilities as requested.", Certificate from accredited college or technical school in related field   Preferred,"Extensive knowledge of computer hardware and software, including AutoCAD, ArcGIS and Arc SDE.
Ability to read and interpret construction plans and specifications.
Ability to operate handheld GPS device.
Knowledge of ESRI, Windows, MS Office, and other commonly used software.
Must have effective verbal and written communication skills.
Ability to establish and maintain an effective relationship with the public and other employees.",Spec GIS,GIS Specialist,Specialist,,"The qualifications match for specialists, requiring a bachelorís degree in a specialized field, and experience with specific areas related directly to the essential functions of the position. While some of the essential functions match the key KSACs of a technician, including Technical Expertise, most of those can also be found in Specialist KSACs, as well as a few others that match. The role requires the employee to be a subject matter expertise, have specialized training and Advanced Technical Skills, to collaborate and communicate with stakeholders, as well as analytical thinking needed to conduct GIS analysis tasks."
Manager of Career and Industry Partnerships,"The person in this job leads the work of connecting MNPS high schools with business, industry, and community organizations in support of the Academies of Nashville model. This role is critical in ensuring strong, sustainable partnerships that create authentic, real-world learning experiences for students aligned with their academy pathways. The Manager works closely with Academy coaches, school leaders, and the Nashville Partnership Council to identify partnership needs, develop aligned supports, and ensure consistent communication between schools and external stakeholders. This position is also responsible for executing large-scale district events such as the annual career exploration fair and partner engagement experiences that elevate and expand the reach of the Academies of Nashville. The Manager should be a relationship-driven leader who understands both the school context and the needs of external partners, and who can strategically connect the two to build powerful, real-world experiences for MNPS students.",,,"School-Partner Relationship Building: Serve as the key connector between business/industry partners and school-based academy teams. Facilitate meaningful engagement that supports pathway-aligned experiences.
Support for Academy Coaches: Collaborate with academy coaches to understand school-level partnership needs and to ensure strategic alignment between academy themes and partner expertise.
Partnership Council Coordination: Serve as the district liaison to the Nashville Partnership Council. Facilitate regular communication, shared planning, and execution of partnership strategies that align with district priorities.
Event Planning and Execution: Lead the planning and implementation of large-scale career exploration events, including the annual career fair and business engagement events that support awareness, recruitment, and alignment.
Partner Communication and Recognition: Manage systems for onboarding, communicating with, and recognizing external partners. Ensure a consistent and professional district presence in all external engagements.
Program Alignment and Strategy: Work with the Director of Career Academies to ensure partnership work aligns with CTE programming, career-based learning initiatives, and overall college and career readiness goals.
Resource Development: Create and maintain resources, tools, and templates that support consistent, scalable, and high-quality partnership engagement practices across schools.
External Communication and Public Relations: Develop and implement communication strategies to showcase the impact and success of the Academies of Nashville using multiple media outlets, including social media, newsletters, website content, and community reports. Promote awareness and engagement through compelling storytelling and timely updates.",,,Manager of Career and Industry Partnerships,Industry Partnerships Facilitator,Facililtator,,Partnership ecosystem manager; community-facing strategic role. Heavy emphasis on multi-stakeholder coordination and facilitation.
Executive Director of College and Career Readiness,"The job leads the district's efforts to prepare all students for postsecondary success by developing, scaling, and sustaining high-quality programs, experiences, and systems. This role oversees Advanced Academics, Career & Technical Education, and the Academies of Nashville, ensuring every student has equitable access to rigorous coursework, career-aligned experiences, and personalized transition supports. The Executive Director provides strategic vision and operational oversight, collaborating with district leaders, school-based staff, and external partners to align programming with MNPS's Portrait of a Graduate and overall district goals.",,,"Strategic Vision & Program Leadership: Establish and execute a unifying vision for college and career readiness aligned with district strategic priorities and department goals.
Kñ12 System Design & Oversight: Lead the development and oversight of vertically aligned systems that span elementary through high school, ensuring coherent pathways for postsecondary readiness.
Equity-Focused Systems Development: Identify barriers to access and design scalable systems that close opportunity gaps in EPSOs, advanced coursework, and career pathways.
Performance & Practice Standards: Define expectations for CCR program quality and ensure consistent implementation across schools through coaching, tools, and oversight.
Capacity Building: Support the professional growth of directors, coordinators, and school leaders to implement readiness initiatives with fidelity and impact.
Integrated Transition Planning: Partner with advising and instructional teams to embed postsecondary readiness into school schedules, student plans, and transition structures.
Data-Driven Decision-Making: Use districtwide data to identify trends, inform strategies, and drive measurable improvements in participation and success in CCR programming.
Cross-Functional Collaboration: Partner with Teaching & Learning, Counseling, and other departments to embed readiness goals into academic and advising systems.
External Partnership Management: Serve as a key liaison with postsecondary institutions, employers, nonprofit partners, and national networks supporting CCR strategy.
Continuous Improvement & Innovation: Monitor program impact, adjust strategy based on data, and lead innovation efforts to ensure offerings remain responsive and future-focused.
Cross-Department Alignment: Ensure departmental strategies are fully aligned with broader district initiatives including Ready Graduate, University MNPS, and Portrait of a Graduate.
Policy & Advocacy: Monitor relevant policy at the state and national level, influence local readiness policy, and advocate for student-centered changes that improve outcomes.
Resource Stewardship: Oversee significant personnel and program budgets and ensure effective use of resources to support equity and outcomes.",,,Executive Director of College and Career Readiness,CCR Executive Director,Executive Director,,"District-level leadership, strategy, innovation, policy. Demonstrates strategic leadership, project oversight, and team management responsibilities."
Learning Systems Support Specialist,"Assist principal in planning, directing, or coordinating the academic, administrative, or auxiliary activities of assigned school. Builds capacity of educators to provide all students a rigorous curriculum, aligned with adopted state standards. Collaborates with stakeholders to establish and communicate a clear, compelling vision for continuous improvement. Promotes the professional growth of all staff members through clear expectations for performance, modeling expected behaviors, effective coaching practices, conducting frequent supervisory visits with clinical feedback for improvement. Ensures effective and objective evaluation of staff.","Master's Degree in Secondary Education, Educational Administration, or a closely related field Required", 3 years of certificated experience Required,"Assists with supervision of staff, including recruitment, selection, development, deployment, performance evaluation, counseling, discipline, and recommendation for termination.
Provides leadership to create an environment that fosters the lover for learning, active student engagement, and consistent improvement in academic achievement. Provides leadership in planning, developing, implementing, and evaluating instructional programs and activities. Assists with scheduling classes and extra-curricular activities for students.
Provides stewardship of the instructional program by facilitating, and/or actively leading the appropriate professional learning communities at the school while ensuring the effective implementation of required curriculum including National, State and Local Standards of Practice for areas of responsibility.
Create a culture of collaboration and shared accountability where people are valued, supported, and personally invested in professional growth. Ensures the creation of a safe and orderly environment by implementing policies approved by the Board of Education and district safety procedures and protocols; enforces policies and procedures for student discipline, and protects students‚Äô rights; coordinates safety inspections and safety evacuation drills according to established laws and protocols.
Assists with development, preparation, and administration of approved school budget; monitors and approves expenditures; supervises financial operations of designated areas in the school.
Supervises compilation of student data, including report cards, transcripts, and schedules; supervises reporting and monitoring of student attendance. Maintains record system for area of responsibility; processes paperwork including, reports, memos, requisitions, and personnel information. Gathers and maintains information/data to support periodic and special reports documenting activities for area (or Academy) of responsibility.
Create strong partnerships with our parents and the community to collectively improve student outcomes and the growth and viability of greater Nashville.  Utilizes effective communication skills to establish and maintain positive relationships with staff members, students, parents, and community. Attends or conducts staff, parent, PTA, and other professional meetings to exchange information; attends professional classes, seminars, or conferences to improve professional skills.
Coordinates requisitioning of supplies and equipment; conducts inventories; maintains records, and checks receipts/invoices for materials.", State certification in Administration  Required,"Ensures compliance with all legal mandates regulating school operations, students‚Äô rights and responsibilities, communication with external agencies, parental custody, student attendance, search and seizure, and all disciplinary matters involving student conduct.
Knowing the law is the administrator‚Äôs responsibility.
Promotes a culture of quality and high performance by communicating expectations and procedures in a clear and concise manner.
Provides adequate and timely information to staff, students, and parents regarding school operations and special circumstances.
Demonstrates ability to establish positive relationships with all stakeholders by employing effective interpersonal communication skills.
Demonstrates effective public speaking skills.
Demonstrates the use of logical principles and thinking to solve practical problems in the daily operation of the school or a specific unit/department.  Addresses complex and unusual situations in a calm, composed, and logical manner.
Takes initiative, ingenuity, and creativity to address persisting or sudden problems hindering the effective operation of the school.
Analyzes the impact and ramifications of decisions made.
Effectively determines how decisions can affect units in the organization, citizens; student or staff safety, property damage and other legal liabilities",Learning Systems Support Specialist,Assistant Principal,Assistant Principal,,"Matches the Principal KSACs, but is at a junior level."
School Support Specialist,"Data is essential to helping us meet our goals and drive our high-impact tutoring program, Accelerating Scholars. The Data Specialist works closely with the Accelerating Scholars Data Manager to create and maintain systems for accurate and timely tracking and reporting of tutoring data including stakeholder surveys, student attendance and academic data, tutor applications and attendance, and staff payroll data.  The Data Specialist will also support the collection and reporting of data from contracted tutoring service vendors.  This position is contingent upon grant funding and the continuing availability of funds and is expected to last until June 30, 2024. _x000d_
","Data is essential to helping us meet our goals and drive our high-impact tutoring program, Accelerating Scholars. The Data Specialist works closely with the Accelerating Scholars Data Manager to create and maintain systems for accurate and timely tracking and reporting of tutoring data including stakeholder surveys, student attendance and academic data, tutor applications and attendance, and staff payroll data.  The Data Specialist will also support the collection and reporting of data from contracted tutoring service vendors.  This position is contingent upon grant funding and the continuing availability of funds and is expected to last until June 30, 2024. _x000d_
",1-3 years related experience Required,"Support the creation and or/maintenance of program databases for stakeholder feedback surveys, tutor and student attendance, student academic data, and staff payroll data.
Support the administration and collection of stakeholder survey data feedback for program evaluation.
Manage the collection of tutor contracts and attendance data used for payroll.
Facilitate the tutor-student rostering process.
Manage requisition of supplies and materials for tutoring program; support with reimbursement requests and expenditure reporting for associated grants.
Support the creation of reports for TN DOE and other external entities regarding program data for the district‚Äôs high-impact tutoring grants.",,"Excellent oral and written communication skills.
Expertise with Excel and other data reporting programs including Power BI.
Ability to interact with a variety of stakeholders.
Understanding of general compliance guidance surrounding federal grants.",School Support Specialist,Accelerating Scholars Specialist I,Specialist,I,"The best match for this job is Associate given the KSACs needed to complete the essential functions, including ""Project Management"", ""Data Analysis"", and ""Regulatory Compliance"", but the position far exceeds the bounds of the Associate position, so Specialist is the next best fit, given the education/experiential requirements slot in perfectly and the KSACs between an Associate and a Specialist are similar."
Classroom Specialist,"Reviews and prioritizes all incoming communications and responds or redistributes as necessary.  Collects and compiles requested information quickly and accurately. Handles customer service-related issues, including internal customers. May train and supervises staff.
","Reviews and prioritizes all incoming communications and responds or redistributes as necessary.  Collects and compiles requested information quickly and accurately. Handles customer service-related issues, including internal customers. May train and supervises staff.
", Minimum of five yearsí in dedicated customer service and/or assisting executive-level staff in a high volume environment Required,"Schedules and arranges all activities of the Chief Officer.  Organizes, schedules and maintains the Directorís calendar and planning schedule.
Liaison between Chief Officer and federal, state and local stakeholders.  Coordinates communications between Director and Executive Leadership Team and/or MNPS staff.
Oversees and administers the day-to-day activities and workflow of the office; develops policies, procedures and systems which ensure productive and efficient office operation. Collaborates with department and other district staff in support of projects and other goals.  May maintain project schedules and logs for project teams.
May oversee the supervision of staff, which includes sequencing, work allocation, training, and problem resolution; evaluates performance and makes recommendations for personnel actions; and motivates staff to achieve peak productivity and performance.
Answers phone calls and directs calls to appropriate parties or take messages. Greets visitors and determines whether they should be given access to specific individuals. Reads and analyzes incoming mail, submissions, emails, and reports to determine their significance and plans their distribution.
Prepares and edits reports, memos, letters, speeches, and other documents, using word processing, spreadsheet, database, or presentation software. Creates and maintains file management system for easy access to documents for all end users. Files and retrieves documents, records and reports.
Conducts research, compiles data and prepares papers for consideration and presentation by Chief Officer.
Keep Chief Officer apprised of important issues involving schools, community, media, etc.",,,Classroom Specialist,Administrative Assistant II,Administrative Assistant,II,"Matches the Administrative Assistant KSACs the best, including Office Administration, Calendar Management, and Correspondance Management. More senior than the previous example, with more supervisory duties, larger scope, and higher qualifications, placing it at level II."
Spec Central Intake,"The Central Intake Specialist will be the initial point of contact to process and document all student referrals from all MNPS internal stakeholder during the academic school year. In addition, this individual will enter, reconcile, and maintain student cohort groups in the student information system on an ongoing basis throughout the academic school year. Responsibilities include entering and tracking computer database applications, compiling and maintaining data for statistical reports, and disseminating reports to department leadership. In addition, this individual must attend meetings as required, take notes, generate reports and distribute to appropriate personnel. Job duties will entail travel between multiple sites; therefore, this individual must have a driver license, reliable transportation, and maintain adequate insurance coverage.
",High School Diploma or GED Required,,"Receive, process, and document all Collaborative Referrals
Enter, reconcile, and maintain student cohort groups through program manager application in the student information system
Develop monitoring reports for department leadership to track the status of provider utilization at both school and district levels
Provide department leadership with program monitoring reports of individual at-risk students as well as aggregate program level reports
Collaborate with school level staff to ensure adherence to the Collaborative Referral process and provide guidance and support as needed
Create quarterly and end of year outcome reports to be shared with the Student Services Leadership team
Sort and file various materials electronically and retrieves files electronically
Perform tasks as requested by Student Services leadership and produce data when requested",,"Proficient in computer applications, attention to detail, excellent verbal and written communications
Applicable knowledge of student information systems, data management systems and data analysis",Spec Central Intake,Central Intake Clerk,Clerk,,"The qualifications for this role do not match those of other specialists, only requiring a high school diploma or equivalent. Furthermore, the role does not act as a subject-matter expert or provide any real expertise that implies a specialist. The role is mostly clerical, receiving and documenting, reconciling and maintaining data, creating various reports, and filing materials. These fit best with the clerk KSACs, including data entry, filing systems, record-keeping practices, and computer skills."
Spec Early Childhood Child Find,"Serves as LEA for early childhood assessment teams, TEIS transition meetings, and/or community based sites (Head Start).   Supports all professionals on assessment teams and itinerant special education at assigned site.  Interacts with families as the point of contact and information  for MNPS early childhood.", Early childhood emphasis  Preferred,1-3 years Classroom teaching experience including classroom experience with early childhood instruction Required,"Serves as LEA for eligibility and IEP meetings to include intake assessment sites as well as community-based partners.
Conducts TEIS transition meetings for families of students in early intervention services.
Acts as team lead at assessment sites for scheduling, problem-solving, and other activites at early childhood intake with assigned assessment specialists (school psychologist, speech pathologist, special education teacher, occupational therapist, physical therapists, etc.).  Ensures all IDEA and TDOE guidelines and compliance procedures are being followed.
Attends Exceptional Education district meetings and trainings to remain highly knowledgable of the distict direction with instruction, inclusion, and other issues related to early childhood, school-age, and special education services.
Is an early childhood point of contact for families, schools, and community paretners in regards to questions and concerns prior to and during the intake assessment,  eligibility process and transition into early childhood services in schools.
Provides information and resurces for parents and community members to support support families and students.
Collaborates with internal and external  partners to support student and adult learning.
Reviews trends in early childhood education and remains highly knowledgeable and demonstrates clear communication regarding evidence-based best practices.", Valid Tennessee teaching license  Required,0,Spec Early Childhood Child Find,Early Childhood Child Find Representative,Representative,,"The education and other qualification requirements for the role, while specialized, are more representative of school-based roles such as a teacher or coach than a specialist. However, the essential functions of the role are very in-line with that of the representative role. The role serves as LEA or advocate, attending IEP meetings and conducting TEIS meetings for families, which relates to the parent and guardian engagement KSAC. Conflict resolution techniques, student support services, school facilities and resources knowledge, and cultural sensitivity and diversity awareness all have a place in these meetings, as well as when serving as a point of contact for families and the community."
Coordinator of College Access and Academic Readiness,"The job leads the design and implementation of systems that support student preparation for college admissions testing and postsecondary transitions. This role coordinates strategic efforts to improve ACT and SAT performance across the district while also overseeing readiness initiatives related to the PreACT, PSAT, and ASVAB. The Coordinator supports district and school teams in aligning strategy, advising, test preparation, and planning to improve student outcomes. This work is directly tied to improving Ready Graduate rates, unlocking college admission and scholarship opportunities, and supporting greater student access for the district's University MNPS scholarships. This position is ideal for a collaborative, systems-minded leader who is passionate about improving postsecondary access through academic readiness. The Coordinator ensures that college access and readiness are embedded as part of a sustained, strategic effort to help every student succeed beyond high school.",,,"College Readiness Testing Strategy: Guide strategic integration of ACT, SAT, PreACT, and PSAT into instructional planning, advising systems, and school improvement efforts. Support alignment with school and district goals for college and career readiness.
Strategic School Communication: Serve as the districtís point of contact for ACT/SAT strategy. Communicate regularly with counselors, test coordinators, and school leaders to support a systemwide plan for performance improvement.
Military Readiness Oversight: Lead district-level coordination for ASVAB readiness and promote understanding of military pathways as part of a comprehensive postsecondary readiness strategy.
Tool and Resource Development: Develop and manage access to resources, vendor partnerships, and prep tools that strengthen student readiness for college entrance exams.
Scholarship and Opportunity Alignment: Connect ACT/SAT improvement efforts to scholarship eligibility, postsecondary opportunity expansion, and the broader University MNPS strategy.
Professional Learning Logistics: Coordinate training, materials, and support for school staff involved in college readiness testing strategy, including academic leaders, counselors, and advisors.
Data Collaboration: Partner with CCR Systems and data teams to monitor student participation, performance trends, and equity gaps in college readiness testing. Use insights to inform improvements and planning.
Cross-Team Integration: Work collaboratively with Counseling, Advanced Academics, and CCR Systems to ensure testing strategies are embedded in advising, course sequencing, and transition planning.",,,Coordinator of College Access and Academic Readiness,College Access and Readiness Advisor,Advisor,,"Advises and supports college access strategies; integrates with readiness infrastructure and student planning.. Demonstrates program leadership and resource allocation responsibilities, distinguishing it from Advisor roles."
Data Quality & Integrity Specialist,"Supports the efficiency, reliability, and effectiveness of the Kronos Timekeeping System and Timekeepers.  Ensures that the Kronos time and attendance application correctly reflects MNPS business rules and operates with high performance and availability. ",Bachelor's Degree  Required, Multi-location organization experience with 5000+ employees and operating version WFC 7.0 a plus Required,"Collaborates with Human Capital / Payroll / Timekeepers / Supervisors and IT to translate functional business requirements into technical specifications and designs to create pay rules, interfaces, reports, etc.
Supports Kronos Administrator to develop and maintain a list of Kronos enhancements and projects.
Provides technical leadership and expertise to various levels of staff, including presentations and training-the-trainer instruction, as required.
Provides technical support within the Kronos application including setups for new department / schools, profiles, pay codes, pay rules, queries, update holidays, modify employee records, and other setups required for both browser-based and Kronos 9000 series InTouch data capture devices.
Creates and maintains custom reports as required.
Assists Kronos Administrator in Troubleshooting issues including determination of root cause and follow-up remediation.
Provides support to timekeepers and management concerning application and payroll processes.
Keeps up-to-date technically and applies new knowledge to work.", Current computer certifications are desirable  Preferred,"Strong knowledge in manipulating and using relational databases such as Oracle, MS-SQL, etc.
Experience in implementing, converting, upgrading and maintaining Kronos Time & Attendance modules including writing pay rules for various business requirements.
Excellent analytical and problem-solving skills.
Strong written and verbal communication skills, including ability to interact face-to-face with principals/department head and employees.
Experience supporting Kronos 9000 series InTouch devices and browser-based data capture a plus.
Knowledge and experience using EBS HRMS/Payroll a plus.",Data Quality & Integrity Specialist,Kronos Specialist III,Specialist,III,"Matches the Specialist KSACs, including Industry Specific Knowledge, Subject Matter Expertise, and Advanced Technical Skills. Due to the high complexity, span of control, and freedom to act, position is a level 3."
