Job Code,Job Description Name,Position Summary,Education,Work Experience,Essential Functions,Licenses and Certifications,"Knowledge, Skills and Abilities"
80259,Mgr Operations Routing,"Supervises and coordinates all aspects of Transportation Dispatch Operations.  Collaborates with principals, central offices, parents, TN State Department of Education, outside agencies, and others as necessary.", Business degree from an accredited college or university with coursework in logistics and/or business process applications or an equivalent work experience in same or related field Required," Directly applicable experience in logistics and/or business process applications, including five years’ experience directly supervising others Required","Supervises and coordinates all aspects of Dispatch operations, including responsibility for day-to-day operation of Dispatch.
Analyzes student transportation requirements and develops dispatch plans accordingly.
Collaborates with Routing Manager to improve efficiency of operations.
Regularly reviews team’s progress against departmental goals.
Collaborates with operational supervisors in the handling of day-to-day problems.
Collaborates with other divisions/departments to develop seamless transportation policies and procedures.
Keeps abreast of current innovations and trends; is knowledgeable on federal, state and local laws governing school transportation/routing; and recommends changes to processes/procedures accordingly.","DL NUMBER - Driver License, Valid and in State   Required",
89101,Asst Therapy Physical,"The essential function of the position within the organization is to provide physical therapy service for designated students.  The position is responsible for providing physical therapy, assessing students' needs, maintaining service records, and preparing reports.  The position works under general supervision according to some procedures; decides how and when to complete tasks.",Associate's Degree or the equivalent of two years of college or vocational school education resulting in approved certification as a Physical Therapist Assistant Required,less than 1 year of related experience Required,"Provides school-related physical therapy services for designated students according to individual goals.
Follows therapy intervention strategies related to classroom activities.
Assists Physical Therapy staff in identifying and assessing students’ basic skills and abilities in gross motor function, balance and equilibrium, orthopedic status, motor planning, developmental function, range of motion, postural tone, gait, reflex integration, and kinesthesia.
Monitors use of adaptive equipment and other assistive device during therapy service sessions with students.
Recommends or develops assistive devices used in classrooms.
Provides assistance to classroom teachers by demonstrating exercises and activities.
Documents therapy received and records progress; maintains a variety of service related logs and prepares reports.
Inputs student data to personal computer and extracts lists of students receiving services.
Orders supplies, equipment, and assessment materials.
Contacts School District staff, parents, physicians, and various agencies related to physical therapy services.
Meets with Physical Therapists to report parent and teacher concerns and issues.",PTA - Physical Therapist Assistant State registration  Required,
81473,Coord ACT,"Maximize student opportunity to obtain Ready Graduate status through earning a 21 composite on the ACT by: Leading the implementation of the district's comprehensive ACT strategic plan across all schools; Providing support to district personnel and school staff in the interpretation and use of ACT data; Working collaboratively with high schools to support curriculum and instruction for ACT Prep courses and ACT enrichment opportunities.
",Master's Degree in Education Required, Minimum of five years of experience in education and at least one year of administrative and/or teacher leadership experience Required,"Lead school staff in the implementation of effective ACT Prep courses and ACT supports with a focus on the curriculum, professional development, and data tools available.
Build a culture of increased awareness in grades PreK-12 about the ACT and identify connections to ACT skills across all areas of the PreK-12 district curricula.
Coordinate a district-level ACT committee by conducting regular meetings, monitoring progress, and setting goals in accordance with the district’s comprehensive ACT strategic plan.
In collaboration with school and district leadership, establish district- and school-level action plans with the goal of improved student outcomes.
Build and utilize communication systems to promote ACT requirements, supports, and resources for external audiences (students, families, community members) and internal audiences (school board, teachers, school leaders, district leaders).
Manages the district contract(s) with vendors who support ACT Prep curriculum or supplemental resources including resource allocation and professional development provisions.
Analyzes and synthesizes ACT data from a variety of sources and prepares reports or presentations about ACT performance."," Valid Tennessee teaching certificate  Required
  valid Tennessee administrative license  Required","Data analysis,
program implementation,
project management and effective communication skills."
83350,Dir Student Assignment,,," Five (5) years increasingly responsible experience in inventory control preferably 			in the automotive industry Required","Provides analysis of demographic data as it impacts the school system’s housing and delivery of instructional services.  Collects, analyzes and interprets demographic data as it relates to individual school and system wide enrollment projections.
Prepare ten (10) year system wide and one year individual school enrollment projections
Communicate with governmental planning agencies to assess the impact of community pans on educational facilities
Assists in the preparation of the Capital Improvements Program and budget
Recommends and initiates procedures for the acquisition and disposal of real property
Maintains and provides an accurate description of individual school attendance zones. Plans for new school attendance zones and changes to existing zones as necessary
Maintains an accurate computerized file of valid addresses in Davidson County
Maintains an accurate computerized file of valid addresses in individual school attendance zones
Recommends changes in school attendance zones and the impact on the ethnic composition of the student body
Prepares annual report on the ethnic composition of the student body for each individual school
Monitors attendance zones for impact on housing and other student assignment factors
Supervises and evaluates the implementation of School Board policy and State law as it relates to pupil attendance accounting and transfers
Prepares and reviews reports required by the State Department of Education",,"Knowledge of fundamentals of inventory control
Knowledge of automotive repair manuals
Skill in oral and written communications
Ability to supervise and lead the work of others
Ability to adhere to budget guidelines
Ability to organize and prioritize work
Ability to perform basic bookkeeping functions
Ability to work independently
Ability to use a computer terminal for data input, retrieval; proficient in using      MicroSoft Word and Excel; ability to learn fleet maintenance software utilized by MNPS"
85111,Translator School Based Parent Outreach,The School-Based Parent Outreach Translator will interpret verbally and translate written documents from one language to another.,High School Diploma or GED Required," A minimum of two years’ applicable experience performing language translation duties, including proficient reading, writing, and oral communication in both English and the native language Preferred","Directly assist Non English Language Background (NELB) parents in assigned schools in person, via phone, and via email.
Assist Administration contacts, conferences, and meetings. Translate school-level documents.
Assist with home visits, accompanied by another MNPS or Metro Employee.
Assist in oral interpretation at school events and activities.
Assist school staff with recording the call-outs in the target language.
Assist in updating Emergency Card and contact information. Provide new information to school office as needed.
Develop and maintain positive relationships with staff and international families.",,"A proficiency test translating English to native language; develop effective, accurate and grammatically correct written text for a variety of audiences.
Familiarity with Microsoft Office Suite (Word, Excel, Outlook, Power Point and Publisher).
Establish and maintain working relationships with others; organization and prioritization; work independently and as a member of a team; deal effectively with international parents and students."
86880,Principal Asst MS,"Assist principal in planning, directing, or coordinating the academic, administrative, or auxiliary activities of assigned school. Builds capacity of educators to provide all students a rigorous curriculum, aligned with adopted state standards. Collaborates with stakeholders to establish and communicate a clear, compelling vision for continuous improvement. Promotes the professional growth of all staff members through clear expectations for performance, modeling expected behaviors, effective coaching practices, conducting frequent supervisory visits with clinical feedback for improvement. Ensures effective and objective evaluation of staff.","Master's Degree in Secondary Education, Educational Administration, or a closely related field Required", 3 years of certificated experience Required,"Assists with supervision of staff, including recruitment, selection, development, deployment, performance evaluation, counseling, discipline, and recommendation for termination.
Provides leadership to create an environment that fosters the lover for learning, active student engagement, and consistent improvement in academic achievement. Provides leadership in planning, developing, implementing, and evaluating instructional programs and activities. Assists with scheduling classes and extra-curricular activities for students.
Provides stewardship of the instructional program by facilitating, and/or actively leading the appropriate professional learning communities at the school while ensuring the effective implementation of required curriculum including National, State and Local Standards of Practice for areas of responsibility.
Create a culture of collaboration and shared accountability where people are valued, supported, and personally invested in professional growth. Ensures the creation of a safe and orderly environment by implementing policies approved by the Board of Education and district safety procedures and protocols; enforces policies and procedures for student discipline, and protects students’ rights; coordinates safety inspections and safety evacuation drills according to established laws and protocols.
Assists with development, preparation, and administration of approved school budget; monitors and approves expenditures; supervises financial operations of designated areas in the school.
Supervises compilation of student data, including report cards, transcripts, and schedules; supervises reporting and monitoring of student attendance. Maintains record system for area of responsibility; processes paperwork including, reports, memos, requisitions, and personnel information. Gathers and maintains information/data to support periodic and special reports documenting activities for area (or Academy) of responsibility.
Create strong partnerships with our parents and the community to collectively improve student outcomes and the growth and viability of greater Nashville.  Utilizes effective communication skills to establish and maintain positive relationships with staff members, students, parents, and community. Attends or conducts staff, parent, PTA, and other professional meetings to exchange information; attends professional classes, seminars, or conferences to improve professional skills.
Coordinates requisitioning of supplies and equipment; conducts inventories; maintains records, and checks receipts/invoices for materials.", State certification in Administration  Required,"Ensures compliance with all legal mandates regulating school operations, students’ rights and responsibilities, communication with external agencies, parental custody, student attendance, search and seizure, and all disciplinary matters involving student conduct.
Knowing the law is the administrator’s responsibility.
Promotes a culture of quality and high performance by communicating expectations and procedures in a clear and concise manner.
Provides adequate and timely information to staff, students, and parents regarding school operations and special circumstances.
Demonstrates ability to establish positive relationships with all stakeholders by employing effective interpersonal communication skills.
Demonstrates effective public speaking skills.
Demonstrates the use of logical principles and thinking to solve practical problems in the daily operation of the school or a specific unit/department.  Addresses complex and unusual situations in a calm, composed, and logical manner.
Takes initiative, ingenuity, and creativity to address persisting or sudden problems hindering the effective operation of the school.
Analyzes the impact and ramifications of decisions made.
Effectively determines how decisions can affect units in the organization, citizens; student or staff safety, property damage and other legal liabilities"
88161,Teacher Arts Theatre,"The Teacher utilizes current strategies and theories to plan, organize and implement structured lessons to instruct K12 students.",Master's Degree from an accredited institution in a related field Preferred, Work experience gained through education and certification/license requirements Required,"Instruct students in an in-person classroom environment through lectures, discussions, visual aids, instructional strategies, and other effective teaching methods for student comprehension.
Prepares lessons and outlines to use in class that effectively cover the material.
Plan and conduct activities for a balanced program of instruction, demonstration, and work time that provides students with opportunities to observe, question, and investigate.
Administers various types of assessments to monitor student’s comprehension of the material.
Assist students who need extra help with tutoring. Guides and counsels students with adjustment or academic problems or special academic interests.
Collaborates with other teachers and administrators to develop, evaluate, and revise academic programs following approved curricula.
Utilizes instructional technology, audio-visual aids, and other equipment and materials to enhance student learning.
Performs various administrative duties such as taking attendance, organizing the classroom, and responding to emails and phone calls from parents, school administrators, and staff in a timely manner.
Observe and evaluate students' performance, behavior, social development, and physical health.
Attends in-person faculty meetings, teacher training workshops and educational conferences to maintain and improve professional competence.
Maintain accurate, complete, and correct student records as required by laws, district policies, and administrative regulations.",Teaching Certification/License From Tennessee Department of Education with applicable endorsement Upon Hire Required,"Excellent writing and communication skills
Instructional strategies that connect the curriculum to the learner
Student Management
Demonstrated ability to work well with students, staff, and parents in a professional manner
Ability to be flexible and adapt as needed between in-person learning environments.
Knowledge of school safety & security procedures
Ability to work under pressure and meet deadlines"
80221,Tech Registered Behavior,"Provide intensive behavior support services to students in-district. May work collaboratively with teachers and other support staff to implement behavior support plans for students that require consistent and significant behavioral interventions during the school day. This is not an instructional support position, although there may be some instructional support to students as needed.",High School Diploma or equivalent Required,1-3 years Previous experience working with students who require behavior support Required,"Works in conjunction with a Board-Certified Behavior Analyst (BCBA) to support students who have Behavior Intervention Plans (BIPs) by following prescribed behavioral skill acquisition and behavior reduction protocols.
Collect and submit data needed for Functional Behavioral Assessments and Behavior Intervention Plans. (BIP).
Collaborates with teachers and students by helping with variety of tasks related to instructional activities, behavior, and physical logistics. Assists in modifying classroom environment and assignments for students requiring modifications.
Provide direct student care in 1:1 and group settings utilizing a combination of intensive teaching and natural environment training arrangements; may be assigned to work with 1 to 2 specific students and/or may support students attending part time at Special Day School and part time at their school of zone
Implements students IEPs, functional behavioral assessments, safety plans, and/or behavior intervention plans; Conduct assessment of behaviors and stimulus preferences and assist students with skill acquisition.
Supervises and engages with students during arrival, dismissal, lunch, and/or other activities designated by the teacher or School Administrator
Attends and actively participates in professional development opportunities to enhance skills and understanding of special populations, may include training for proper restraint procedures, social and emotional learning best practices and literacy
Monitor student’s behavior inside and outside of the classroom and accompany
students to other locations, on or off-campus, as needed.
Facilitates and models appropriate social interactions and behaviors among students."," Registered Behavior Technician (RBT) certification, as evidenced by completion of the RBT training course and examination  Required","Thorough knowledge of the principles, practices and theories of Applied Behavioral Analysis, or Behavioral Support Interventions
Knowledge of Behavior Intervention Plans (BIPs), behavioral skill acquisition and behavior reduction protocols.
Ability to follow and practice policies related to proper procedures for restraint and seclusion and providing needed interventions.
Capable of physically intervening when students are unsafe, and maintain physical requirements listed in the job description.
Communication, and collaboration with parents, educators, students,
Student management,
Organization, data-based decision making, and problem solving,
Technology skills: Teams, Microsoft Office, Excel, SharePoint, iOS, and/or other district applications or equipment as needed."
84244,Analyst GEAR UP Nashville,"In collaboration with the GEAR UP Nashville Coordinator, this individual will assist in developing GEAR UP Nashville policies, procedures, forms, reports, and other documentation practices relative to the implementation of the GEAR UP Nashville grant.  To meet and exceed GEAR UP Nashville's grant objectives, this position will help ensure that all grant activities and services are executed with a high level of quality and precision by providing support and administrative guidance to program staff. ",Master's Degree  Preferred, Experience in public speaking Required,"The GEAR UP Nashville Analyst supports GEAR UP Nashville staff to help ensure full programmatic and fiscal implementation while providing technical assistance in support of GEAR UP Nashville goals and objectives. Collaborates with GEAR UP Nashville Coordinator to create policies/procedures, approaches and resources designed to generate successful outcomes.
Provides guidance GEAR UP Nashville Staff to ensure required student level details are collected and required data and reporting forms are entered into the GEAR UP Nashville database.   Collaborates with Data Document and Management Analyst to conduct site visits, monitors documentation binders for information that will be entered into database, and checks data for accuracy and completeness.
Assists the GEAR UP Nashville office in completion of the GEAR UP Annual Performance Report as required by the U.S. Department of Education.
Supports the GEAR UP Nashville Specialist/Advisors in the development of diverse activities and programming for GEAR UP Nashville students/parents/guardians to increase school interest and involvement, improved academic achievement, career awareness, and academic progression.  Acts as a liaison from the GEAR UP office to facilitate programming decisions.   Participates and assists in the development of day and evening school-based GEAR UP Nashville events.
Facilitates completion of annual work plan?s by outlining yearly activities, ?meeting deadlines, and ?understanding budget expenditures to ensure each site meets stated goals and objectives
Assist in identifying data-driven, student-level academic interventions to improve ?the academic readiness of GEAR UP Nashville students; work with parents, cohort schools, postsecondary institutions, state agencies, and GEAR UP Nashville partners to increase student and family knowledge of postsecondary options, testing and admission requirements, academic course planning, and financial aid.
Works with Coordinator to leverage data targeting GEAR UP Nashville academic and college access service providers to improve program implementation and monitor measurable outcomes.",,"Proficiency in Microsoft Office Suite.
Background knowledge in postsecondary success, academic success and student support, knowledge and understanding of Federal and State laws and regulations and District policies and procedures preferred.
Proficiency in Microsoft Office Suite.
Ability to synthesize data and find trends.
Attention to detail and skilled in seeing data anomalies, finding errors and improving processes.
Ability to work collaboratively with wide range of staff, share ideas and learn from others."
86810,Skilled Laborer Plumbing,"Assemble, install, or repair pipes, fittings, or fixtures of heating water, water, or drainage systems, according to specifications or plumbing codes. Reviews blueprints, building codes, or specification to determine work details or procedures.",High School Diploma or GED Required, 1-2 years’ applicable experience in plumbing system maintenance and repair which provides basic plumbing knowledge including; 1) working with various tools and materials and 2) Using ASSE requirements Required,"Assembles pipe sections, tubing, or fittings using couplings, clamps, screws, bolts, cement, plastic solvent, caulking, or soldering, brazing, or welding equipment.
Installs pipe assemblies, fittings, valves, appliances such as dishwashers or water heater, or fixtures such as sinks or toilets, using hand or power tools. Anchors steel supports from ceiling joists to hold pipes in place.
Keeps records of work assignments.
Fills pipes or plumbing fixtures with water or air and observe pressure gauges to detect and locate leaks.
Assists lead plumber in pipe cutting, preassembly, and/or installation of plumbing systems or components.
Maintains and/or repairs plumbing by replacing defective washers, replacing or mending broken pipes, or opening clogged drains.
Locates and marks the position of pipe installations, connections, passage holes, or fixtures in structures, using measuring instruments such as rulers or levels.
Measures, cuts, threads, and/or bends pipe to required angle, using hand or power tools or machines such as pipe cutters, pipe-threading machines, or pipe-bending machines.","DL NUMBER - Driver License, Valid and in State   Required
 Plumbing License  Preferred
 Plumbing Service and/or Backflow Prevention Certification  Preferred","Active Listening, Learning Strategies, Troubleshooting, Equipment Selection, Repairing, Judgement, and Decision Making, Time Management, Coordination"
80233,Librarian Non Traditional School,"Develops and implements a school library program for non-traditional schools that promotes the effective use of ideas and information while fostering creativity, communication, collaboration and critical thinking. Will maintain and manage the professional library and Teacher Resource Center at the Martin Professional Development Center.",Bachelor's Degree Education or training equivalent to a bachelor’s degree in library science Required, No prior experience but training and certification as media specialist Required,"As an instructional partner, integrates information literacy throughout the school’s curriculum
As an instructional partner, participates in curriculum design and implementation
As an instructional partner, provides professional development opportunities to promote best practices in instruction and technology integration
As an information specialist, makes resources available to students and teachers through a systematically developed and organized collection of library materials
As an information specialist, models for students and teachers strategies for locating, accessing, and evaluating information within and beyond library media center
As a program administrator, arranges for flexible scheduling of facilities to meet the needs of individuals, small and large groups for the purposes of instruction, research, recreational and academic reading
As a program administrator, prepares financial plans for the library including an annual budget
As a program administrator, maintains an updated print and digital collection
As a program administrator, pursues professional growth and learning opportunities",Teaching Certification/License As elementary media specialist  Required,
89102,Therapist Physical II,"The school Physical Therapist will be responsible for the evaluation and/or therapy services in support of the educational needs of the student and integrated throughout the learning environment.  Areas of knowledge include but are not limited to mechanical physiological and developmental Impairments, understanding of orthotics, protective and supportive equipment and child development.  Collaboration and communication with other disciplines and family members is essential in establishing appropriate goals, adaptations, modifications and assistive technological support for the students to enable them to meet their educational needs. The Physical Therapist is responsible for working in compliance with the State of Tennessee Practice Act for Physical Therapy, Family Educational Rights and Privacy Act (FERPA) and other legal mandates.

",Doctoral Degree in Physical Therapy Required,,"Direct treatment to students using a variety of appropriate frames of reference: physical, developmental, environmental, technological and mechanical.
Evaluation of the student’s performance including mechanical physiological and developmental impairments, functional limitations, and disability or other health and movement-related conditions to determine a physical therapy treatment diagnosis.
Document therapy data in support of goal acquisition; document evaluations, therapy attendance, treatment notes, consultation with teachers, staff, and caregivers to write up present levels and curriculum-based goals.  Document treatment for purposes of Medicaid billing when appropriate.
Assess neuromotor status including joint range of motion, strength, endurance, muscle tone, coordination, quality of movement and abnormal reflexes interfering with functional skills.
Train staff for safe handling and care of students, including use of a variety of positioning equipment: standers, changing tables, wheelchairs.
Assess the need for adaptive devices to promote independence in gross motor, self-care, and other areas related to school performance.
Attend interdisciplinary meetings on student’s behalf.
Understanding of the differences and similarities of school based vs. clinically based Physical Therapy and the role that the therapist has as support to the school and the student’s ability to access their free and appropriate education.
Assessment, documentation, and participation with IEP team members in determining eligibility, specifically as it relates to Orthopedic Impairment and Developmental Delay.
Provide direct supervision of Physical Therapy Assistants in accordance with the State of Tennessee Practice Act for Physical Therapy.",PT - Physical Therapist Tennessee License from the Tennessee Board of Health  Required,
80950,Clerk Guidance,Performs responsible clerical and general office work in support of the guidance center operations under the direct supervision of the counselor(s)/,"High School Diploma or equivalent supplemented by training and demonstrated proficiency in word processing, spread sheets and data base applications Required", Two (2) years of responsible clerical experience Required,"Works under the direction of the school principal with direct supervision from the guidance counselor.
Provides clerical support for the counselors.
Performs general office/clerical duties in support of the guidance center functions.
Answers phone, takes messages and forwards to the appropriate personnel.
Types office correspondence.
Sorts and distributes mail.
Assists students, parents and other visitors to the guidance center.
Performs data entry and data retrieval functions pertaining to student records/information.
Handles confidential and sensitive information.
Answers general inquiries and handles routine matters.
Maintains guidance center files and records.",,"Knowledge of modern office practices and procedures
Demonstrated knowledge of word processing, spread sheet and data.
Knowledge of the guidance center functions, goals and objectives.
Skill in formulating ideas and presenting in an effective manner.
Excellent interpersonal and communicative skills.
Ability to use independent judgment and make sound decisions within scope of responsibility.
Ability to compose letters and other forms of correspondence.
Ability to maintain accurate records, reports and related information"
87979,Intern Education Policy Comm Projects,"Work in the Chief of Staff/Director of School's Office reporting to the Chief of Staff and team on a variety of timely cross cutting projects. Special emphasis will be on an assessment of MNPS partnerships with a variety of community based organizations, not for profit organizations, and service providers -- involves understanding with whom MNPS currently partners and toward what end, the extent to which MOUs exist, the manner in which partnerships come to fruition, their desired outcomes, any evaluative data that exists, their alignment with the strategic plan; and recommendations for improving the process. Individual will also support department projects as needed.",Bachelor's Degree and one year of Master’s Preferred, Prior work in a non profit educational organization or school system Required,"Conduct qualitative and quantitative analysis as needed to conduct study(ies).
Research existing literature and school districts’ policies and interventions.
Interpret data and evaluations to draw conclusions about strategies and recommendations.
Design, administer, interpret surveys as needed.
Conduct interviews with internal and external stakeholders and facilitate focus groups to gather information; compile data.
Create project management plan(s) and monitor and report on progress against the plan(s).
Synthesize data, information, findings, and recommendations in writing and verbally present the same.
Represent MNPS with professionalism and deference.",,"Strong oral and written communication skills;
Strong research and analytical skills.
Teamwork.
MS Office Suite"
80770,Spec Coordinated School Health,"Works with the Office of Student Health Services and Coordinated School Health to oversee the development, implementation and evaluation of Student Health Services and Coordinated School Health within the MNPS school district.  Responsibilities include but not limited to: ensuring compliance with state standards and guidelines, scope of services and all other requirements of the Coordinated School Health grant. Collects and disseminates data to appropriate staff and agencies.  Staying abreast of MNPS health and wellness policies to ensure state compliance, collecting and reporting District immunization requirements and data. Collaboration with MPHD, school nurses and other divisions within MNPS to ensure student health initiatives, standards and policies are met.  Collaborates with outside agency to offer health screenings for students.

","Bachelor's Degree relevant field; health, nursing or education Preferred",1-3 years MNPS experience Preferred,"Works with contracted agency and schools to communicate, schedule and collect EPSDT, dental vision and hearing screening data and oversee screenings for MNPS elementary and middle schools.
Assist District in communicable disease and health policy implementation and guidance .
Assists in orienting and training MNPS staff (administrators, teachers, etc.) on their responsibilities in integrating the components of Coordinated School Health annually .
Assists in program implementation in all 8 CSH modules.
Collects and disseminates data to appropriate staff and agencies.
Collaborations with school nurses, district personnel and school personnel to ensure health initiatives, standards and policies are adhered to.
Assist the District with health contracts, establishing and maintaining community partnerships as resources and screenings for schools, students and families.
Communicates immunization requirements, collects, and disseminates immunization data to all relative parties.
Performs other duties or tasks as required or assigned which are reasonably within the scope of the responsibilities in this job classification.","DL NUMBER - Driver License, Valid and in State  Upon Hire Required","Knowledge of health initiatives and applicable services, programs, or curriculums
Communicates effectively in written and oral form
Evidence of effective leadership skills
Organization, data-based decision making, and problem solving
Ability to work collaboratively in a team
Flexibility in schedule and tasks
Technology skills: Teams, Microsoft Office, Excel, SharePoint, iOS, and/or other district applications or equipment as needed."
81245,Admin Records School Finance Payroll I,"Financial record duties:  Routinely calculates, reviews, creates, posts, & verify financial transactions & reports in appropriate accounting software & proper account(s) to ensure accuracy as required for the function & operation of the school.  Reviews financial transactions & any other school financial documents to ensure compliance with the Tennessee Internal School Uniform Accounting Policy manual (TISUAPM) and MNPS policies & procedures to safeguard public funds.  Knowledgeable of the TISUAPM and MNPS policies & procedures as well as informing all school staff and Principal of these policies & procedures at all times.  Communicates effectively & works closely with other MNPS departments.  Payroll duties: Compiles and records employee time, attendance, and payroll data for school based employees and substitutes. Computes employees' time worked, production, and stipends for bi-weekly payroll.   Compiles and submits substitute attendances', appraisals, and utilizes Smartfind in lieu of substitute forms and documentation","Associate's Degree in Business, Accounting, or Finance Required","1-3 years of previous financial work-related skill, knowledge, or experiences Required","Reviews, records, summarizes, posts and verifies numerical and financial data to compile and keep financial records accurate, using accounting software, reports, journals and ledgers.
The school secretary clerk or principal designee will record monies depending upon various circumstances. (i.e. no other personnel to complete the collection log).  The school secretary clerk or principal designee in the absence of the bookkeeper, receives and verifies all monies, and secures them in a safe or vault until the funds can be turned over to the bookkeeper to verify, receipt, and make deposit of all cash and checks in accordance with the TISUAPM & MNPS policy.  Bookkeeper prepares school purchase orders for all School Fund expenditures as properly authorized by Principal.  Verifies accounts on computer spreadsheets and software to ensure fund availability to make school purchases.  Pays invoices timely within 30 days.  Prepares student activity fund monthly bank reconciliation using specialized accounting software.  Provides accurate financial information and explanations for internal & external auditors for the purpose of the annual individual school audit and district audit.
Compiles statistical and financial documentation for such matters as cash receipts, expenditures, and accounts payable and receivable.
Complies with federal, state and company policies, procedures and regulations. Codes documents according to company procedures. Reconciles, notes and/or reports discrepancies found in records.
Reviews time sheets, work charts, wage computations, and other information to detect and reconcile payroll discrepancies.
Verifies attendance, hours worked, and pay adjustments, and post information onto designated records. Computes and compiles employee time, production, and payroll data from time sheets and other records.
Records employee information, such as exemptions, transfers, and resignations, to maintain and update payroll records.
Keeps track of leave time, such as vacation, personal, comp-time, and sick leave, for employees.  All other duties as assigned.",,"Payroll software, Accounting, Bookkeeping, Microsoft Office Suite (especially Excel)"
85751,Spec Program & Partnerships,"The Program & Partnerships Specialist is responsible for administrative duties and programmatic support for Community Achieves, Student Services and partners that are working collaboratively with MNPS.",Master's Degree  Preferred, Minimum of two (2) years’ experience in program development and leadership in the field of after school programming Required,"Provides high-level support by handling information requests and answering questions from district office, schools, and partners.
Performs various administrative functions for multiple divisions of Support Services (invoices, scheduling, travel, mileage)
Assist with record keeping for budgets, grants, and other funding sources for Community Achieves, Extended Learning and other divisions of Student Services.
Collect and maintain data on programs and partnerships supporting Community Achieves, Extended Learning (LEAPS, 21CLC), other Support Services divisions & MNPS goals
Maintain master file and generate monthly reports on partnerships, programs, distributions, and events.
Acts a purchasing agent - enters purchase orders and receives goods, completes annual inventory of equipment, monitor and compliance for Community Achieves, Extended Learning (LEAPS, 21CLC) and other divisions of Support Services.
Acts as department timekeeper - clears exceptions, verifies leave requests and accruals are correct, corrects timesheets in Kronos if necessary.
Completes other assignments as required (supporting school and district events, backup timekeeper, etc.)",,"Familiarity and prior experience working with leadership in governmental, non-profit and for-profit community entities.
Ability to establish and maintain collaborative working partnerships designed to achieve common goals.
Exceptional organizational skills and familiarity with generally accepted software for use in office settings.
Demonstrated progression into leadership roles."
85155,Driver Bus,"Transports children safely to and from school, fosters and safe environment on bus; compiles and maintains accurate and current records to ensure efficient and safe operations for the Board of Education",High School Diploma graduate or equivalent Required, One (1) or more years of equivalent or directly related experience Required,"Transports children safely to and from school; fosters and maintains safe environment; drives route accurately and efficiently; observes and obeys all traffic rules and regulations; and follows and obeys all policies and procedures to ensure efficient transportation and delivery operations.  Follows assigned safety rules and inspects bus for safety items before each morning and afternoon run by following checklist.
Performs pre-trip and post-trip inspections, checking for students that might remain on board, all within accordance to Federal, State and Local guidelines.  Monitors and replaces parts when necessary and notes any damage of vehicle alterations to ensure safe vehicle operations for the School District.
Sweeps, cleans and washes vehicle; removes lost or leftover items from bus and returns to lost and found when applicable; and maintains clean and sanitary environment to ensure a healthy and safe atmosphere.
Maintains accurate and up-to-date records and route descriptions; inspects vehicle regularly and performs basic maintenance functions in order to maintain professional and safe transportation for the Board of Public Education.  Obeys Federal, State and Local rules and regulations pertaining to safe operation of school bus.
Maintains accurate and up-to-date records and route descriptions; inspects vehicle regularly and performs basic maintenance functions in order to maintain professional and safe transportation for the Board of Public Education.  Obeys Federal, State and Local rules and regulations pertaining to safe operation of school bus.
Monitors children and disciplines according to District rules and guidelines when required; meets with principals, parents and children to solve behavior problems as necessary and keeps disciplinary records current to ensure accurate records management for the Board of Public Education.
Provides principals with student disciplinary forms as needed.
Complies with Federal Department of Transportation guidelines and Board of Education policies for CDL (Commercial Driver License) holders.","DL NUMBER - Driver License, Valid and in State Valid TN Drivers’ License with Passenger and School Bus endorsements  Required","Knowledge of basic mechanical maintenance for vehicles.
Must pass a yearly DOT physical and carry a DOT Medical Card."
82257,Spec HERO Systems Navigator,"The Homeless Education Systems Navigator is responsible for all level three HERO referrals and will work directly with students, families and school staff to offer support and referrals.  The worker will connect students and families with existing district and community resources to address both short-term and long-term needs. Additionally the navigator will collaborate with district enrollment center staff as needed.  The navigator will also conduct monthly training events within the district and the community.  THIS IS A TEMPORARY GRANT FUNDED POSITION AND WILL END ON JUNE 30, 2024.  
",Bachelor's Degree  Required,  Experience with homeless services Preferred,"Directly assist level 3 HERO students and families in person, via phone, and via email to offer support and connect them with needed resources.  Code all services provided in Infinite Campus
Complete both internal and external referrals on behalf of students and families to ensure they are connected with appropriate resources to meet their needs.
Coordinate and keep a work schedule with the HERO Program Assistant; keep a work log and send it to the supervisor monthly; keep a calendar updated and visible for the supervisor.
Assist the HERO Program in building a rapport with students and families.
Participate in weekly staff meetings to discuss needs and resources.
Conduct monthly trainings at schools and in the community to promote greater McKinney-Vento awareness.",,"Excellent interpersonal skills and sensitivity to challenges of living in poverty.
Establish and maintain working relationships with others.
Organization and prioritization; work independently and as a member of a team.
Deal effectively with parents and students."
85692,Spec Orientation and Mobility,"The O&M Specialist is responsible for teaching students who are blind/visually impaired and with multiple disabilities to travel as independently, safely, and efficiently as possible in any environment. The O&M Specialist teaches travel skills; plans and provides individualized O&M programs while positively motivating students to develop appropriate skills, attitudes, and knowledge; utilizes a variety of instructional techniques appropriate to students' abilities; and creates a safe and orderly learning environment.",Bachelor's Degree in Special Education - Orientation Mobility Required,1-3 years Experience working with youth (ages 3-21) with visual impairments in a school setting Preferred,"Perform specialized assessments that will provide information regarding current academic and functional levels (i.e. Functional Vision Assessment, Learning Media Assessment, various assessments in the Expanded Core Curriculum, O&M assessment, etc.).
Use information from assessments to recommend goals, accommodations, and classroom supports.
Provide orientation training to students in new buildings and for new schedules as needed.
Provide updated information as requested by the IEP team for annual reviews, re-evaluations, and progress reports.
Keep accurate records/data to document student progress on goals.
Prepare and use equipment such as tactile maps, models, optical devices, pre-canes, adaptive mobility devices (ADMs) GPS devices, and long canes.
Provide direct instruction for independent, safe, and efficient travel in the school environment, residential environments, business/commercial environments, and using public transportation as appropriate.", Orientation and Mobility license  Required,"Knowledge of and experience with orientation and mobility skills.
Understanding of low vision devices and assistive technology.
Perform specialized assessments that will provide information regarding current functional levels."
82857,Mgr Grants Special Population,Assists and manages the programs for all ESSA special populations.  Develops relationships with all stakeholders to ensure that compliance and programmatic requirements are met.,Bachelor's Degree  Required," Experience creating and presenting reports to stakeholders, and managing large projects Required","Organizes and facilitates the meetings that will determine the best placement for students in foster care, and serves as the district liaison with the Department of Human Services.
Serves as the district liaison for services to migrant students with local, state, and federal stakeholders.
Develops and maintains a positive rapport with all stakeholders to ensures state, local, and federal compliance requirements are met for services to special populations in ESSA.
Oversees the data collection at the local and state level for children in foster care by comparing the two data systems.
Consults with neglected and delinquent facilities to determine program needs and budget development.
Generates reports that are used to determine next steps for services to children in foster care and in neglected and delinquent facilities.
Works with district staff to develop transition plans for elementary and middle school students in neglected and delinquent facilities.
Assists Neglected and Delinquent Coordinator with all trainings required for special populations.",,"Excellent oral and written communication skills,
knowledge of federal programs,
ability to interact with a variety of stakeholders,
understanding of general compliance guidance surrounding federal grants,
and experience with budgets"
85378,Mgr IT Enterprise Applications II,Leads a team of technology professionals in implementing and supporting enterprise applications.  This includes the automation and management of MNPS business rules that facilitate the sharing and integration of information between applications.  Plans and directs the activities related to technology projects and ensures outcomes meet client expectations.  Plays a lead role in resolving issues within the software and communicating the resolutions within the organization.,"Master's Degree in Computer Science or related field, or in Education related field Preferred"," Minimum of 5 years’ experience of practical, service-oriented experience, preferably in an educational setting Preferred","Provides leadership and direction to Enterprise Product staff to ensure efficient use of resources in completing implementation and support related tasks.
Works in close collaboration with other TIS departments to ensure business rules are codified and automated as it relates to application security, systems integration, and the automation of critical business processes.
Works with other MNPS departments, as needed, to coordinate responses and resolutions to district-wide issues related to systems and data use.
Works in close collaboration with the Enterprise Architect to ensure enterprise applications are delivered in a manner that promotes efficiency in data management and ensures rapid responses to MNPS users.
Oversees the creation of Functional Requirements Documents that provide the technical and application specifications for new system features or system changes.   management
Works within the TIS Change Management processes to ensure that system additions and other changes are implemented in a controlled manner after proper testing and review.
Performs administrative duties related to the department including budgeting, time and attendance management, and performance reviews.", Teacher or Administrator certification desirable but not required  Preferred,"Strong knowledge of databases and information management;
Excellent analytical and problem-solving skills;
Strong communication and interpersonal skills with a proven ability to communicate effectively with senior leadership;
Ability to lead and influence others."
84102,Counselor ES,"he Elementary School Counselor is a certified professional responsible for delivering comprehensive counseling services to students in grades Pre-K through 5, as assigned by the principal. This role requires effective use of data from Infinite Campus, Data Warehouse, and other district SIS systems to support school improvement goals and address students' academic, career, and social-emotional development. The counselor must ensure the accuracy of student records, transcripts, schedules, and academic plans to support a successful transition to middle school. Strong communication and customer service skills, along with a high level of reliability and attention to detail, are essential.
",Master's Degree in counseling from an accredited institution Required,,"Delivers comprehensive, data-driven counseling programs, activities, and targeted interventions to support academic, career, and personal/social development; advocates and intervenes on behalf of at-risk students, addressing immediate needs impacting their success.
Actively supports district and school improvement goals focused on student growth, achievement, and college and career readiness, including promoting advanced academic participation and aligning programs with NOSCA competencies.
Regularly administers needs assessments, documents counseling activities and student interactions, analyzes data from Early Warning Indicators, and completes program accountability reports demonstrating the effectiveness of strategies and interventions.
Consults and collaborates with school specialists (psychologists, social workers, nurses), community-based resources, parents, teachers, administrators, and stakeholders to remove barriers to student success, address student needs, and close achievement gaps.
Facilitates smooth student transitions between educational tiers through collaboration with early learning centers and middle schools; provides orientation programs and clearly communicates testing results and implications to students and families.
Develops and leads staff development activities, provides educational programming for parents and community stakeholders, and actively participates in professional growth opportunities to stay current on best practices and district initiatives.
Ensures confidentiality and accuracy of student and staff information, adhering strictly to state laws and district policies; displays professional behavior, positive attitudes, punctuality, flexibility, and ethical standards, serving as a role model within the school community.
Performs duties related to emergency and crisis situations, serves as a member of the district crisis team when needed, and readily responds to directives, changes, and emerging needs with timeliness and positivity.","  This position requires Tennessee State Certification/License in school counseling
  Required",
84180,Mgr Office Central Services,"Specialized administrative work in directing the personnel, finance, budget, and business administration activities of Central Services.  The Office Manager is the official representative of the agency when interacting with MNPS in the areas of personnel, payroll, finance, budget, and other business-related areas and works under general supervision according to some procedures; decides how and when to complete tasks.  Establishes and maintains working relationships with others, organizes and prioritizes workflow for department's administrative staff, and acts as a liaison between management, staff, vendors, and clients to ensure proper lines of communication.",High School Diploma or GED Required, Should have experience in an office and team setting Required,"Directly supervises the administrative functions for a large department.  Manages staff schedules and monitors office operations.
Manages the clerical accounting and reporting functions of the office.  Assists in preparation of department budgets and expenses and the monitoring of expenditures according to budget allocations and appropriations.
Maintains and directs the completion of payroll for all employees.  Tracks overtime and comp time for the office.
Establishes and maintains the hiring and disciplining of employees as well as all HR-related functions of Central Services.  Sets up interviews of all new hires.
Schedules appointments and meetings for management and upper-level staff.
Oversees all IOD claims for the department.
Assists in the evaluation of policy and/or organization changes and new programs.
Participates in and coordinates all trainings and meetings.
Prepares reports, presentations, memos, proposals, and correspondence.
Plans, directs, and coordinates printing services; including layout, quick copy duplication, and professional quality printing.
Works with the Inventory Department to properly account for disposed items.","DL NUMBER - Driver License, Valid and in State","Should have basic computer knowledge and abilities, including Microsoft Word, Excel, etc. and an ability to learn new programs."
88136,Teacher Ex Ed Homebound,"Provide educational services to eligible exceptional education students at home, at a hospital or related location for students who are unable to attend the regular instructional program at the school of enrollment due to a medical or other approved condition.",Master's Degree from an accredited institution in a related field Preferred,"1-3 years implementing Interventions and Supports and Responsiveness to Instruction (RtI), Trauma Informed Care, Social-Emotional Needs, and/or Problem Solving Models at the classroom, school, or district level Preferred","Implement instructional activities provided by student’s teacher(s) of record including any modifications/accommodations designed in the student’s IEP.
Help provide a learning environment that meets the needs of students with diverse cultural and socio-economic backgrounds, learning styles, and special needs.
Provide appropriate feedback to the student’s teacher(s) regarding student progress during homebound.
Collaborate with students, parents, school staff, and other appropriate persons to assist in meeting student needs.
Serve as the liaison between the school and the home for the delivery of instructional services to special education homebound instruction.
Use appropriate materials, technology, and resources to help meet the learning needs of all students.
Provide instructional assistance to student that is clear, compelling, and engaging.
Deliver instructional strategies that contribute to a climate where student is actively engaged in meaningful learning experiences.
Pick up and deliver student assignments as required and maintain effective and efficient record keeping procedures.
Use appropriate materials, technology, and resources to help meet the learning needs of all students and facilitate student access to the use of technology as appropriate.", Must hold or be eligible for a certificate or license issued by the Tennessee Department of Education with a relevant Special Education endorsement or similar license and endorsement  Required,"Thorough knowledge of the principles, practices and procedures of special education and/or specialty area.
Thorough knowledge of the principles and methodology of effective teaching of students with disabilities.
Communication, and collaboration with Parents, educators, students,
Instructional strategies that connect the curriculum to the learner,
Student management,
Organization, data-based decision making, and problem solving,
Technology skills: Teams, Microsoft Office, Excel, SharePoint, iOS, and/or other district applications or equipment as needed."
83538,Coach Literacy Lead Secondary Interim,"In collaboration with the Secondary Literacy team, the Secondary Lead Literacy Coach will take initiative to lead curriculum implementation plans and to develop procedures and trainings that build capacity of teachers and school personnel in content-specific knowledge by facilitating and leading district initiatives. The Secondary Lead Literacy Coach will analyze literacy data to inform instructional practices, and support the goals and mission of the Curriculum and Instruction Department to increase student literacy achievement across disciplines. 75% of time will be spent in schools working directly with literacy teams providing implementation guidance and coaching. 25% of time will be working at the district level designing curricular supports and providing professional development for MNPS stakeholders.

This Position is interim and will either be transformed into a permanent position or become defunct.","Master's Degree from an accredited institution in education, reading, coaching, curriculum, or English related field Required"," Five years of successful middle or high school teaching experience Required
 Three years in an instructional coaching position (literacy, instructional, EL, etc.).  Required
 Experience in presenting and modeling exemplary teaching practices to adult learners in a variety of settings such as workshops, seminars or college courses Required
 Successful experience as a mentor and/or coach; Evidence of instructional leadership (e.g., team leader, resource teacher, department chair, dean, administrator, system-wide committees, etc.) Required","Curriculum Implementation and Support: Takes initiative to Lead; supports implementation of instructional materials and resources adopted by the district; assists in monitoring of benchmarks and/or common assessments aligned to standards and curricular units; develops procedures and training for teachers, coaches, administrators, and other instructional staff to implement curriculum, new content, or programs; aligns curriculum implementation plans with research on change management practices and other relevant English Language Arts/Literacy research; deepens coaches', teachers', and principals' content knowledge about evidence-based best practices and the ELA curricula; develop coaches', teachers' and principals' understanding of the structure and organization of the curricula; aligns the written, taught, and tested curricula; understands and articulates the distinction between the standards and the curricula; facilitates the deconstruction of standards and curricula to identify the essential knowledge and skills students need to achieve the standard; analyzes and facilitates the analysis of instructional materials to determine which parts of those materials support achievement of the standards.
Professional Development/Learning Facilitator: Provides leadership to develop a culture among literacy coaches and leaders that fosters professional learning communities; creates professional learning opportunities related student learning and teacher practice; promotes data driven instruction, collaborative instructional planning, differentiated instruction, and acquisition of instructional best practices; conducts school visits and participates in school walkthroughs, observations of collaborative team planning, and reflective practices; supports school-based professional development and assists in providing monitoring, support, and feedback to ensure successful implementation and delivery of curricula; observes the work of school-based Literacy Coaches or other instructional coaching staff to strengthen practice and to recommend improvements; supports coaches and teachers to develop their capacity to become learning facilitators; supports the implementation of new learning in individual schools, team settings or through school-wide initiatives; provides information to the Secondary Literacy Team about the learning needs of coaches, teachers, and administrators within the district; contributes to the development, implementation, and evaluation of schools’ literacy professional development plan.
Data Analysis: Collaborates with the Research and Evaluation Department and others in order to analyze quadrant- and district-wide student assessment and other relevant data to look for trends; obtains and uses student achievement data to examine and evaluate curriculum and instructional programing; develops and provides protocols and procedures for school-level and teacher-level data analysis and data chats; then formulates instructional strategies to meet student needs. Provides guidance and support to Literacy Coaches to use data protocols and procedures on a regular basis.
Mentor: Exhibits mentoring by developing the capacity of school-based coaches and teachers to implement the district literacy framework, instructional framework, and curricula; engaging new coaches and ELA Content Leads in orientation and on-boarding processes to help support the understanding of expectations, policies, and the context of their roles; ensuring new coaches and ELA Content Leads have the tools and equipment to serve as literacy supports in their schools.
Professionalism: Exhibits professionalism by regularly engaging in professional growth and efforts to strengthen his/her English Language Arts/Literacy content knowledge, skills, and strategies; planning, leading, participating in, and promoting district-level professional development offerings; attending and participating in all required meetings; maintaining a collection of professional materials related to effective coaching practices, literacy instruction, and current research; maintaining all required documentation of coaching and instructional support.
Communication:  Articulates district initiatives and instructional programming for all building and district administrators, teachers, and community stakeholders; articulates the vertical alignment of grades K-12 curriculum with administrators and department leaders; communicates and provides timely and constructive feedback to stakeholders.
Other Duties: Advises and consults with instructional materials adoption committees and reviews and provides feedback on supplemental resources; collaborates with the English Language Arts/Literacy Content Coaches and leaders; prioritizes work based on district needs as they arise."," Current Tennesse Teaching license with ELA, reading, literacy, curriculum, and/or instructional coaching endorsement  Required","Excellent writing and verbal communication skills
Presentation/facilitation skills
Strong interpersonal and leadership skills – able to interact positively with teachers, other staff, students, administrators, central office personnel, parents, and the general public."
80224,Asst Social and Emotional Learning,"Works with identified students in grades PreK-4 to develop and strengthen students' SEL competencies.  One-on-one interventions, small groups and classroom lessons aligned to the SEL competencies will be required. Analyzes and utilizes data from Chancery, SMS, Data Warehouse and other district SIS databases to meet school improvement goals and students' SEL needs.",Bachelor's Degree  Preferred, Experience in working with at risk students and families Required,"Develops, implements and evaluates programs targeted for at risk students and parents designed to develop and strengthen SEL competencies (self management, self awareness, responsible decision making, relationship skills, and social awareness).
Supports district and school improvement goals for student growth and achievement, and college and career readiness including the five characteristics of an elementary school graduate.
Develops a written, annual plan that is data driven and includes measurable goals which are appropriately scoped and sequenced based on the needs of the school and students.
Utilizes the Early Warning Indicators dashboard to determine targeted interventions for at-risk students.
Conducts and analyzes on-going formative and summative evaluation data of program effectiveness.
Collaborates with administrators, teachers, students, parents, and the community to remove barriers to student success and to close the achievement gap.
Tracks the progress of individual and subpopulations of students as they progress throughout the year and to the next grade level.","DL NUMBER - Driver License, Valid and in State",
82574,Accountant II,"The essential function of the position within the organization is to perform accounting functions, monitor related documentation, and provide assistance and accounting support to other accounting personnel as well as to other MNPS staff.   The position is responsible for analyzing accounts, preparing and reconciling financial information, occasionally assisting other MNPS departments with financial information, and helping to maintain financial records and reports in accordance with District and government requirements.","Bachelor's Degree in Accounting, Finance or related field Required", At least 2 years of relevant accounting experience Required,"Research and post accounting information appropriately.
Review and prepare billing statements and payments on behalf of MNPS.
Participate in the processing of account related information such as, payroll, accounts receivable, accounts payable and budget review.
Implements and approves account resolutions and related activities.
Verify, monitor, and reconcile accounts.  Collect, enter, update, and maintain account information.
Interact with staff, different departments, and/or external agencies to ensure accuracy of accounts, respond to inquiries, and provide accounting support.
Provide information and assistance to internal and external auditors.",,"Understanding of accounting practices.
Knowledge of an Oracle-based accounting system is preferred.
Adaptability and the ability to learn quickly, research and solve finance related problems.
Strong interpersonal skills including the ability to provide a high level of customer service and establish and maintain effective relationships within the organization.
Ability to prioritize and self-direct."
85420,Teacher Science Ecology,"The Teacher utilizes current strategies and theories to plan, organize and implement structured lessons to instruct K12 students.",Master's Degree from an accredited institution in a related field Preferred, Work experience gained through education and certification/license requirements Required,"Instruct students in an in-person classroom environment through lectures, discussions, visual aids, instructional strategies, and other effective teaching methods for student comprehension.
Prepares lessons and outlines to use in class that effectively cover the material.
Plan and conduct activities for a balanced program of instruction, demonstration, and work time that provides students with opportunities to observe, question, and investigate.
Administers various types of assessments to monitor student’s comprehension of the material.
Assist students who need extra help with tutoring. Guides and counsels students with adjustment or academic problems or special academic interests.
Collaborates with other teachers and administrators to develop, evaluate, and revise academic programs following approved curricula.
Utilizes instructional technology, audio-visual aids, and other equipment and materials to enhance student learning.
Performs various administrative duties such as taking attendance, organizing the classroom, and responding to emails and phone calls from parents, school administrators, and staff in a timely manner.
Observe and evaluate students' performance, behavior, social development, and physical health.
Attends in-person faculty meetings, teacher training workshops and educational conferences to maintain and improve professional competence.
Maintain accurate, complete, and correct student records as required by laws, district policies, and administrative regulations.",Teaching Certification/License From Tennessee Department of Education with applicable endorsement Upon Hire Required,"Excellent writing and communication skills
Instructional strategies that connect the curriculum to the learner
Student Management
Demonstrated ability to work well with students, staff, and parents in a professional manner
Ability to be flexible and adapt as needed between in-person learning environments.
Knowledge of school safety & security procedures
Ability to work under pressure and meet deadlines"
86273,Asst Technology School Based,"Oversees day to day operations and support of 1:1 student computer initiative to support student learning. Provides onsite support on basic technology issues, provides accurate inventory and processes new and returned devices.",High School Diploma  Required, Experience with school technology Preferred,"Update and oversee school inventory to ensure all students have access to a device.
Collaborate with Field Support to ensure devices are ready for use, including cleaning and prepping returned student devices.
Provide basic technical assistance to students, including password resets.
Provide student devices inventory checks and reports to administration to ensure all devices are accounted for.
Assist families in reporting student devices lost or stolen and manage loaner devices.
Create tech support tickets for broken devices, network support or all other technical issues at the school.
Serve as technology team lead and school-based inventory lead; provide yearly inventory of all technology equipment in school.
Provide school wide support by answering phones, supervising students and providing reports.",,"Demonstrates the ability to work collaboratively with team, department and stakeholders throughout the district.
Excellent oral, written and presentation skills.
Demonstrates the ability to evaluate the effectiveness and impact of learning tools and digital content."
83257,Coord Social and Emotional Learning,"The Social Emotional Learning (SEL) Coordinator will work to support the process by which kids and adults develop fundamental emotional and social competencies and experiences.  The SEL Coordinator will work to build and deepen a positive school climate and culture by training on how to understanding and managing emotions, set and achieving positive goals, feeling and showing empathy for others, establishing and maintaining positive relationships, and making responsible decisions. Additionally, the SEL Coordinator will center their work on the five core competencies: Self- Awareness, Self-Management, Social Awareness, Relationships Skills, and Responsible Decision making. The SEL Coordinator will be responsible for the direct support to school staff on SEL programming including standards, staff development, curriculum, and assessment.","Master's Degree Counseling, psychology, education or related field Required", Experience in the area of Social Emotional Learning Preferred,"Consults with principals and staff concerning social emotional learning needs of students. Provides guidance in designing social emotional learning integration into the school.
Creates and works collaboratively with other departments for the integration of district wide social and emotional learning education aligned with the district’s strategic plan.
Designs and implements professional development to support the social emotional learning curriculum and instruction using best practices, including research on theory and content standards.
Assesses and verifies short-term and long-term goals of the SEL program. Uses data to make decisions and adjustments to the SEL program.
Promotes the integration of SEL with TN State Standards.
Coordinates and organizes district SEL Walkthroughs
Stay current on best practices in social and emotional learning, learning differences",,"Has knowledge of social and emotional learning research, evaluation, strategies, theories, techniques, and methods of instruction.
Understands, the five social and emotional learning core competencies; successful experience designing and delivering professional development;
Ability to engage a variety of stakeholders;
Ability to work independently and in collaboration with other teams;
Strong interpersonal skills and the ability to create trusting relationships;
Strong organizational skills with outstanding attention to detail;
Proficient in MS PowerPoint, Word, and Excel."
88138,Teacher Ex Ed SBI,,,,,,
84211,Coord Secondary Literacy,"At the direction of the Department of Curriculum and Instruction, the Secondary Literacy Coordinator collaborates with the Director of Secondary Literacy and the Lead Literacy Coaches to coordinate projects that support the implementation of district-wide, high-quality, literacy pedagogy aligned to the TN ELA Standards, the MNPS Instructional Framework, and the MNPS Secondary Literacy Mission. By fostering supportive and productive relationships with and among teachers, literacy coaches, administrators, and the larger MNPS community, the Coordinator will help build the capacity of stakeholders' instructional literacy knowledge through professional development, curricula implementation, and research-based coaching practices. The Coordinator will be instrumental in helping increase the literacy skills of MNPS students (i.e., reading, writing, listening, speaking, and using language effectively).",Master's Degree  Required, 2 - 3 years instructional coaching at the school- or district-level Preferred,"Professional Learning Leadership:                                                                                  
Provides leadership to develop a culture that fosters professional learning communities by recognizing all teachers, coaches, and administrators as learners capable of acquiring a repertoire of skills to meet the needs of every student. Coordinates, develops, and facilitates professional learning opportunities for teachers, coaches, and/or leads that are rooted in research-informed pedagogical practices and adult learning theory that result in evidence of improved student learning. Co-plans and facilitates professional learning for district leaders, school administrators, school-based literacy coaches, and school leadership teams. When needed, contributes to the development, implementation and evaluation of a school's professional development plan, including modeling or co-facilitating PLCs, unit or lesson preparation, and/or looking at student work protocols
Curriculum Development and Implementation:                                                                
Champions the framework for MNPS ELA Literacy Instruction and supports implementation of the adopted ELA curricular materials. Coordinates and oversees the implementation of ELA curricular materials for grades 6-12, including those that support accelerated and extended learning opportunities for student success, by partnering with schools, vendors, and the textbook warehouse. Coordinates and oversees the development of the scope and sequence documents, including recruitment and training of the Scope and Sequence revision committee. Assists in monitoring, supporting, and analyzing feedback of ELA curricular materials and professional learning experiences to ensure successful implementation of curricula.
Partnership and Project Coordination:                                                                                   
Serves as the liaison between the Secondary Literacy department and other departments with the MNPS Support Hub (SEL, EL, EE, MTSS, Director of Professional Learning, etc.). Manages external partnerships, as needed.
Communication:                                                                                                     
Articulates district initiatives and instructional programming for all teachers, building and district leaders, and community stakeholders. Engages in vertical articulation of English Language Arts/Literacy curriculum with administrators and department leaders. All communication and feedback to stakeholders will be timely and constructive.
Data Analysis:                                                                                                                       
In collaboration with the Research and Evaluation Department, reviews available assessment data to identify trends and develop standards-aligned common assessments that will lead to accurate and timely data analysis, formulation of instructional strategies to better meet student needs, and curriculum / instructional programmatic decisions or revisions.  Supports development of protocols and procedures for school-level, grade-level, and teacher-level data analysis.
Professional Growth:                                                                                               
Continues professional growth and strengthens professional knowledge, skills, and strategies. Participates in professional development opportunities and coordinates and facilitates district level professional development offerings. Attends and participates in all required meetings. Maintains a collection of professional materials related to effective instruction and reflective of current research", current teaching license in TN in ELA or Reading; TN Administrator license  Required,"Extensive content knowledge of current ELA and reading research-supported pedagogy;
Collaborative and reflective growth mindset;
Ability to take initiative to develop a plan and execute the details;
Facile in using technology including Schoology, Office365 (Word, PowerPoint, Excel, Outlook, SharePoint, etc.) and Microsoft Teams products;
Relates and interacts positively with team members, as well as teachers, staff, students, administrators, central office personnel, parents, and the general public;
Communicates effectively in written and oral form;
Possesses excellent public speaking and presentation abilities;
Exhibits success of effective instructional leadership (i.e., dean/departmental/grade level chairperson, instructional coach, school leadership team member, etc.);
Demonstrated competency in adult learning theory and developing and leading professional learning opportunities for relevant stakeholders."
80249,Coach Ex Ed Intervention,Collaborates with Ex Ed coaches to determine intervention needs for students with disabilities.  Provides training to Ex Ed teachers and provides follow-up to ensure fidelity of implementation.,Master's Degree  Preferred,,"Collaborates with Special Education Coaches to determine the needs of students with disabilities across the district.
Analyzes student data to make decisions regarding appropriate intervention programs, specifically tier 4 for both reading and math.
Coaches and appropriately models various interventions and teaching strategies for teachers and other staff members.
Researches evidence based intervention strategies.
Assists in developing and delivering PD re: various intervention programs.
Assists in the purchase, dissemination, and organization of curriculum materials.
Assists in gathering school data on the various intervention programs supported by the Ex Ed Department.
Supports RTI2 (response to intervention and instruction) rollout."," Valid Tennessee Teacher’s License  Required
DL NUMBER - Driver License, Valid and in State Valid Tennessee Driver’s License  Required",
83355,Rep School Facilities,"The Rep School Facilities will primarily be an assistant to the school administration in the oversight and monitoring of school-based facilities and conditions including but not limited to monitoring of custodial activities and overall building cleanliness, coordination with school administration and school staff for maintenance upgrades, and coordination with the construction department regarding requested or planned construction activities on-site.",High School Diploma or equivalent Required," Minimum of two years' experience in building maintenance, custodial work, or related area Required","Consistently checks building for cleanliness, ensuring custodial activities are being carried out in accordance with contracted obligations and reporting variances to custodial management. Completes the monthly custodial scorecard.
Monitors school site for cleanliness and items needing repair, including but not limited to playgrounds, turf field(s) condition, fencing, lawn/grounds care and maintenance and enters work orders for items needing attention. Coordinates with Facilities and Maintenance staff as necessary to ensure items are repaired or necessary activities are completed, or to ensure that larger items are reported and handled timely.
Provides assistance to school administrators related to facility planning for summer cleaning and maintenance, use of buildings during the summer (i.e., Promising Scholars and other programs), summer construction in preparation for the start of school, and teacher moves.
Coordinates with Maintenance department and Fire Marshall’s office to ensure that any school-based citations resulting from annual inspections are corrected or repaired.
Assists as necessary with fire drills and other emergency preparedness activities. May gather/provide information related to facility for emergency planning purposes.
Operates school zone signs as necessary. May assist with the orderly arrival and dismissal of students.
Assists as necessary with schools events – may set up or take down tables, chairs, or other furniture, set up rooms, performs or assists with clean up, etc.
May be called upon in emergency situations (weather related damage, building fire, etc.) to assist Facilities and Maintenance staff in assessing damage.
Performs minor facilities repairs including, but not limited to, changing ceiling tiles, light bulbs, batteries, etc. hanging pictures, shelves, etc. patching and painting walls, resetting breakers and replacing outlet covers, unclogging drains, adjusting leaky faucets, closing valves if there is a major leak and attending dry traps.",,Good oral and written communication skills.
85698,Mgr Program Academies of Nashville,"The Academies of Nashville program manager will work directly with the Academies of Nashville Director to support the full implementation of wall-to-wall academies in the 12 zoned high schools and the MNPS Virtual School. A major part of the job will include serving as a liaison with the Nashville Area Chamber of Commerce, Alignment Nashville, the PENCIL Foundation and the Ford Next Generation Learning to build and sustain business and community engagement to support student success in the Academies of Nashville. The Academies of Nashville program manager will collaborate with program stakeholders for continuous improvement of academy program initiatives and ensure their sustainability and institutionalization of academy program initiatives and ensure their sustainability and institutionalization in the academies. This position will coordinate district level events and programs that support the Academies of Nashville.",Bachelor's Degree  Preferred," Experience organizing and leading meetings, coordinating action items and addressing follow-up activities Required","Coordination: Create and update documentation in the form of manuals, workbooks, annual reports, grants, etc. for the uniform implementation of the Academies of Nashville.
Coordination: Provide academies with updated tools and manuals to aid their implementation and growth of the Academies of Nashville.
Coordination: Ensure that the day-to-day management and implementation of the district’s priority events and programs, keeping in mind the larger context and priorities of the Academies of Nashville.
Coordination: Work with schools to assess the needs of the Academies of Nashville and advisory boards in order to provide district support materials.
Collaboration: Align community and business resources with the strategies and needs of the Academies of Nashville to ensure their adequate support. Promote continuous improvement in the programs and operations of the Academies of Nashville.
Collaboration: Work with PENCIL, Alignment, Chamber of Commerce and Ford NGL to ensure the three strands of the transformation are being implemented with fidelity across all academies.
Communication: Develop, implement and evaluate the annual communications plan across a network of audiences. Manage the development, distribution and maintenance of all print and electronic collateral.
Communication: Monitor the use of the brand and ensure that the integrity of the brand is updated and maintained through internal and external communications.
Communication: Develop short-and long-term plans and budgets for the marketing/communications/public relations of the Academies of Nashville and its activities, monitor progress, assure adherence, and evaluate performance.",,"Strong communication and organizational skills;
Software proficiency in Microsoft Office, Adobe Creative Suite and social media platforms and experience using data to drive decision-making;
Ability to synthesize and condense complex information; experience organizing and leading meetings, coordinating action items and addressing follow-up activities."
87852,Coach Lead Social Studies PreK 12,"Builds teacher capacity district-wide in Pre K-12 Social Studies curriculum, instruction, and assessment by facilitating and leading district initiatives. Supports the goals and mission of the Department of Curriculum and Instruction to increase student learning through an instructional approach that uses the social studies standards and practices for promoting creativity, critical thinking, collaboration, and communication.",Master's Degree in education or related field Preferred," Evidence of instructional leadership (e.g., team leader, resource teacher, department chair, system-wide committees, etc.) Required","Facilitates and assists in the development of scope and sequence documents and high-quality instructional units, common benchmark assessments aligned to standards and social studies practices and suggests revisions as needed.
Develops procedures and training for teachers and/or instructional staff related to curriculum implementation of new content or programs.
Provides leadership to develop a culture that fosters professional learning communities.
Oversees textbook adoption committees and reviews and provides feedback on supplemental resources.
Analyzes district and school level student assessment data to look for trends; formulates instructional strategies and evaluate curriculum and instructional programs to meet student needs.
Clearly articulates district initiatives and vision to a variety of Stakeholders for instructional programming within the scope of the content area.
Supports implementation of system-wide initiatives and assists in monitoring to ensure successful implementation and delivery of curricula and or programs.
Conducts school visits and participates in school walkthroughs, collaborative team planning, and reflective practices.
Participates in professional development opportunities and coordinates and facilitates district level professional development offerings."," Must have a current Tennessee Teaching certificate or be in an eligible alternative licensure program  Required
 Endorsement for Social Studies, Pre-K and/or other relevant academic area  Required","Demonstrates high expectations and models effective instructional strategies for continuous student improvement;
Relates and interacts positively with teachers, other staff, students, administrators, central office personnel, parents, and the general public;
Communicates effectively in written and oral form; possesses excellent public speaking abilities;
Demonstrated proficiency in a teacher leadership role (i.e., departmental/grade level chairperson, school leadership team member, etc.);
Evidence of effective leadership skills;
Demonstrated competency in adult learning theory and developing and leading professional learning opportunities for instructional staff and parents.
Organization, data-based decision making, and problem solving,
Technology skills: Teams, Microsoft Office, Excel, SharePoint, iOS, and/or other district applications or equipment as needed."
82347,Dir Facility and Grounds Maintenance,"Leads and directs facility and grounds maintenance operations and staff for the district.  Schedules staff and operations; develops and implements facility and grounds maintenance plans at the direction of district administration; Develops maintenance construction plans of various types, collaborating closely with the Department of Facility Planning and Construction; Works closely with various district departments, schools, organizations, and school and district wide administration to ensure appropriate communications.", Professional Degree and licensure in Engineering or Architecture Preferred," The 5 years’ experience shall have included leading a large workforce in excess of 100 persons, project management experience including cost and time accounting, and completing projects within budgets on time within limited budgetary constraints Micro-Soft Word and Excel proficiency Preferred","Establishes and enforces operating procedures along with industry recognized work standards that will ensure performance excellence and personnel safety
Determines schedules, work sequences and assignments for work activities and priorities commensurate with available equipment and skills of personnel.
Oversight of maintenance and grounds work at various stages to ensure conformance with standards, contract requirements and established departmental performance requirements. Provides Employee Safety training to prevent, detect and correct unsafe working conditions or violations of procedures and safety rules.
Computes estimates and actual costs of work completed within and outside the department by outside contractors. Requisitions various materials, equipment and services to complete tasks in cooperation with the office of procurement and or Department of Facility Planning and Construction.
Oversees Landscape and grounds maintenance including that of both MNPS employees and outside contracted services including planting, maintenance of vegetation such as automatic irrigation systems, mulching, fertilizing, watering, mowing and or pruning
Investigates accidents or injuries and prepares reports of findings. Builds and maintains close working relationships with regulatory agencies impacting operations within the department.
Monitors employees work levels and reviews work performance of a staff totaling 200 +/- persons
Coordinates work with other MNPS departments and assists in establishing standards for construction and end use maintenance with other departments, including but not limited to the Department of Facility Planning and Construction.
Oversees Janitorial Services including that of both MNPS employees and/or outside contracted services. Responds to Principal requests for service when needed. Establishes and provides scoring of Janitorial services to establish high quality standards for positive and appropriate visual perception of MNPS properties.","Professional Engineer (PE) License  with areas of emphasis of Electrical or Mechanical Engineering or as a licensed Architect  Preferred
Professional Engineer (PE) License  The PE or Architect shall be licensed in the State of Tennessee or have the capability of obtaining a license in Tennessee within 180 Days Preferred
 The successful applicant shall have a valid Tennessee Drivers license  Required","Client management and interaction along with proven employee communication skills
Micro-Soft Word and Excel proficiency is required"
80378,Spec Credit Recovery,,,,"Work collaboratively with all district personnel to organize and facilitate face-to-face, online, and hybrid models of professional development and training for all online learning initiatives relating to credit recovery
Work collaboratively with district personnel to update MNPS credit recovery courses and curriculum alignment for initial credit and credit recovery
Monitor MNPS credit recovery policies and procedures (DSOP) and student/parent resources according to legislative changes and TEA regulations
Facilitate Professional Learning Communities (PLCs) to increase the implementation of standard operating procedures for student management and grading for credit recovery teachers
Work collaboratively with the Executive Director of Guidance and Counseling to update annually the MNPS Student Progression Plan (SPP), ensuring that all course legislative testing and credit recovery curriculum guidelines are met
Serve as liaison between counselors, lab instructors, athletics, and NCAA as it relates to the approval of credit recovery courses for athletics
Serve as curriculum consultant and product trainer in order to integrate district-purchased credit recovery courseware into the existing curriculum at all secondary campuses
Work collaboratively with educational software companies and district administrators to monitor usage and effective implementation of district-purchased credit recovery courseware related to credit recovery
Create and coordinate district training and staff development on district-purchased credit recovery software and policies
Act as the primary liaison between campuses, program directors, counselors, lab instructors, and district personnel",,"Demonstrates both strong verbal presentation and written communication skills.
Able to work with people at all levels.
Technical skills including Microsoft Office suite, Office 365 and interactive software.
Time management skills to effectively manage training schedules.
Adapts to change in new technology and methods."
88650,Teacher ROTC Army,"Primary instructor for all Army Junior Reserve Officer Training Corps (JROTC) cadets in the District's high schools.  Instructs, evaluates, mentors, guides JROTC cadets using the Cadet Command program of instruction and supplemental material in accordance with lesson plans, training schedules, the academic and physical needs of the cadets, and SAI consent and guidance."," Meets current and future education standards required by US Army Cadet Command
Associate's Degree  Required"," Highly competitive applicants will be honorably retired senior non-commissioned officers (E8/E9) with documented drill sergeant, Army instructor, combat arms, and large-unit leadership experience Required","Demonstrates and coaches the Army’s seven values -- loyalty, duty, respect, selfless service, honor, integrity, and personal courage.
Establishes positive personal relationships with cadets in order to assess and adjust for their academic, emotional, physical training, and leadership-learning needs.
Clearly conveys course material to cadets.  Grades cadets’ work and provides academic feedback.  Provides a safe and efficient learning environment.
Pursues continuing education to maintain knowledge of relevant Army JROTC curriculum.
Challenges, motivates, and influences the students of JROTC to develop positive character attributes.
Coaches, trains and leads the color guard team, drill team, rifle team, and/or adventure team which adheres to applicable military standards.
Assists and advises SAI in administrative matters, i.e. logistics, budgets, and program expenditures.  Maintains cadet rosters and cadet electronic personnel records.
Adheres to local, state, and federal laws and regulations, as well as the District’s policies and procedures."," Federal certification as a Junior ROTC instructor  Required
 Honorably retired from US Army, E-8 or above, within last three years  Required
Teaching Certification/License TN JROTC teacher certification Upon Hire Required","More specific degree, certification, and experience requirements will be included in the position announcement as vacancies occur."
80339,Asst Dir Planning and Construction,Assists the Director of Planning and Construction in all aspects of management of the department.  This will include execution of the district's Capital Improvement,Bachelor's Degree in Architecture Required, A current and valid architectural license in the State of Tennessee and public sector experience Preferred,"Under the direction of Director, work on directing the programming, design, construction, and commissioning of new buildings, additions to existing buildings, and renovations and repair projects; the procurement of Land, Architectural and Engineering Services, and Construction Services; and, the coordination of all elements required to bring each project to full operation.
Assist with the preparation of Capital Request items submitted to the Board of Education for review and approval.  Attendance and participation at Board Meetings which include capital items may be required.
Contribute to the review, approval, and management of the Departments’ Manuals of Procedures, Designers Guide, Technical Specification Guidelines, and Educational Specification for the District’s Elementary, Middle and High Schools.
Participate in Metro Council meetings relating to the Capital Improvement Budget and capital projects.
Manage the communication of the MNPS Design and Construction program through a public web site and other means, including working with the Communication Department to develop and participate in Community Engagement events related to school locations, design, construction, and zoning.",,"Requires knowledge of public bid requirements, Contract administration.
Minority and Small Business Diversity programs, and local and federal codes and regulations.
Must possess excellent communication, mathematical, management and leadership skills.
Self-starting; proactive to problem solving."
87892,Spec EL Family and Community,"The EL Family and Community Specialist is responsible for the planning and implementation of family and community programming, serving as a liaison between families, community partners, and the MNPS EL Office, conducting presentations to district stakeholders and families, and project planning. This position requires coordinating resources and partnerships in conjunction with diverse community stakeholders.

","Bachelor's Degree in education, counseling, social work or other relevant field Required", Minimum of two years of directly applicable experience working with English learners and families Required,"Schedule, manage and attend EL family and community programming for assigned schools.
Create and/or conduct presentations for school staff on cultural awareness, social-emotional development, and trauma-informed practices for English Learners and their families.
Collaborate with school leaders and staff, MNPS department leaders and staff, and external stakeholders to conduct and coordinate parent English classes and meetings for multilingual families.
Attend outreach events on behalf of EL Office to talk about all of EL Office’s programs, as needed.
Create, update, and manage project planning for assigned projects.
Provide frequent reporting on EL Office family and community work
outcomes and conduct strategic planning with EL Office team and community partners.
Communicate in a positive and effective manner MNPS EL Office’s mission and programs to external stakeholders.
Performs other duties or tasks as required or assigned which are reasonably within the scope of the responsibilities in this job classification.",,"Excellent written and oral communication skills in both English and Spanish required, biculturalism preferred.
Public speaking skills and experience.
Ability to work independently, manage multiple tasks, handle various roles.
Ability to work in fast-paced environment with deadlines and strict timelines."
86915,Principal HS,"Supervises staff and oversees direct operation of the assigned high school.  Responsible for staff supervision, instructional and extra-curricular programs, budget, discipline, student safety, student/personnel data, public relations, technology systems, facilities, supplies and equipment, and reporting.  Develops and implements programs within organizational policies; reports major activities to executive level administrators through conferences and reports.  Attends or conducts staff, committee, PTA and other professional meetings to exchange information; attends professional classes, seminars, or conferences to improve professional skills.
","Master's Degree in Elementary Education, Educational Administration, or a closely related field Required",  5 full years of certificated experience (inclusive of 2 years of leadership experience as an Assistant Principal or comparable experience leading adults – Central Office and other leadership considered) Required,"Supervises staff, including selecting or recommending selection, training, assigning and evaluating work, counseling, disciplining, and terminating or recommending termination.
Provides leadership in planning, developing, implementing, and evaluating instructional programs; supervises school financial and business matters.
Develops, prepares and administers approved departmental budget; monitors and approves expenditures; prepares financial forms and reports.
Establishes and maintains positive public relations with staff members, students, parents, and community; meets with students, parents and teachers to resolve issues/problems.
Reviews and makes recommendations on proposed policies and/or changes in existing policies; implements policies as approved by the Board of Education; enforces policies and procedures for student discipline and protects students’ rights.
Gathers and maintains information/data to support periodic and special reports documenting activities for area of responsibility. Maintains record system for area of responsibility; process daily paperwork including reports, memos, requisitions, and personnel information. Supervises compilation of student data, including report cards, transcripts, and attendance.
Sets guidelines and supervises school clubs and organizations affiliated with the school. Schedules classes and extra-curricular activities for students; coordinates safety inspections and safety drill activities; provides logistic support for school transportation.
Monitors and oversees use of materials and equipment by school personnel; ensures proper maintenance of school facilities."," ILL-B or ILL-P TN Administrative License (current w/ the completion of the Praxis), External candidates with administrator licensure will be reviewed for eligibility Upon Hire Required",
