Job Code,Job Title,Position Summary,Education,Work Experience,Essential Functions,Licenses and Certifications,"Knowledge, Skills and Abilities"
87894,Teacher Grade 8,"The Teacher utilizes current strategies and theories to plan, organize and implement structured lessons to instruct Grade 8 students.",Bachelor's Degree from an accredited institution in a related field Required, Work experience gained through education and certification/license requirements Required,"Instruct students in an in-person classroom environment through lectures, discussions, visual aids, instructional strategies, and other effective teaching methods for student comprehension.
Prepares lessons and outlines to use in class that effectively cover the material.
Plan and conduct activities for a balanced program of instruction, demonstration, and work time that provides students with opportunities to observe, question, and investigate.
Administers various types of assessments to monitor student’s comprehension of the material.
Assist students who need extra help with tutoring. Guides and counsels students with adjustment or academic problems or special academic interests.
Collaborates with other teachers and administrators to develop, evaluate, and revise academic programs following approved curricula.
Utilizes instructional technology, audio-visual aids, and other equipment and materials to enhance student learning.
Performs various administrative duties such as taking attendance, organizing the classroom, and responding to emails and phone calls from parents, school administrators, and staff in a timely manner.
Observe and evaluate students' performance, behavior, social development, and physical health.
Attends in-person faculty meetings, teacher training workshops and educational conferences to maintain and improve professional competence.
Maintain accurate, complete, and correct student records as required by laws, district policies, and administrative regulations.",Teaching Certification/License From Tennessee Department of Education with applicable endorsement  Required,"Excellent writing and communication skills
Instructional strategies that connect the curriculum to the learner
Student Management
Demonstrated ability to work well with students, staff, and parents in a professional manner
Ability to be flexible and adapt as needed between in-person learning environments.
Knowledge of school safety & security procedures
Ability to work under pressure and meet deadlines"
86690,Mgr Data Quality and Integrity,"Supervises staff in ensuring the integrity of all data housed in and managed by computerized applications in the District.  Develops support, training, and remediation strategies to ensure data integrity.",Bachelor's Degree in an applicable field Required, Two (2) or more years related experience Required,"Supervises data quality specialists in data monitoring, data error management and data entry by schools.
Implements support and monitoring strategies to address areas of concern with respect to data integrity.
Creates and monitors reports from assigned schools to ensure compliance with District and State policies.
Conducts group and individual training sessions for principals, secretaries, administrators, and school counselors on the use of data for state and local reporting.
Assists principals in evaluating staff proficiency with regard to data quality.
Ensures state reported data is accurate and reported in a timely manner.
Researches and develops best practices in the areas of data quality and management.",,Basic Computer Skills
85253,Coord Evaluation RAE,"Employee is responsible for coordinating activities related to the evaluation of schools, district initiatives and designated programs.",Doctoral Degree  Preferred," Experience in program evaluation, research, survey design and student assessment in a public school system Preferred","Provides leadership in the design, development and implementation of systems to evaluate schools, district initiatives and educational programs.
Coordinates district measurement and data collection activities related to evaluation projects and assists in the processing of data.
Assists in the development and implementation of systems utilizing student performance data to evaluate and incentivize teacher effectiveness.
Assists in the selection, development, implementation and/or analysis of district surveys.
Analyses evaluation data and summarizes findings in written and oral reports, both for governmental agencies and local decision making.
Educates key program personnel in educational measurement and evaluation procedures so that they may be more effectively involved in these areas.
Assists the MNPS Research/Survey Committee in the review of proposals to conduct research or evaluation within the district.",,"Excellent oral and written communication skills and ability to manage and prioritize multiple tasks are required.
The candidate should be competent with data management and statistical analysis software (preferably SPSS)"
84250,Dir Assessment RAE,"The Director of Assessment oversees district-wide student assessments. The position provides professional development to Curriculum and Instruction staff, school administrators, and teachers on the administration, interpretation and use of state and district assessments; assists in the planning and management of district and state mandated assessments; supports district and school staff in data informed decision making; assists in the reporting, editing, and checking of accountability results; and oversees the assessment team within the department.",Master's Degree in related field Required," Experience in student assessment, accountability, program evaluation and/or professional development in a public school system Preferred","Provides oversight and training to internal assessment team, school administrators, and testing coordinators in the administration of state and district mandated student assessments, ensuring compliance with test security and accommodations policies.
Provides support to on-going efforts to improve and integrate electronic test administration, scoring, reporting, and access to student data at the classroom and district levels.
Assists Curriculum and Instruction in the annual planning, review, management and scheduling of formative and summative district assessments.
Manages annual workflow of assessment team in relation to assessments and resulting data and reporting cycles.
Provides professional development to district and school staff in the interpretation, analysis, and use of student assessment results and other key data for school improvement planning and data driven decision making.
Provides assistance and training to district staff in item writing, test validation, and other test development activities.
Oversees teacher-student claiming process to ensure accuracy of teacher evaluation growth metrics.
Reviews current literature and legislation related to accountability and assessment and maintains a current knowledge of relevant provisions of applicable federal, state and local laws, rules and regulations; provides accountability and assessment advice to district leadership.","Teaching Certification/License Teacher certification   Preferred
 educational administration certification  Preferred","Excellent oral and written communication skills are required.
Excellent oral and written communication skills and ability to manage and prioritize multiple tasks are required.
Must be proficient in Microsoft Office suite."
83552,Analyst Data Operations RAE,"Prepares and loads student assessment data into district's data warehouse; works with central office personnel to ensure assessment and survey data collection, data exchange between systems and reporting are accurate and timely; researches and applies best practices in data management; assists in identifying defects in data operations and collaborates with team members to implement corrective actions; implements strategies to address data quality and integrity; assists with survey development and administration; assists with data collection, analysis and reporting and other routine department activities.",Bachelor's Degree From an accredited college or university  Preferred, Experience with statistical software programs  Preferred,"Organizes, cleanses, maps and loads student assessment data into district’s data warehouse.
Works with department and other district staff to ensure assessment and survey data collection, data exchange between systems and reporting are accurate and timely.
Assists in identifying issues with data operations that impact data quality and collaborates with team members to implement corrective actions.
Implements strategies to address data quality and integrity.
Assists with survey development and administration.
Consults with technology and other departments to coordinate data collection and automation tools.
Assists with data collection, analysis and reporting.",,Strong organizational and analytical skills required.
85491,Coord Arts Visual and Performing," Coordinates curriculum and instruction for visual arts teachers through teacher professional development, standards implementation, fostering relationships with and among teachers, administrators and the community. Provides expertise and leadership in the implementation of STEAM and arts integration initiatives.",Master's Degree in Art Education Preferred, 7 - 10 years music/arts teaching experience in public education Required,"Coordinates professional learning for all visual arts teachers, including the development of professional development workshops, teacher coaching, peer to peer learning, and portfolio development as part of the TEAM evaluation.  Coordinates Visual Arts Teacher Content Council, including recruitment, application process, agendas and outcomes. Creates annual plan for professional learning, including resources needed and evaluation metrics.
Coordinates standards-based curriculum and instruction in visual art, including development of Scope and Sequence, standards training and implementation, and textbook adoption. Reviews instructional resources and makes recommendations for adoption.
Provides expertise and leadership in the development and implementation of STEAM in middle schools and arts integration initiatives.
Oversees essential programs, including Mayor’s Art Show. Develops and implements procedures and protocols for program delivery, data collection, and reporting requirements.
Coordinates community requests for student exhibits at public events, such as School Board meetings, A & S meetings, PENCIL Foundation events, local and national conferences.
Responds to teacher requests for assistance on topics such as classroom management, resource management, unit planning, district policies and procedures, relationships with building supervisors.
Provides timely information and updates for monthly newsletter.
Takes a leadership role in regional and state associations; supports opportunities for adjunction in visual art content areas.", Certificated teaching license in TN and Administrative license  Required,"Extensive content knowledge of visual art in public education, strong reading, writing and speaking skills, positive mindset, ability to develop a plan and execute the details, strong organizational abilities, extensive relationship-building skills, collaborative spirit and openness to new ideas, strong peer network."
88129,Teacher Social Studies Sociology,"The Teacher utilizes current strategies and theories to plan, organize and implement structured lessons to instruct K12 students.",Master's Degree from an accredited institution in a related field Preferred, Work experience gained through education and certification/license requirements Required,"Instruct students in an in-person classroom environment through lectures, discussions, visual aids, instructional strategies, and other effective teaching methods for student comprehension.
Prepares lessons and outlines to use in class that effectively cover the material.
Plan and conduct activities for a balanced program of instruction, demonstration, and work time that provides students with opportunities to observe, question, and investigate.
Administers various types of assessments to monitor student’s comprehension of the material.
Assist students who need extra help with tutoring. Guides and counsels students with adjustment or academic problems or special academic interests.
Collaborates with other teachers and administrators to develop, evaluate, and revise academic programs following approved curricula.
Utilizes instructional technology, audio-visual aids, and other equipment and materials to enhance student learning.
Performs various administrative duties such as taking attendance, organizing the classroom, and responding to emails and phone calls from parents, school administrators, and staff in a timely manner.
Observe and evaluate students' performance, behavior, social development, and physical health.
Attends in-person faculty meetings, teacher training workshops and educational conferences to maintain and improve professional competence.
Maintain accurate, complete, and correct student records as required by laws, district policies, and administrative regulations.",Teaching Certification/License From Tennessee Department of Education with applicable endorsement Upon Hire Required,"Excellent writing and communication skills
Instructional strategies that connect the curriculum to the learner
Student Management
Demonstrated ability to work well with students, staff, and parents in a professional manner
Ability to be flexible and adapt as needed between in-person learning environments.
Knowledge of school safety & security procedures
Ability to work under pressure and meet deadlines"
85789,Spec School Based Trauma Informed,"The School-based Trauma-Informed Specialist works closely with school and district staff, students, families and outside agencies to promote an environment that mitigates the impacts of adversity and toxic stress and supports wellness and school success. Performs work involving organizational or individual trauma assessments; on-site training, consultation, and technical support for school staff, students and families;  develops appropriate support and intervention plans; assists with collaborative referrals; provides support for students with a history of trauma and school-related issues; and monitors the course of supports.","Master's Degree in General or Special Education, Social Work, Counseling, Marriage and Family Therapy, Psychology or related program Required",1-3 years Related experience Required,"Conducts formal and informal assessments of school-wide, student, and family needs using structured interview and assessment procedures.
Works collaboratively with school and district staff and related programs to impact school-wide systems, policies, and practices to become more trauma-informed.
Assists with development of individualized or group support plans in collaboration with teacher teams and other key stakeholders.
Provides, supports, and monitors implementation of individual and group plans as needed, including trauma-informed crisis interventions.
Participates in school-level team meetings (e.g.,  MTSS-B, leadership) to review data, monitor progress, and assist with collaborative referral process in collaboration with related staff to ensure the highest quality of specialized supports are provided for students and families.
Provides individualized consultation, coaching and technical support to school staff who support students with trauma-related symptoms.
Works in collaboration with other specialized providers to provide trauma-informed interventions for groups of students, families, or school staff as needed.
Provides professional development to school staff and related stakeholders about the impacts of ACEs and trauma-informed school culture and practices."," Related licensure is preferred (e.g., Professional or School Social Worker, Professional or School Counselor, Teacher, Occupational Therapist, Marriage and Family Therapist, or School Psychologist) is  Preferred
 Teaching experience, micro-credential certifications and training in the areas of trauma-informed care, mindfulness/yoga, or mental health counseling are  Preferred","Strong written and interpersonal consulting skills. Relates and interacts positively with teachers, other administrators, students and families, central office personnel, parents, and the general public;
Communicates effectively in written and oral form;
Possesses excellent public speaking abilities;
Demonstrated proficiency in a coaching or consulting role; Evidence of effective leadership skills;
Demonstrated competency in developing and leading professional learning opportunities for instructional staff and parents.
Excellent knowledge of common educational and behavioral health diagnoses related to trauma and evidence-based treatments for related needs.
Ability to work effectively in a team.
Ability to exercise balanced judgment."
82509,Tech Instructional Design Lead,"Develops, implements, and assesses integrated curricula centered on technology-enhanced lessons and units to support school improvement and implementation of the District's Vision. Designs and implements high quality, personalized, evidence based professional learning programs, curriculum, methods, and materials for various audiences and supports the development of school culture, professional learning, community partnerships, and instructional technology programs."," Instructional technology degree or certification preferred, demonstrated ability to integrate technology Required",7-9 years Related experience Preferred,"Conducts skill assessments and collects input to identify training or development needs, goals, gaps, and requirements to achieve specific outcomes related to instructional technology integration
Develops curricula supporting defined competency models or skill frameworks focused on using personalized and blended learning strategies to increase access to standards and curriculum
Consults with subject matter experts to define learning objectives and to design appropriate course content and professional learning curriculum.
Assist schools, departments, and MNPS Community in implementing instructional technology goals) through focused planning and modeling of technology and tech- centric pedagogy into teaching practices.
Participates in ongoing communication with school leadership, internal and external technology leaders to learn current trends and best practices to aid in the design of curricular materials and professional learning.
May provide a leadership role for collaborative work groups through knowledge in the area of specialization.
Presents professional learning on Tennessee Digital Readiness standards that supports students’ acquisition of digital literacy, Computer Science and technology skills
Designs, and delivers professional learning to educators on how to integrate district provided technology tools (Schoology, Office 365, Minecraft, etc.) into instruction.
Participates in ongoing professional learning to deepen their learning in pedagogical technology integration, share findings with educators in PLCs and consultation sessions
Evaluates software, applications, resources and/or collaboration tools used for professional learning; Establishes metrics used to evaluate training effectiveness."," Must hold or be eligible for a certificate or license issued by the Tennessee Department of Education with a related endorsement  Required
 Instructional Technology Training Certificate (ex. Microsoft Innovative Educator, Apple Distinguished Educator) or ability to demonstrate skills and knowledge of current technology integration in the classroom with district approved applications  Required","Ability to work on advanced, complex technical projects or business issues requiring expert technical or industry knowledge;
Written and oral communication;
Knowledge of instructional strategies, knowledge of technology hardware and software;
Ability to create and deliver technology training;
Advanced in Microsoft 365 (Sway, PowerPoint, Excel, Word), Proficient in creating a safe and productive environment face to face and online."
83222,Coach College & Career Readiness and Success," The  Coach — College & Career Readiness and Success has the overall responsibility of managing the college and career preparation and activities within their New Skills Ready (NSR) school. With school leadership, create a College & Career Advising team, including staff, teachers, and support organizations, to identify the services and support currently being provided; and develop a strategic plan for the College and Career advising for the high school.",Master's Degree  Preferred, Two years’ experience or exposure to college and career advising and work-based learning Preferred,"Works collaboratively with Ready Graduate Analyst, NSR Grant Director and other CCR Coaches to establishes strong systems and processes in alignment with the New Skills Readiness Grant to ensure all MNPS students have high-quality college and career advising to successfully transition into post-secondary opportunities.
Leverages existing relationships and grows additional partnerships with community partners, post-secondary institutions, state agencies, and business partners to ensure adequate resources to ensure all students have access to post-secondary opportunities, including college/post-secondary advising, internships, pre-apprenticeships, apprenticeships, etc.
Sets up and maintains a College and Career Advising Center to provide space within the school for students to meet with external partners and school staff to stay informed about post-secondary opportunities.
Collaborates with the school leadership team and external stakeholders (post-secondary partners, community organizations, business partners, parents, and students) to develop, monitor, and implement the schools New Skills Ready strategic plan. The plan will include grade level advising milestones and progress towards EPSOs and work-based learning. The creation of an advisory board is recommended.
Collaborates with various departments in the district to develop strong systems of support, communication and marketing strategies, and data-tracking tools supporting a unified vision of preparing all students for success after leaving high school.
Organizes, analyzes, interprets, synthesizes, and summarizes data and clearly communicates findings to various stakeholders through oral and/or written reports.
Remains informed on local, state, and federal requirements as related to Ready Graduate indicators.  Assists with the development of system policies, procedures, and practices.
Works directly with Ready Graduate Analyst, NSR Grant Director, and various departments within the district to meet district goals and expectations and performs other duties as assigned.
Utilizes existing data and identifies and/or develops instruments, tools, and strategies to collect additional data necessary to evaluate program effectiveness.",,"Professionalism skills of collaboration, communication, critical thinking and creativity are required."
85215,Tutor Advanced TN ALL Corps,"TN ALL Corps grant-funded tutors will provide direct literacy instruction to identified students in the assigned school(s).  Tutors will utilize the provided curriculum materials and work in collaboration with classroom teachers to deliver instruction and assess student progress.  Tutors will maintain accurate and timely attendance and progress monitoring data in accordance with grant requirements.  Tutors will provide student progress updates to families via monthly progress reports.  This position is contingent upon grant funding and the continuing availability of funds and is expected to last until June 30, 2024.",Bachelor's Degree  Required,1-3 years Related experience Preferred,"Provides direct literacy or math instruction to identified students in small group settings of no more than three students per session using provided curriculum materials.
Completes required academic progress monitoring assessments with students and logs assessment results in required system(s).
Completes all required TN ALL Corps and Accelerating Scholars tutor training modules/courses.
Ensures that students receive the intended amount of tutoring by meeting with students at least twice a week for a minimum of 90 total minutes per week.
Maintains accurate attendance records by marking attendance in MNPS’ online tutoring platform after each tutoring session.
Provides monthly progress updates to families using provided progress reports.
Collaborates with school staff and faculty to assess the needs of children and to determine how best to address those needs.
Participates in educational team meetings, including ongoing professional development and review of progress.",,"Excellent verbal and written communication skills, present information accurately and clearly.
Demonstrate patience, encouragement and understanding when working with students
Must be flexible to meet the needs of the students and the school
Knowledgeable in the use of standard office computer programs and a variety of educational programs
Excellent analytical and organizational skills
Must be able to motivate students using mature judgment, initiative, tact, flexibility and emotional stability"
88652,Instructor JROTC Air Force,"Air Force JROTC is a full program, and not confined to the ""regular"" school day and not confined to the classroom. Air Force JROTC instructors conduct academic classes during the regular school day, but also supervise Leadership Development Requirements (LDRs) after regular school hours. LDRs are experiential learning activities like drill teams, academic bowl teams, marksmanship teams, etc. A robust and successful AFJROTC program will often have several active LDRs at any time of year. General Job Description > Air University (AU) > Air Force Junior Reserve Officer Training Corps (af.edu)",Master's Degree  Preferred," Enlisted instructors Retired noncommissioned officer with at least a Bachelor’s degree  Extensive experience in leadership, supply, administration, drill and ceremony, teaching, and many have experience working with youth groups Required","Air Force Junior ROTC (AFJROTC) will provide a quality citizenship, character, and leadership development program, while fostering enduring partnerships and relationships with high schools, educational institutions, and communities that help meet the AFJROTC citizen development mission.
Conduct Academic Classes. An Air Force JROTC Instructor is expected to prepare for and teach periods of instruction of 45 to 90 minutes each, for as many as 4 to 6 periods per day, depending on the school’s schedule.
Lead Before and/or After-School Activities. An Air Force JROTC Instructor is expected to coordinate and lead a variety of school activities, possibly held before or after each school day, both indoors and outdoors. These after school activities may include physical training events, academic clubs, rocketry teams, marksmanship teams, along with performing drill instruction and demonstrating drill sequences. Leading after school activities involves significant organizational skills, strong teambuilding skills, and physical stamina.
Lead Off-Campus Events. An Air Force JROTC instructor is expected to lead field trips to historical sites, visits to local government agencies and military installations, and to march in parades with their cadets. Leading off campus events involves significant organizational skills, physical stamina, and the ability to remain calm in hectic situations.
Successfully incorporate Air Force JROTC-approved interactive learning software/hardware with classroom instruction, and have a competent knowledge of curriculum planning, Air Force educational programs, drill and ceremonies, and educational administration, including tests and measurements. Academic, administrative, logistical, financial support tasks, and after-school activities will be equally shared by all instructors as regular duties.
Clearly convey course material to cadets.  Grades cadets’ work and provides academic feedback.  Provides a safe and efficient learning environment.
Challenges motivate, and influence the students of JROTC to develop positive character attributes.
Adhere to local, state, and federal laws and regulations, as well as the District’s policies and procedures."," Complete the mandatory Air Force Junior ROTC Instructor Certification Course (JICC) as a condition of certification  Required
 TN Department of Education licensed JROTC Instructor  Required","More specific degree, certification, and experience requirements will be included in the position announcement as vacancies occur."
80726,Analyst ESEA Compliance,"Provides coordination, direction and grant documentation procedures to ensure federal and state compliance. Coordinates ESEA compliance reports, and assists with management of state and federal monitoring events. Collaborates with Federal Programs staff to ensure schools, and the district, are compliant with State and Federal laws, regulations, and guidelines for use of Federal Funds and are compliant with State and Federal laws, regulations, and guidelines for use of Federal Funds and the administration of State and Federal grants.",Bachelor's Degree in a related field Preferred,"4-6 years Applicable experience, including working with database software [A5]and proficiency in Microsoft Office Suite, SharePoint, Adobe, Website design/development, with expert level experience in Excel Required","Collaborates with the Grants Management Team in the Office of Federal Programs to ensure compliance with federal, state, and local laws, regulations and guidelines Develops, communicates, and implements standards for documentation for federal and state compliance requirements; gathers documentation provided by all sources and makes timely response to all requests for compliance documentation.
Develops and manages SharePoint software to include troubleshooting, training, and updating as needed.
Manages and completes Time and Effort reporting at the district and school level for state/ federal compliance; completes state/federal Comparability reporting requirements; assists with other ESEA grant compliance and documentation responsibilities
Assists with management and oversight of state and federal monitoring visits; collects, compiles, and archives grant documents for monitoring
Collaborates  with other department personnel to provide training for grant managers on documentation and compliance
Provides XXXX MATERIALS for publication on the MNPS website for Federal Programs and Grants, making certain information stays current with all changes in rules and programs.
Collaborates with the Grants Management Team in the Office of Federal Programs to ensure compliance with federal, state, and local laws, regulations and guidelines
Assists with project plans within the department, including but not limited to documentation, risks and mitigation, communications and project schedule with the business sponsor; identify requirements and tracking measurements.",,"Knowledge/understanding of Federal and State laws and regulations.
Analytical, mathematical, collaboration of ideas, demonstrated ability to train before a large group.
Demonstrated high level capability in using technology, specifically, all Microsoft Office applications and an ability to use enterprise level applicatins as part of a larger team."
89766,Liaison HR Employee Relations Legal,"Act as Legal Liaison for all Employee Relations matter requiring legal support/guidance.  Supports the Employee Relations department through partnering with MNPS Leadership, to support resolution of disputes between workers and managers, negotiates collective bargaining agreements, and/or coordinates grievance procedures to handle employee complaints. Monitors company or workforce adherence to labor agreements.", Juris Doctor (JD) degree in employment law or related area Required, Minimum of eight years’ applicable employee relations experience including experience working with bargaining units and ten years is  Preferred,"Advises management (often via presentations) on matters related to the administration of contracts or employee discipline or grievance procedures.
Calls or meets with union, company, government, or other interested parties to discuss labor relations matters, such as contract negotiations or grievances.
Drafts contract proposals or counter-proposals for collective bargaining or other labor negotiations.
Drafts rules or regulations to govern collective bargaining activities in collaboration with company, government, or employee representatives.
Investigates complaints of harassment, Investigates validity of unemployment claims, responds to the EEOC on behalf of MNPS.
Interprets contractual agreements for employers and employees engaged in collective bargaining or other labor relations processes.
Investigates and evaluates employee or union complaints to determine viability.
Mediates discussions between employer and employee representatives in attempt to reconcile differences.", Valid TN Law License  Required,"Ability to administer a broad range of employee-issues and labor relations matters related to (but not limited to): investigation and resolution of grievances and complaints;
Proactive progressive corrective action guidance, training and planning in regard to employee/labor laws and compliance;
Negotiations, interpretation and execution of labor agreements;
Counseling managers and employees on the interpretation of policies, procedures and union agreements."
86997,Spec Customer Experience II,"The Specialist serves as the subject matter expert for all items of foundational technology, software, and operating systems.  Works across all sections supporting the end users to ensure a consistent user experience with technology services.   Works with Technology Services Departments and end-users throughout the District to identify, test, and implement hardware and software solutions to user needs.
",Bachelor's Degree or relevant work experience Required,1-3 years Technical support role Required,"Monitors and troubleshoots issues related to the performance of deployed hardware.  Tests possible changes and makes recommendations that are targeted to improve performance and usability.
Performs Mobile Device Management configuration and management of various systems.
Coordinates with Business Owners and Product Managers to document and solve support solutions.
Consults with all stakeholders to recommend modifications to improve the technical usability of systems.
Coordinates with other Technology Services department groups to address hardware, software and operating system issues related to the customer experience.
Prepares and monitors change control requests required by changes to foundational hardware, software, and operating systems.
Monitors technology trends and serves as a liaison to vendors of foundational technology.  Responsible for evaluating and recommending technology hardware and software.
Monitors technology trends and serves as a liaison to vendors of foundational technology.  Responsible for suggesting and evaluating new items of technology hardware.","DL NUMBER - Driver License, Valid and in State   Required
 Certification in one or more Operating Systems including Windows10, MacOS, iPadOS
  Preferred","Exceptional judgment and professionalism, with the ability to adapt to a changing environment.
Must be a team player with the ability to work collaboratively with others.
Ability to be flexible in prioritizing key activities, while managing / meeting stakeholder expectations.
Ability to manage multiple assignments and meet all required timelines.
Technology, hardware, software, operating system, and network knowledge.
Able to assess, diagnose, and troubleshoot technical issues.
Strong communication and collaboration skills."
80274,MGR Grant,"Ensures the compliant programmatic and fiscal management of assigned grants. Spearheads the work needed to ensure successful implementation, reporting, evaluation, and closeout of assigned awards that results in the accomplishment of award objectives. ",Bachelor's Degree  Required,"3-5 years prior experience managing grants including experience with managing grant-funded projects, budget development, and related oversight responsibilities  Required","Ensures the compliant administration of assigned grants in accordance with federal, state, and local requirements, including 2 CFR Part 200; implements, tracks, monitors, evaluates, and ensures completion of all programmatic activities required by assigned awards including close out.
Implements processes in alignment with existing MNPS policies and procedures to charge expenses to grant accounts (payroll, supplemental pay, travel, non-personnel, etc.); tracks and monitors expenses charged to grant accounts to ensure alignment of charges with approved budget narrative and budgeted amounts; works with Grant Fiscal Team to ensure timely spending of grant funds, accuracy of charges on grant accounts, and fiscal compliance; utilizes resources and tools such as budgeting platforms, ERPs, and Excel to support effective management of grant funds.
Determines allowability of grant charges through the review and approval of requisitions, spend authorizations, and reimbursement requests for assigned grants; ensures completion of procurement process for all grant-funded transactions; regularly reviews costing to ensure accuracy of personnel charged to assigned grants.
Prepares and submits all required reporting and evaluation for assigned grants including award closeout; manages documentation for assigned grants; responds to requests from MNPS teams as well as external auditors and monitors.
Woks with other departments to develop RFPs, RFQs, etc. that result in the issuance of contracts and MOUs necessary to ensure successful implementation of assigned awards.
Communicates and collaborates with internal and external stakeholders such as Federal Programs, Procurement, Financial Operations, Division of Teaching and Learning, Human Resources, vendors, community organizations, and more throughout the life of the grant as necessary for the accomplishment of grant objectives.
Stays abreast of federal, state, and local laws, policies, and regulations regarding the compliant administration of assigned grants.
May assist in training staff or other stakeholders in programs or initiatives related to assigned grants.
Provide support, supervision, and evaluation to staff depending on assigned grant.",,"Project and Budget Management
Organizational and Communication skills
Problem-solving skills and Critical Thinking
Strategic Planning
Ability to Drive Vision and Purpose
Resourcefulness and Adaptability
Knowledge of grant management practices and compliance guidance
Ability to interact with a variety of stakeholders"
80230,Asst Materials Control,"Handles the clerical and manual tasks involved in the receipt, verification, storage and issuance of equipment, materials and supplies in MNPS' Distribution Center. Keeps accurate accounts of stock usage, storage and ordering. Operates stand up and regular tow motors.
",High School Diploma  or GED Required," Minimum of two years directly applicable experience, including working to resolve issues with customers Required","Handles incoming and outgoing shipments, verifies new merchandise against purchase orders and invoices, and transfers merchandise according to requisitions.
Establishes and maintains effective working relationships with internal and external customers to provide delivery of orders within designated time parameters.
Collaborates with stakeholders to troubleshoot and reconcile inventory disputes and discrepancies.
Follows all federal, state and local materials management policies and procedures.
Coordinates inventory deployment schedules with corresponding departments.
Maintains outstanding orders, purchase orders and requisition files; conducts regularly scheduled physical inventories.
Assists in continuous process improvement over materials management workflow.","DL NUMBER - Driver License, Valid and in State  Upon Hire Required","Extensive content knowledge of visual art in public education
Strong reading
writing and speaking skills
Positive mindset
Ability to develop a plan and execute the details
Strong organizational abilities
extensive relationship-building skills
Collaborative spirit and openness to new ideas
Strong peer network"
86529,Designer STEM Instructional Lead,"At the direction of the Department of Curriculum and Instruction, the District Lead STEM Instructional Designer builds district capacity in standards-based authentic learning through the development and facilitation of comprehensive STEM curriculum. In collaboration with the STEAM/Science department, the District Lead STEM Instructional Designer supports the goals and mission of the Curriculum Department to provide students with the knowledge, skills, and experiences they need to solve the problems of the 21st Century as they move into high school, college, and careers.",Master's Degree With five years of experience Preferred," Five years’ experience of proven instructional leadership as a Dean, Assistant Principal, or Instructional Coach Experience and knowledge of STEAM curriculum, project management, adult learning theory, professional development best practices, grants, and curriculum development    Preferred","Leads development of a comprehensive STEM curriculum and the process for the evaluation, selection, and acquisition of instructional materials, supplies, equipment and other resources to support the curriculum.   Collaboratively plan, design and develop in person, online and/or hybrid courses, modules, learning objects, learning materials, asynchronous and synchronous learning activities, and other related materials to implement the STEAM mission/vision.  Included, but not limited to designing and facilitating professional development experiences with STEAM educators and partners  through to a core set of beliefs about teaching and learning, ongoing professional development, and active team membership..
Extensive knowledge of curriculum; as well as possess technical knowledge and skills  to operate current and cutting edge STEAM technology and embed into the curriculum.  Included, but not limited to analyzing data and information that show evidence of effective decision-making skills and management skills; and evidence of enthusiasm, job tolerance, initiative and strong work standards for self and others.
Builds district capacity of funded STEM grants through the facilitation of high-quality STEM programming that aligns with state education standards and district scope and sequence;
Work with the Executive Director of STEAM and Science, and other district staff to implement the STEAM program. In addition to, work with district level curriculum specialists to ensure the integration and coordination of the STEAM mission and vision and the comprehensive school reform model with the district’s program. Work with the District STEAM Department and other district staff to implement STEAM?
Coordinate instructional design projects from inception to completion, document those projects and processes, measure results, and write reports. Ensure projects meet accessibility and university design for learning standards for quality and innovation.
Active knowledge & interest in STEM learning theory and emerging approaches to STEM-focused learning, including, but not limited to, Engineering Design Process, Problem Based Learning, social networking, mobile learning, and authentic learning while maintaining progressive knowledge of the trends in instructional design, learning methodologies and learning technology solutions.
Commit to a core set of beliefs about teaching and learning, ongoing professional development, and active team membership.", Certificated teaching license in Tennessee  Required,"Strong interpersonal and leadership skills;
Ability to relate and interact positively with teachers, other staff, students, administrators, central office personnel, parents, and the public;
Ability to communicate effectively in written and oral form;
Competency in adult learning theory and the development and leadership of professional learning opportunities for instructional staff and parents"
85422,Teacher CTE Audio Tech,To teach secondary level students in one or more Career and Technical Education (CTE) subjects. Incorporates current knowledge of industry practices and trends. ,, Must have five years of relevant experience in the past eight years  Required,"Develops and presents specific lesson plans, using a variety of techniques, including lectures, projects, exhibits, field trips, audiovisual and library resources, computers, and the Internet. Prepares assignments and assessments for in-school preparation and homework.  Monitors, assists, corrects, and grades student performances. Conducts standardized tests in accordance with district policies and state law.
Maintains order in classroom, and, in conjunction with administrative staff, administers discipline when necessary to achieve proper behavior.  May prescribe extra assignments or detention in cases of student misconduct.
Shares, with other teachers and aides, responsibility for monitoring halls, study periods, and lunchroom. Counsels students when academic difficulties or behavioral problems arise.
Keeps records of academic performance, attendance, and social acclimation.  Reports on all aspects of student development for school records and parents; conducts parent-teacher conferences on both a regularly scheduled and as-needed basis.
Consults with other professionals where there appears to be evidence of learning disabilities, drug or alcohol abuse, or problems of social adjustment.  Coordinates decisions with parents concerning any specialized intervention that appears warranted.
Works with guidance counselor in helping student to select course of study or college. Recommends promotion and/or placement of students in appropriate classroom situation for ensuing year.
Performs related duties, such as sponsoring a student organization or activity.
Participates in faculty meetings, educational conferences, professional training seminars, and workshops.", Must hold a current certification in ProTools Upon Hire Required,
80930,Dir External Communications,"Oversees development of communications content and implements the public voice of the director, school board, and the district. Manages special issues and projects of for the office of the director. Oversees and executes corporate writing (including: speeches, talking points, videos, op-eds).  Assists in carrying out the District narrative through key media placements, timed communications and events or activations involving the director or their executive level staff.","Bachelor's Degree in Communications, Public Relations, Journalism or English from an accredited university Required"," Minimum of 5 years of communications, public relations or related experience Required","Works with the Executive Officer of Communications & Community Engagement to plan and execute communication strategies, including project-specific communication, community engagement and marketing plans. Coordinates activities as needed with the Internal Communications Director.
Assists in the management and support of communications staff, including the hiring and evaluation of employees and assigning appropriate tasks.
Guides strategy regarding the development and distribution of information for the district’s stakeholders with support from the communications staff, including website copy, blog posts, press releases, social media posts, marketing materials and other content.
Serves as a content strategist regarding the district’s media plans. Serves as the Public Information Officer/Press Secretary when the Executive Officer is unavailable and assists with public records.
Ensures that communications training and resources for principals and other district staff are conducted in coordination with the Executive Officer of Communications & Community Engagement, and Internal Communications Director, as well as other communications staff.
Shares project management responsibilities with other communications staff. Helps implement an integrated, proactive media/social media relations strategy, oversight of the digital newsroom, the production of media relations tools and media pitches, and message development and response.
Other duties as assigned.",,"Excellent communicator in all forms and with all audiences.
Able to negotiate pressure filled situations effectively and with good will.
Able to represent the interests of the Director of Schools and the District with integrity and grace.
Possesses a service orientation to foster strong internal and external relationships; and strong organizational skills in managing projects and disseminating information across a variety of channels and audiences.
Ability to manage multiple projects and work collaboratively and professionally with others."
86970,Analyst IT EDFI Data,This position is funded by the Ed-Fi ODS grant provided by the Michael and Susan Dell Foundation.  Currently the grant has funding commitment until November 2019. Perform data analysis and lead collaborative efforts with a cross functional team to map data elements from the Student Information System (Infinite Campus) to the Ed-Fi data standards.  Possess an in-depth knowledge of the Ed-Fi data standards and SIS data structures.  Facilitate the data governance process to guide team collaboration and assure project milestones are met.  Develop and implement data validation processes to confirm the data stored in the Ed-Fi ODS is aligned to the Ed-Fi standards and meets the operational business needs. Must have critical thinking skills and be self-motivated to learn new technologies. Ability to work independently with minimal supervision as well as with team members from various departments is highly desired.,Bachelor's Degree or equivalent work experience Required, 3-5 years in K-12 education data analysis and experience leading cross-functional teams Required,"Maintain knowledge of current Ed-Fi data standards and provide guidance to internal staff regarding the implementation of the Ed-Fi data standards.
Perform data analysis of the data stored in the Student Information System (SIS).
Facilitate discussions with a cross functional team to map SIS data elements to Ed-Fi APIs used to send data to the District’s Ed-Fi ODS.
Develop and implement project plans to assure project milestones are met for loading the data resources as defined in the Ed-Fi ODS grant.
Research best practices for data governance and data management to improve overall data quality for the Ed-Fi ODS.
Document technical work clearly, comprehensively and concisely.
Proactively communicate status and issues, especially if they have the potential to impact the project delivery or quality.
Review all technical deliverables with assigned technical subject matter experts and apply critical thinking. Critique architectures, technical designs, communicate observations, provide remedies to strengthen and improve solutions.
Generate and validate test cases for a given solution
Provide support to internal client support team by identifying problems, researching answers, and guiding client support through corrective steps",,"Strong knowledge of the Ed-Fi data standards and K-12 education data.
Familiarity with Student Information Systems (SIS) and other K-12 education applications.
Project management skills and ability to lead a cross functional teams.
Experience with K-12 data analysis, MS-SQL queries, and other data analysis tools to create proposed solutions for mapping SIS data to Ed-Fi data standards.
Self-starter that can work well in a team environment with a passion for learning new technologies and enhancing existing skills."
89300,Driver Truck,"Safely operates vehicles and assists others with any assigned work.  Required to operate dump trucks, box trucks and flatbed trucks.  Drives vehicles and equipment assigned for use on the jobs and is able to follow oral and written directions.  
",High School Diploma or GED Required, Experience driving and operating construction and/or maintenance trucks Preferred,"Operates dump trucks, box trucks, flatbed trucks and fork lifts.
Performs assigned work as required.
Organizes/prioritizes work to accomplish assigned work orders in a timely fashion.
Operates vehicles effectively and safely for each assigned job.
Drives assigned vehicles in optimal operational condition.
Learns and applies MNPS’ preferred methods and practices on a variety of tasks.
Establishes and maintains effective working relationships with others.
Follows oral and written directions and instructions.",CDL - Group B - Commercial Drivers License   Required,
80306,Dir Library Services,"The essential function of the Director of Library Services is oversee the school library programs across the district. Director of Library Services also develops and implement programs, supervise librarians and staff, provides professional development and collaborate with administrators, librarians and community partners. 


",Master's Degree in Library & Information Sciences Required," Minimum 2 years directly applicable experience supervising school librarians
 Required","Works with librarians, instructional coaches, administration and department heads to implement library best practices and vision to support student learning.
Provides leadership in planning, developing, implementing, and evaluating
library programs while ensuring compliance with all federal, state and
local mandates (e.g. laws, regulations, policies).
Develop and oversee budget(s) to support school library goals and vision.
Evaluate librarians on instruction, use of facilities, resources, equipment and services.
Collaborates with Facility Planning and Construction and partners on renovation and construction projects to design learning spaces and libraries to support student learning.
Provides K-12 professional development for all school librarians and clerks on informational literacy, technology integration and blended learning.
Collaborates with Nashville Public Library and other community organizations on special projects and outreach programs.
Supervise Library Services staff members.
Oversees the work of Manager  - Technical Specialist and support for of the district software acquisition and approval process.", Tennessee Administrative license Upon Hire Required,
85478,Mgr Cafe Wellness Center,"Cafe Manager performs several job duties and provides customer service. Manager takes orders and makes coffee, tea, and other drinks to customer specifications. Manager will also prepare and sell a variety of stocked food items. Operate cash registers and credit card machines and field customer complaints or questions.  Manager must often clean coffee machines, service area and preparation area during a normal shift. Manager works to maintain good customer relations and speedy delivery of all beverages as well as complete assigned tasks from management every day.", Graduation from high school or equivalent Required, Barista experience Preferred,"Welcomes customers and ensure that the “Service Experience” of the cafe is consistently offered to all the customers as well as maintaining quality store operations.
Prepares and sells coffee drinks by following prescribed recipes and preparation techniques for coffee drinks, such as, expresso, café latte, cappuccino and iced coffee.
Orders and maintains inventories by replenishing coffee bean supply; stocking coffee brewing equipment; sundries and ensuring adequate inventory of all food related items.
Maintains safe and healthy work environment by following organizational standards and sanitation regulations.
Keeps equipment operating by following operating instructions; troubleshooting breakdowns; maintaining supplies; performing preventive maintenance; calling for repairs.
Handles the responsibility for efficient and profitable operation of the café in maximizing financial contributions.
Manages café staff and leads by example to ensure that daily tasks are completed and they promote the highest standards of customer service and satisfaction.
Updates job knowledge by participating in educational opportunities; reading coffee information, retail trade, and food service publications; maintaining personal networks.", ServSafe Certified  Required,
82672,Mgr Grants Department of Justice (DOJ),"Leads and executes effective grants management strategies and practices related to the Department of Justice Preventing School Violence: Stop School Violence Program grant.  Trains on and implement the anonymous reporting/ Help App across the district to students, parents and staff.",Master's Degree  Preferred," Must have prior experience with public school systems and federal programs, including experience with managing complex grant-funded projects with budget development and oversight responsibilities Required","Implementation of all required activities outlined in the DOJ Preventing School Violence grant, that must be completed within the grant period (ending September 2024).
Tracking & Monitoring of the required grant activities to include the budget, reporting, and documentation to the grantor.
Training- Trains all students, staff and parents on the anonymous reporting system/ HELP app.  What it is, how to use it, and resources provided.
Implementation- Implements a district-wide rollout of the anonymous reporting/ HELP app.
Collaboration- Collaborates and gains feedback with internal and external partners, such as students, teachers, parents and community partners.
Communication – Communicates the goal of the grant and reporting system, and within the training component to all internal and external stakeholders (schools, parents, central office, community partners/contractors and grantor) is able to explain and communicate effectively.
Utilization of a quality improvement approach to analyze data/reports, implement proper programming or professional development, and revise as needed.
Tasks and duties as assigned to support the DOJ  outcomes.",,"Working knowledge of Department of Justice Preventing School Violence: Stop School Violence Program and grant.
Working knowledge of Help Application for the Department of Justice Preventing School Violence: Stop School Violence Program.
Detail-oriented, with strong strategic planning and organizational skills.
Excellent interpersonal and communication skills, both written and verbal.
Ability to manage multiple projects, timelines, and teams effectively
Ability to adapt to a changing environment and remain flexible.
Excellent initiative and ability to work independently as well as part of a team.
Excellent computer skills. Experience with Microsoft Office products and other MNPS enterprise-level software."
86161,Exec Dir Digital Strategy and Implementation,"The Executive Director of Digital Strategy and Implementation will provide strategy and leadership surrounding the effective use of instructional and operational technology across MNPS. Oversee the development of technology integrated curriculum to increase use of technology in the schools and classrooms. Collaborate with district leadership and school level administration to develop technology integrated curriculum and select technology programs and/or learning tools and resources for the classroom teachers and district personnel.  The position will require close collaboration with Information Technology specifically in the areas of infrastructure, student information systems, other related software.",,,"Build strategies around teaching and learning that employ technology to deliver educational results in any environment regardless of physical location.
Identify, evaluate, and recommend emerging educational technology initiatives that support learning and teaching
Develop, monitor, and report on clear benchmarks that illustrate how technology investments are maximized.
Empower individuals with the toolsets, skillsets, and mindsets needed to leverage technology to advance collaboration, critical thinking, creativity, communication, and learning.
Spearhead technology initiatives that support teaching and learning.
Develops policies, procedures, and/or actions for the purpose of providing direction for meeting the district’s goals and objectives.
Facilitate all integration of technology related to the educational environment and/or curriculum
Support staff in the development and training to integrate technology into the academic programs that are offered
Oversee work between internal and external stakeholders and users to outline and support customer experience with technology and digital services that provide optimal interactions while aligning to the goals and strategies of the district.",,
87878,Teacher Grade 1,"The Teacher utilizes current strategies and theories to plan, organize and implement structured lessons to instruct K12 students.",Master's Degree from an accredited institution in a related field Preferred, Work experience gained through education and certification/license requirements Required,"Instruct students in an in-person classroom environment through lectures, discussions, visual aids, instructional strategies, and other effective teaching methods for student comprehension.
Prepares lessons and outlines to use in class that effectively cover the material.
Plan and conduct activities for a balanced program of instruction, demonstration, and work time that provides students with opportunities to observe, question, and investigate.
Administers various types of assessments to monitor student’s comprehension of the material.
Assist students who need extra help with tutoring. Guides and counsels students with adjustment or academic problems or special academic interests.
Collaborates with other teachers and administrators to develop, evaluate, and revise academic programs following approved curricula.
Utilizes instructional technology, audio-visual aids, and other equipment and materials to enhance student learning.
Performs various administrative duties such as taking attendance, organizing the classroom, and responding to emails and phone calls from parents, school administrators, and staff in a timely manner.
Observe and evaluate students' performance, behavior, social development, and physical health.
Attends in-person faculty meetings, teacher training workshops and educational conferences to maintain and improve professional competence.
Maintain accurate, complete, and correct student records as required by laws, district policies, and administrative regulations.",Teaching Certification/License From Tennessee Department of Education with applicable endorsement Upon Hire Required,"Excellent writing and communication skills
Instructional strategies that connect the curriculum to the learner
Student Management
Demonstrated ability to work well with students, staff, and parents in a professional manner
Ability to be flexible and adapt as needed between in-person learning environments.
Knowledge of school safety & security procedures
Ability to work under pressure and meet deadlines"
80247,Dir Audit,"Oversees and conducts all audits of school activity funds for each school and makes recommendations for improvement based on findings. Plans and organizes staff to conduct operational compliance audits. Trains school staff on bookkeeping procedures and correct use of activity funds. Organizes meetings principals and school bookkeepers regarding compliance issues and corrective actions.
",Bachelor's Degree  in Accounting or a related field Required,7-9 years  related experience  Required,"Oversees and conducts mid-year and year-end audits for schools.
Prepares, audits and reviews all financial reports for schools.
Manages staff; oversees tasks performed, assigns duties to ensure department meets deadlines.
Reviews combined audit reports with external auditors prior to submitting required annual reports to State Comptroller.
Consults electronically with school bookkeepers regarding school financial data entered into the system.
Monitors transactions to ensure compliance. Reviews monthly bank reconciliation reports and resolves any issues with schools.
Meets with principals and bookkeepers to review compliance issues and recommends corrective actions.
Keeps abreast of regulations and laws effecting field.",Certified Public Accountant (CPA)  Upon Hire Preferred,
88075,Teacher Health Physical Education ES,"The Teacher utilizes current strategies and theories to plan, organize and implement structured lessons to instruct K12 students.",Master's Degree from an accredited institution in a related field Preferred, Work experience gained through education and certification/license requirements Required,"Instruct students in an in-person classroom environment through lectures, discussions, visual aids, instructional strategies, and other effective teaching methods for student comprehension.
Prepares lessons and outlines to use in class that effectively cover the material.
Plan and conduct activities for a balanced program of instruction, demonstration, and work time that provides students with opportunities to observe, question, and investigate.
Administers various types of assessments to monitor student’s comprehension of the material.
Assist students who need extra help with tutoring. Guides and counsels students with adjustment or academic problems or special academic interests.
Collaborates with other teachers and administrators to develop, evaluate, and revise academic programs following approved curricula.
Utilizes instructional technology, audio-visual aids, and other equipment and materials to enhance student learning.
Performs various administrative duties such as taking attendance, organizing the classroom, and responding to emails and phone calls from parents, school administrators, and staff in a timely manner.
Observe and evaluate students' performance, behavior, social development, and physical health.
Attends in-person faculty meetings, teacher training workshops and educational conferences to maintain and improve professional competence.
Maintain accurate, complete, and correct student records as required by laws, district policies, and administrative regulations.",Teaching Certification/License From Tennessee Department of Education with applicable endorsement Upon Hire Required,"Excellent writing and communication skills
Instructional strategies that connect the curriculum to the learner
Student Management
Demonstrated ability to work well with students, staff, and parents in a professional manner
Ability to be flexible and adapt as needed between in-person learning environments.
Knowledge of school safety & security procedures
Ability to work under pressure and meet deadlines"
85496,Spec Learning Technology,"This individual provides training and support on instructional technology and content integration, the student technology standards, teacher technology standards and the MNPS Digital Scope and Sequence. The employee assists with identifying and acquiring hardware, software, and network products at the school level. This individual also assists in the implementation of the MNPS learning technology plan.",Master's Degree  Preferred,,"Planning and Facilitating Teaching and Learning
Trains and models use of technology in all curriculum areas
Implements best practices related to instructional technology use in the school program based on research, pilot programs, and state / national standards
Works with leadership team and district personnel (Learning Technology and Technology Information Services) in the selection of resources that are compatible with the school technology infrastructure
Adheres and communicates copyright laws, FERPA / COPA requirements as well as all other laws and guidelines pertaining to the distribution and ethical use of all resources and use of personally identify-able information (PII)
Participates in the ongoing evaluation of the effectiveness of the instructional technology program
Prepares and submits accurate reports as required
Develops and follows a plan for professional development and attends all district level training (4 days per year)"," Instructional Technology Training Certificate (ex. Microsoft Innovative Educator, Google for Education Certification, Apple Distinguished Educator)  Required","ability to demonstrate skills and knowledge of current technology integration in the classroom with district approved software.
Advanced in Microsoft 365 (Sway, PowerPoint, Excel, Word), Proficient in writing and debugging code and using a code-learning program (ex. Scratch), Proficient in monitoring students’ online activities and creating a safe and productive environment for online learning."
80218,Oper Printing and Copying Lead,"Performs various duties required to ensure printing, copying and mail is processed accurately and completed on time. ","High School Diploma or equivalent Required
Non-Degree Program Must successfully complete coursework in graphic design (local technical school, paid by MNPS) within 12 months of accepting position Preferred", Two years directly related experience working in a high volume printing/copying operation Preferred,"Sets up and operates all machines located within the print or copy shop.
Works with external vendors on larger projects, overseeing the entire process from initial contact and quote acquisition to order fulfillment.
Manages the billing for the department, ensuring precise and prompt invoicing.
Answers phones and interfaces with customers regularly.
Conducts regular inventory check of printing and copying supplies.
Keeps mail/copy/print shop area neat and organized.
Performs regular quality control inspections on all facets of mail/copy/print operations.
Delivers completed jobs, when necessary.","DL NUMBER - Driver License, Valid and in State Valid Tennessee driver’s license  Required",
88156,Teacher Ex Ed Interventionist,"Provides direct, explicit research-based interventions in addition to supporting access to core instruction for students who have an Individualized Education Program (IEP).",Master's Degree from an accredited institution in a related field Preferred, Professional training and paid or volunteer experience with individuals with disabilities is Preferred,"Provides direct, explicit, evidence-based academic, social-emotional, and behavioral interventions based on student needs in addition to core instruction.
Collaborates and helps facilitate and develop Functional Behavioral Assessments & Behavioral Intervention Plans based on student need.
Provides intensive intervention with fidelity and Progress monitors all students that receive intensive intervention in the area of academics, social-emotional and behavior to continually communicate progress toward goals with students, parents and school teams.
Utilizes all naturally occurring data (i.e. attendance, behavior incidence, universal screening, intervention data, progress monitoring data) to ensure the most updated relevant information is used to inform instruction, intervention and a student's Individual Education Program (IEP).
Ensures students with an Individualized Education Program participate in the Universal Screening Process and in required statewide test with appropriate accommodations.
Manages and provides inclusive support in the general education setting for students with a need, which includes providing indirect support, aligning accommodations, and modifications and managing para-professional support in the general education setting.
Attends grade-level/content meetings to assist with planning access to core instruction and meaningful inclusive supports that help ensure the least restrictive environment for students.
Coordinates the delivery of services for students with disabilities with all related service providers (i.e.  speech and language therapist, occupational therapist, physical therapist, nurse).
Develops and Implements Individual Education Programs (IEPs) for students, and ensures service delivery and progress of students in compliance with State and Federal laws governing services for students with disabilities.
Facilitates IEP meetings, re-evaluation meetings, and manifestation determination meetings in accordance with State and Federal laws governing services for students with disabilities.
Collaborates with related service providers, school leadership and families to schedule timely meetings that ensure all relevant data, assessment and information can be collected in accordance with State and Federal laws governing services for students with disabilities.
Participates in ongoing Professional Development activities to ensure the use of most effective, evidenced-based practices that promote success for students.", Must hold or be eligible for a certificate or license issued by the Tennessee Department of Education with a Special Education Interventionist K-8 endorsement (144) and/or Special Education Interventionist 6-12 endorsement (145)  Required,"Thorough knowledge of the principles, practices and procedures of special education and/or specialty area.
Thorough knowledge of the principles and methodology of effective teaching of students with disabilities.
Communication, and collaboration with Parents, educators, students,
Instructional strategies that connect the curriculum to the learner,
Student management,
Presenting to large groups,
Organization, data-based decision making, and problem solving,
Providing intensive intervention,
Knowledge of the U.S. Department of Education’s Individuals with Disabilities Education Act (IDEA) or similar federal regulation.
Technology skills: Teams, Microsoft Office, Excel, SharePoint, iOS, and/or other district applications or equipment as needed."
85236,Spec IT Enterprise Support Resource II,"Works cooperatively with departmental staff as well as other departments within the district and external users or vendors of MNPS. Works within the established policies and procedures of MNPS and current federal, state, and local laws. Manages wired line and wireless services as well as business grade and multifunction copier procurement and services and works with end users to resolve issues.",Bachelor's Degree  in related field Required,1-3 years working in a technology focused medium to large size business Required,"Coordinates the required contracts for eligible services, application filing, and annual funding processes related to our Federal eRate service applications to ensure proper procedures for filing are met, to ensure that legal obligations by the district are maintained and to investigates and provide official responses to service and/or payment inquires posed by the Universal Services Administrative Company (USAC).
Manages wired line and wireless services to ensure proper coverage and functionality are met, managers relations with and resolves customer service issues with the providing vendor(s) and acts as the point of coordination for contract renewal specifications and contract renewal process.
Manages business grade and multifunction copier procurement and services to ensure user functionality requirements are met, manages relations with and resolves customer service issues with the providing vendor(s) and acts as the point of coordination for contract renewal specifications and contract renewal processes.
Coordinate with the appropriate Enterprise Network Operations team members to compile hardware and services required to bring internet access to each MNPS facility.
Create technical specifications and language to be used in each contract with vendors, that will provide those identified services to MNPS, and that correlate to the areas of responsibility of the Technology Services Department.
Track all open contracts coordinated and requested by the Technology Services Department and ensure a timely replacement of expiring contracts are in force prior to expiration dates and ahead of any vendor transition periods identified.
Work with end users to resolve operational issues or technical matters in the areas of responsibility.
Complete reporting as scheduled to meet federal or local requirements and where needed for internal MNPS staff or external vendors in the areas of responsiblity.
Maintain records in accordance with all Federal, State and Local laws and ordinances.",,"Ability to read and understand legal contract documents.
Process monthly invoices.
Track large sums of money accurately and communicate effectively with internal and external users on a highly technical level.
Work with end users to obtain functional requirements.
Read, interpret, and apply complex technical publications, manuals, and other documents.
Establish and maintain effective working relationships with staff.
Respond promptly to requests of internal and external clients; provide needed information, assistance, training, materials and resources."
80154,Clerk Front Desk Bilingual,Assists in providing registration services to NELB students and support for families.  Schedules appointments and provide excellent customer service to immigrant families and others.  Must be fluent in English and Spanish.,High School Diploma or GED Required,,"Provide great customer service to all visitors to the EL Office.
Provide students and families information and assistance in the assessment and registration process. Verifies all required registration documents for NELB students and parents.
Responsible for answering calls and providing information or directing to the appropriate person.
Maintains files and paperwork for the International Student Registration Center.
Provides translation services when necessary.
Assist students and families in identifying and obtaining assistance from  social and community services.
Assists with clerical duties in the EL Office.
Perform other duties as needed.",,"Must be fluent in English and Spanish.
Proficiency in Microsoft Word, Excel and Outlook required."
80125,Coach Ex Ed,"The exceptional education coach works to build school capacity to serve students with disabilities by providing ongoing, onsite technical and instructional support to administrators, teachers, and other school personnel. ",Master's Degree  Preferred,,"Build capacity of school to provide quality Instruction and Intervention to students with disabilities.  
* Provide guidance and model instruction as part of the inclusive model as well as most intensive intervention.  
* Complete classroom observations, and model effective instruction/intervention with the purpose of providing timely feedback to teachers so they grow in their practice. 
* Partner and support schools including all teachers as well as other school personnel to improve effective practices, specifically inclusive service delivery as well as most intensive interventions that will enhance learning for students with disabilities. 
* Provide ongoing professional development/PLCs for each building served.  Lead required school based PLCs to improve instruction and intervention at assigned schools.
* Work with administrators to identify and seek out other needed professional development opportunities.
Build Capacity of school to analyze and use data to make data based decision
* Provide guidance on how to use data to determine needs of students and align data with PLEPS/MAGS and progress monitoring
* Provide support to school on how to use data to make school level programming decisions and how to use data to develop appropriate scheduling options. 
* Reviews data with administrators and teachers to plan lessons, instruction, and service delivery options (including scheduling focused on student needs).
* Link data and instruction to TEAM evaluation to support teachers on how to improve in a non-evaluative supportive way.
Build school capacity to ensure teachers and building are in compliance and are continuously improving supports and services to students with disabilities. 
* Assists schools in compliance in accordance with State and Federal laws governing services for students with disabilities.
* As needed, participate in IEP meetings and manifestation determination meetings.
* Promote EasyIEP help desk as a way to build capacity in the building regarding compliance concerns
* Build teams capacity to facilitate their IEP own IEP meetings as if you were only a participant. 
* Scaffold compliance and IEP meeting facilitation so the school is working toward owning the process.
Build school level capacity to provide timely referrals, screening, and delivery of services to students as well as alignment of Instructionally Appropriate IEPs.  
* Coordinates the referral, screening, and delivery of services for students with disabilities.
* Weekly check-ins with coordinator to discuss instructional plans, significant cases of concern and is collaborative in problem solving building level concerns.
* Provides timely support on IAIEPs and required to monitor 10 IEPs from each school quarterly using the IAIEP rubric as way to provide ongoing support to teachers and administrators.
Build school capacity to implement behavior intervention plans with fidelity, collect data and improve on effective practices.
* Provides assistance with development of behavioral intervention plans.
* Work closely with the school psychologist, speech and language therapist and other school level coaches to determine needs of students in the building.  Work with team on antecedents, behavior and consequences.
* Collaborate with your team before referrals are made to the district behavior team.  
* Collaborate with the school level MTSS (RTII) team on academics and behavior", Certified in education in Tennessee  Required,
88391,Teacher CTE Family and Consumer Sciences,To teach secondary level students in one or more Career and Technical Education (CTE) subjects. Incorporates current knowledge of industry practices and trends.,Master's Degree from an accredited institution in a related field Preferred, Prior teaching experience Preferred,"Plans daily lessons to meet the needs of a diverse student population with clearly defined and communicated objectives based on the state standards.
Adapts and modifies teaching methods and instructional materials to meet students' varying needs and interests. Collaborates with colleagues, instructional support roles, and student support personnel as necessary to support all student’s academic progress.
Creates a positive, equitable learning environment that focuses on both student growth and achievement.
Establishes and enforces rules of behavior and procedures for maintaining order in their classroom. Confers with parents or guardians, other teachers, counselors, and administrators to resolve students' behavioral and academic problems.
Designs and implements a variety of assessments that measure progress towards academic standards and identifies gaps in learning. Uses formative and summative assessment data to refine curriculum and adjust instructional practices.
Prepares materials and classrooms for class activities, homework assignments, and aligned student experiential learning.
Participates in collaborative curriculum development and grade-level and/or school activities.
Participates as a CTE representative on school or academy Advisory Boards.
Participates in ongoing professional development activities."," Must have a current Tennessee Teaching certificate or be in an eligible alternative licensure program. Endorsement for Family and Consumer Sciences. Current code: 154 Family and Consumer Sciences, retired codes include: 050 and 051  Required","Thorough knowledge of the principles and methodology of effective teaching of students
Thorough knowledge of the principles, practices and procedures of CTE education and/or specialty area
Instructional strategies that connect the curriculum to the learner,
Communication and collaboration with Parents, educators, students and others
Student management,
Organization, data-based decision making, and problem solving,
Technology skills: Teams, Microsoft Office, Excel, SharePoint, iOS, and/or other district applications or equipment as needed."
84851,Dir Facility Planning & Construction,"Develop, lead, direct, and administer the district's Capital Improvement Program.  The position is responsible for supervising and directing the programming, design, construction, and commissioning of new buildings, additions to existing buildings, and renovations and repair projects; Collaborating with the Procurement Department to procure Land, Architectural and Engineering Services, and Construction Services; and the oversite of all elements required to bring each project to full operation. The position develops and implements programs within organizational policies and reports major activities to executive level administrators through conferences and reports. The position will also work with the Chief Financial Officer and/or Chief Operating Officer to develop, prepare and present to the Board of Education the annual Capital Improvement Budget Request.  Attendance at Board meetings is required, as well as attendance at Metro Council and relating to facility issues and capital projects, community meetings as needed.","Bachelor's Degree in Architecture, or equivalent experience as required for a State of Tennessee Architecture License Required","10+ years Related experience as a Licensed Architect, including experience at the management level Required","Supervises and assists a staff of Project Managers and administrative personnel to assure that the technical, man-hour, and schedule targets are met, records of all design and construction expenditures are properly maintained and submittal of plans and specifications from architects and engineers are reviewed to ensure requirements of the individual school projects are met.
Oversees and prepares annual Capital Improvement Budget request for approval by Board, and coordinates submittal of budget to Metro Nashville Planning and Finance Departments. Reviews and approves all invoices for capital improvement projects. Administers contracts between the Board of Public Education and the architects and general contractors to ensure that all work is carried out in the best interest and polices of the Public Schools.
Supervises and reviews facility condition surveys and uses that data to update Ten Year Facility Master Plan.
Reviews, approves, and oversees the Departments’ Manuals of Procedures, Designers Guide, Technical Specification Guidelines, and Educational Specification for the Districts’ Elementary, Middle and High Schools. Recommends proposals involving new or revised policies and procedures which will insure a more effective and efficient operation of the design and construction department.
Provides in-house architectural design for small projects not required to have an affixed architectural license stamp.
Reports, as requested, the progress of each project to the School Board and the Metro Council, indicating time schedules and dollars spent as well as the overall progress of Capitol Improvements, including participation of small and disadvantaged businesses.
Supervises the communication of the MNPS Design and Construction Program through a public web site, and other means.  Works with the Communications Department to develop and execute community engagement events related to school location, design, construction and zoning.
Works in concert with the Maintenance Department to establish practices, procedures, and standards for efficient and sustainable buildings and building components. Coordinates with the Facility and Grounds Maintenance Department on issues relating to energy use and an energy conservation program."," Tennessee Professional Architecture License, or License from another state within 1 Year Required","Requires knowledge of public bid requirements, contract administration, minority and small business diversity programs, and local and federal codes and regulations.
Must possess excellent communication, mathematical, management, and leadership skills; self-starting; proactive to problem solving."
83857,Coord Student Support,"The Student Support Coordinator will work to support the Student Support vision, programming and supports for all schools supported in the Schools of Innovation network. The Student Support Coordinator will partner with the SOI team, with district team members, and external partners to build and deepen the student support vision for all schools in priority status. In addition, the coordinator will coordinate programming and meet the TDOE student support goals. He/she will manage the training, communication, and goal tracking for this program.","Master's Degree Counseling, psychology, education or related field Required"," Experience in the area of student support, mental health, and behavior modifications Required","Consults with network team, EDSSIs, network behavior specialists, principals and staff concerning student support needs of the network and of clusters of schools. Provides guidance in integrating student support initiatives into the school.
Creates and works collaboratively with other departments and external partners for the integration of district wide student support needs aligned with the TDOE three-year improvement plan for MNPS.
Coordinates, collaboratively designs, and implements schools of innovation professional development sessions address the student support goals and support network instruction using best practices, including research on theory and content standards.
Works with schools of innovation team to define short-term and long-term network goals of the student support program in alignment with the TDOE three-year improvement plan for MNPS. Uses data to make decisions and adjustments to the student support programs.
Research and develop innovative partnerships to meet the student support needs demonstrated by Schools of Innovation.
Coordinates and organizes Schools of Innovation network SEL walk throughs and culture of learning walk throughs in support of schools’ improvement plan and the network’s three-year improvement plan.
Coordinates external and internal partnerships and their support work within the Schools of Innovation as well as coordinate multiple internal and external resources with the student support staff inside of each school of innovation.",,"Has knowledge of social and emotional learning research, evaluation, strategies, theories, techniques, and methods of instruction.
Understands, the five social and emotional learning core competencies; successful experience designing and delivering professional development;
Ability to engage a variety of stakeholders;
Ability to work independently and in collaboration with other teams;
Strong interpersonal skills and the ability to create trusting relationships;
Strong organizational skills with outstanding attention to detail;
Proficient in MS PowerPoint, Word, and Excel."
81420,Coord Program Grant,"The grant project coordinator will be the key person that ensures that all components and required activities are completed by their deadline, in accordance with the funded CDC-1807 grant. ","Master's Degree in Educational Leadership, Public Health or Public Administration, or a related field Required", Evidence of prior grants management experience and  knowledge of the Division and Adolescent and School Health best practices  Preferred,"Implementation of all required activities outlined in the CDC-1807 grant (Safe and Supportive Environments, Sexual Health Education, and Sexual Health Services) that must be completed within the five year grant period.
Tracking & Monitoring of the required grant activities to include the budget, reporting, and documentation to the grantor.
Coordination of cross-departmental goals and expectations with Curriculum & Instruction, School Nurses, School Counselors, Social Workers, School principals and staff, student services department and all CDC-1807 partners and contractors.
Assist in the oversight of the Lead Wellness teacher and the SEL Counselor that are connected to the grant.
Collaboration with internal and external partners, such as teachers, parents and community partners.
Communication - Communicates and relates well with internal and external stakeholders (schools, parents, central office, community partners/contractors and grantor).
 Utilization of a quality improvement approach to analyze data, implement proper programming or professional development, and revise as needed.",,Previous direct budget and grant management experience.
88126,Teacher Social Studies Government,"The Teacher utilizes current strategies and theories to plan, organize and implement structured lessons to instruct K12 students.",Master's Degree from an accredited institution in a related field Preferred, Work experience gained through education and certification/license requirements Required,"Instruct students in an in-person classroom environment through lectures, discussions, visual aids, instructional strategies, and other effective teaching methods for student comprehension.
Prepares lessons and outlines to use in class that effectively cover the material.
Plan and conduct activities for a balanced program of instruction, demonstration, and work time that provides students with opportunities to observe, question, and investigate.
Administers various types of assessments to monitor student’s comprehension of the material.
Assist students who need extra help with tutoring. Guides and counsels students with adjustment or academic problems or special academic interests.
Collaborates with other teachers and administrators to develop, evaluate, and revise academic programs following approved curricula.
Utilizes instructional technology, audio-visual aids, and other equipment and materials to enhance student learning.
Performs various administrative duties such as taking attendance, organizing the classroom, and responding to emails and phone calls from parents, school administrators, and staff in a timely manner.
Observe and evaluate students' performance, behavior, social development, and physical health.
Attends in-person faculty meetings, teacher training workshops and educational conferences to maintain and improve professional competence.
Maintain accurate, complete, and correct student records as required by laws, district policies, and administrative regulations.",Teaching Certification/License From Tennessee Department of Education with applicable endorsement Upon Hire Required,"Excellent writing and communication skills
Instructional strategies that connect the curriculum to the learner
Student Management
Demonstrated ability to work well with students, staff, and parents in a professional manner
Ability to be flexible and adapt as needed between in-person learning environments.
Knowledge of school safety & security procedures
Ability to work under pressure and meet deadlines"
82560,Advisor Inventory Control,"Coordinates inventory management for assigned schools and district departments.  Collaborates with other inventory staff to improve inventory processes, make recommendations regarding inventory software changes, and insures data integrity regarding inventory reconciliation.  Advises liaison inventory staff on best practices, resolving issues, and processes to complete inventory counts with accuracy and timeliness.",High School Diploma or equivalent Required, Minimum of two (2) years’ applicable experience working in a large company  Required,"Trains district on the use of the inventory system along with the policies and procedures related to the tracking of inventory.
Troubleshoots and reconciles inventory issues.
Performs periodic inventory audits. Facilitates and assists with annual physical inventories and periodic unannounced cycle counts.
Manages inventory for assigned schools and other central office locations.
Collaborates with peers on where systems, procedures and policies could better be designed or employed to make the inventory process more stable or easier to use and works with management to implement these changes.
Leads school and Central Office personnel in accomplishing accurate and timely inventories.
Uses data analysis to make decisions. Recommends changes for improving the inventory system and procedures.
Provides management with reports necessary to determine the effectiveness of the inventory system and procedures employed.", Valid Tennessee driver's license  Required,A proficiency in asset management and inventory control required.
80422,Teacher Grade 7 English Language Arts,"The Teacher utilizes current strategies and theories to plan, organize and implement structured lessons to instruct K12 students.",Master's Degree from an accredited institution in a related field Preferred, Work experience gained through education and certification/license requirements Required,"Instruct students in an in-person classroom environment through lectures, discussions, visual aids, instructional strategies, and other effective teaching methods for student comprehension.
Prepares lessons and outlines to use in class that effectively cover the material.
Plan and conduct activities for a balanced program of instruction, demonstration, and work time that provides students with opportunities to observe, question, and investigate.
Administers various types of assessments to monitor student’s comprehension of the material.
Assist students who need extra help with tutoring. Guides and counsels students with adjustment or academic problems or special academic interests.
Collaborates with other teachers and administrators to develop, evaluate, and revise academic programs following approved curricula.
Utilizes instructional technology, audio-visual aids, and other equipment and materials to enhance student learning.
Performs various administrative duties such as taking attendance, organizing the classroom, and responding to emails and phone calls from parents, school administrators, and staff in a timely manner.
Observe and evaluate students' performance, behavior, social development, and physical health.
Attends in-person faculty meetings, teacher training workshops and educational conferences to maintain and improve professional competence.
Maintain accurate, complete, and correct student records as required by laws, district policies, and administrative regulations.",Teaching Certification/License From Tennessee Department of Education with applicable endorsement Upon Hire Required,"Excellent writing and communication skills
Instructional strategies that connect the curriculum to the learner
Student Management
Demonstrated ability to work well with students, staff, and parents in a professional manner
Ability to be flexible and adapt as needed between in-person learning environments.
Knowledge of school safety & security procedures
Ability to work under pressure and meet deadlines"
84163,Architect Enterprise Solutions,Responsible for analysis and technical design related to helping customers solve complex challenges. Identify and qualify opportunities for improving processes.  Provides leadership and analysis related to enterprise architecture.  Supports the architecture roadmap by providing solutions that drive business improvement. Communicates best practices to team members and leadership effectively.,Bachelor's Degree In Information Technology or related field Preferred,"1-3 years Related IT discipline (software development, networking, or database development) Required","Analyze data and data models to solve business challenges effectively and efficiently.
Evaluate proposed changes and communicate to stakeholders on the potential impact of solutions being considered.
Understand how to effectively and efficiently re-engineer business processes.
Design future state solutions to current state architecture
Understand technology trends and practical application of how to integrate into business assets.
Analyze the business/IT environment to detect and solve opportunities for improvement.
Consult with application developers on software development best practices.
Document all solution architecture work as artifacts.",,"Knowledge of relational database models
An understanding of technology and how it can impact the business operations.
An understanding of risk and how to mitigate its impact on a project or solution.
Identifying issues and finding efficient solutions.
Ability to design and articulate solutions that solve business problems.
Must be able to diagnose and solve problems effectively
Knowledge of agile software development methodologies.
Ability to work independently with minimal supervision.
Ability to collaborate with cross-functional teams/departments.
Must have good written and oral communication skills.
Demonstrated skills and actual examples of models built using enterprise frameworks."
80599,Supv Campus,"Ensures safety and security of students and school property within the school district.  Observes student activities for safety, patrols hallways during the school day and oversees the daily release of students to their parents or guardians.  The position works under direct supervision according to set procedures.",High School Diploma GED or vocational training Required, Requires six months of related experience Required,"Observes students and visitors to ensure the safety of the school.
Conducts and evaluates fire drills.
Oversees the daily arrival of students.
Patrols school hallways during school hours to ensure that only authorized visitors are in the building.
Observes students in the cafeteria during lunch periods.
Oversees the daily release of students to their parents and/or guardians.
Communicates with school officials to receive instruction and relay information.",,
85435,Coord Neglected and Delinquent,"The Neglected and Delinquent Coordinator is responsible for compliantly implementing services for children in MNPS who have been assigned to facilities that are eligible for services.  Additionally, the job will require ongoing facilitating and consultation with a variety of stakeholders. ",Master's Degree  Preferred,10+ years Public School Teaching Experience Required,"Develops and maintains a positive rapport with leadership of eligible neglected and delinquent facilities.
Consults with neglected and delinquent facilities to determine program needs and to develop individual budgets.
Works with Grants Management Team to develop a compliant fiscal process to secure goods and services for eligible facilities.
Evaluates the effectiveness of programs in participating facilities.
Generates reports on regular and ad hoc basis for the purpose of sharing with all stakeholders.
Facilitates ongoing communication with all stakeholders to ensure compliance with federal, state, and local laws, regulations and guidelines.
Attends all relevant professional development to provide ongoing growth for Federal Programs staff.
Works with relevant district office personnel to develop, implement, and support transition plans for students in neglected and delinquent facilities.",Teaching Certification/License Tennessee Teaching License with Administrative License  Required,"Excellent oral and written communication skills
Knowledge of Federal Programs
Ability to interact with a variety of stakeholders
Understanding of general compliance guidance surrounding federal grants
Experience with budgets"
87747,Secretary Clerk II Vision and Hearing,"Secretary Clerk II Vision and Hearing will provide clerical services for Exceptional Education Department, dividing time between two locations (Vision 2 days and Deaf/Hard of Hearing 3 days). Secretary will order materials/equipment for students' need per IEP. Secretary maintains inventory for all equipment for Vision/Hearing. Secretary will rely on computer skills to upload, scan and organize digital files for staff.",High School Diploma or GED Required, Minimum of two years of applicable experience Required,"Maintain Vision/Hearing Offices by managing copier, paper supply and other needed office supplies. Complete purchase requisitions as needed for each department.
Maintain Hearing and Vision Screening Materials for Department of Special Education with guidance from Lead Teachers of each Department.
Maintain digital inventory specific to Hearing and Vision Services.
Request interpreters as needed, schedule and maintain calendar of appointments for hearing screenings.
Maintain digital inventory with all assistive technology for both departments.
Process all American Printing House for the Blind orders through RCVI.
Prepare teacher materials, such as copying, cutting, sorting, laminating, enlarging, etc. as well as send requested materials to teachers/schools.
Work with Audiologist to schedule hearing evaluation appointments and support Audiologist during appointments as needed.
Surplus broken equipment or send equipment to be repaired or replaced through requisitions.
Obtain medical records from ophthalmologists and audiologists with proper release of parent consent.
Manage digital files and calendar programs.
Order supplies and equipment for Audiology, mail equipment to appropriate companies for repair or review.",,"Be proficient in Microsoft Suite (Word, PowerPoint, Excel, Outlook, etc.).
Experience with or ability to learn SharePoint, One Drive, and Teams platform.
Must have experience in scanning and uploading digital documents as well as faxing and sending certified mail."
85203,DIR HS Athletics,"Direct, lead, and oversee the district Interscholastic Athletics Program at the high school level. The position is responsible for planning, organizing, and directing the daily operation of the District's Interscholastic Athletics Program for high schools and supervising and evaluating the performance of assigned personnel. The position develops and implements programs within organizational policies and TSSAA standards; reports major activities to executive level administrators through conferences and reports. ",Bachelor's Degree  Required," emonstrated understanding of secondary school athletics (principals, practices, rules, training requirements) and in-depth understanding of TSSAA policies Required","Designs, develops, and reviews system policies, procedures, and practices, training materials, and information bulletins related to high school athletics as well as implementation of TSSAA standards and rules and provides them to principals and coaches through multiple and on-going methods.
Collaborates with appropriate personnel in developing the district’s Interscholastic Athletics Program budget and athletics fundraising strategies and allocating budget and other funds.
Coordinates activity of district review committee to finalize recommendations from principals for head football and basketball coaches to be approved by the Director of Schools.
Oversees the daily operations of the district’s Interscholastic Athletics Program for high schools including maintaining up to date coaching rosters for all sports and up to date calendar of all sporting events in one centralized database for the district; coordinates the work of the athletic directors and coaches at participating school sites; oversees the hiring and payment process for non-faculty coaches across the district in accordance with established procedures.
Assures provision of continuing coaching educational opportunities, including preparation of coaching education handbooks as needed.
Monitors new and proposed legislation having potential impact on assigned programs. Represents the District with community officials, state and federal agencies in matters related to assigned programs.
Cultivates and maintains positive imaging campaigns for MNPS scholar athletes for all current sports while in season.
Responsible for coordinating logistics and operations for any district events related to high school athletics such as jamborees and/or tournaments and annual banquets; coordinates with district security to ensure all events are staffed appropriately for safety and reviews security contractor performance with appropriate supervisors.
Schedules time appropriately to attend practices and games on a regular basis.
Uses appropriate forms and reporting mechanisms while in attendance at practices and games to gauge school compliance with district protocols and expectations. Informs principals and executive directors of compliance concerns in a timely manner and follows up with both to ensure correction.
Collaborates with the Office of Facilities, Construction and Grounds Maintenance, site personnel and other district staff regarding field and gym design, equipment options, and planning for new schools and for improvement of existing facilities to assure safety and compliance with state and local regulations and guidelines.
Collaborates with and provides directions for the work of individuals and groups in the community interested in athletics, including providing logistical support to after school sports programs organized by community groups and approved by the Superintendent.",,"Exceptional conceptual, analytical, organizational, and management skills.
Excellent oral and written communication and interpersonal skills.
Passion for sports and education, and an understanding of the development of young athletes.
Must be able to work with outside organizations, principals, and appropriate others in implementing district and TSSAA policies."
86915,Principal HS,"Supervises staff and oversees direct operation of the assigned high school.  Responsible for staff supervision, instructional and extra-curricular programs, budget, discipline, student safety, student/personnel data, public relations, technology systems, facilities, supplies and equipment, and reporting.  Develops and implements programs within organizational policies; reports major activities to executive level administrators through conferences and reports.  Attends or conducts staff, committee, PTA and other professional meetings to exchange information; attends professional classes, seminars, or conferences to improve professional skills.
","Master's Degree in Elementary Education, Educational Administration, or a closely related field Required",  5 full years of certificated experience (inclusive of 2 years of leadership experience as an Assistant Principal or comparable experience leading adults – Central Office and other leadership considered) Required,"Supervises staff, including selecting or recommending selection, training, assigning and evaluating work, counseling, disciplining, and terminating or recommending termination.
Provides leadership in planning, developing, implementing, and evaluating instructional programs; supervises school financial and business matters.
Develops, prepares and administers approved departmental budget; monitors and approves expenditures; prepares financial forms and reports.
Establishes and maintains positive public relations with staff members, students, parents, and community; meets with students, parents and teachers to resolve issues/problems.
Reviews and makes recommendations on proposed policies and/or changes in existing policies; implements policies as approved by the Board of Education; enforces policies and procedures for student discipline and protects students’ rights.
Gathers and maintains information/data to support periodic and special reports documenting activities for area of responsibility. Maintains record system for area of responsibility; process daily paperwork including reports, memos, requisitions, and personnel information. Supervises compilation of student data, including report cards, transcripts, and attendance.
Sets guidelines and supervises school clubs and organizations affiliated with the school. Schedules classes and extra-curricular activities for students; coordinates safety inspections and safety drill activities; provides logistic support for school transportation.
Monitors and oversees use of materials and equipment by school personnel; ensures proper maintenance of school facilities."," ILL-B or ILL-P TN Administrative License (current w/ the completion of the Praxis), External candidates with administrator licensure will be reviewed for eligibility Upon Hire Required",
80340,Analyst Financial Operations III,"This position is responsible for performing a variety of analytical tasks to support the financial operations department.  Performs complex accounting work using accepted practices and procedures in maintaining and preparing accounting records, receivable functions, and other financial analysis. Directly acts as a supervisor for the accounts receivable staff, acting as a backup during any absences.",Master's Degree in accounting or business administration Required, 5 - 7 years in accounts receivable or a similar financial role Required,"Supervises and manages accounts receivable staff serve as backup during absences.
Serve as backup for the accounts receivable staff during any absences.
Improve financial status by analyzing results; monitoring variances; identifying trends; and recommending actions to management.
Interacts with staff, other MNPS departments, schools, and external agencies to ensure accuracy of accounts.
Analyze information, evaluate results for best resolution, and respond to inquiries, and provide accounting support.
Monitors and reconcile accounts including receivable projects and WEX gas fuel accounts.
Collects, enters, update, and maintains account information.
Perform monthly billing of facility use activities i.e. reconcile billing, invoicing, payment posting, etc.
Contribute to team effort by accomplishing related results as needed.",,
85647,Officer Discipline Hearing,Helps students transition to and from assigned schools and Alternative learning Centers. Serves as a hearing officer for student due process hearings. Provides support for identified at risk students.,Master's Degree in Educational Administration or equivalent Required, Five years of school administration experience Required,"Provides Due Process to students expelled through the Level 1 hearing process
Provides proactive student support through the informal hearing process.
Provides student support as a transition liaison for students returning to their assigned school from the ALC.
Maintain written records of the decisions from all Level I appeal hearings
Weekly follow-up with students once they are placed in the ALC
Contact parents of expelled students who are scheduled to return to school at the beginning year
Bi-weekly follow-ups with students who have transition back into their school of zone.", Certificated Administrator license  Required,
80232,Mgr Special Projects,"Works independently as a project manager, plans and supervises the work of special projects.",High School Diploma or GED Required, Minimum of five years’ applicable experience in project management  Required,"Independently coordinates and directs multiple projects.
Works directly with stakeholders to keep projects on task with scope and sequence.
Monitors reports and assures the work is completed according to the project’s timeline.
Assures all stakeholders are compliant and works with the department to assure any issues are corrected.
Establishes and maintains working relationships with others; organize and prioritize work effectively.
Manages work teams.
Monitors project status and keeps management informed of project obstacles.
Creates and analyzes project reports.", Valid Tennessee Driver’s License  Required,
80264,Asst School General,Performs a variety of tasks in assisting in the school.,High School Diploma or GED Required, Prior work experience around groups of children Preferred,"Performs a variety of tasks including answering telephones, greeting visitors to the school office, filing and entering information into student-related databases.
Assists in maintaining attendance records and student files.
Assists in handling the entering or transferring of students into or from the school.
Assists in operating office machines.
Assists in duplicating or preparing instructional materials.
Monitors students before and/or after school, in the hallways and during lunch periods.
Supervises pupils in the absence of the classroom teacher only in emergency situations with the approval of the principal and only until appropriate arrangements can be made for certificated supervision.",,Proficient in keyboarding skills.
86150,Skilled Laborer Masonry II,"The essential function of the position within the organization is to supervise others, and provide highly specialized concrete work.  The position is responsible for pouring and finishing concrete, directing and training employees, providing administrative support to the supervisor, and completing related paperwork.  The position works under general supervision independently developing work methods and sequences.", One year of college or vocational school education in Masonry Required,4-6 years Related experience Required,"Communicates with crew supervisor to plan and discuss work orders to be completed; gives assignments to crew personnel.
Designates equipment for performing work and gathers forming materials and safety devices used for traffic control.
Leads and oversees crew in daily operations; trains and directs crew personnel as directed by supervisor.
Operates medium and heavy equipment in the execution of tasks, including backhoe, grader, front-end loader, dump truck, skid steer loader, and powered and non-powered hand tools associated with concrete maintenance in compliance with departmental safety regulations.
Sets metal forms; builds wooden forms; lays out and pours concrete; performs elevation set-ups.
Prepares daily activity reports on projects and equipment conditions.
Performs miscellaneous tasks such as cleaning existing dry wells and drilling new ones; assists with emergency storm and snow damage removal; assists blacktop, drainage, right-of-way, and traffic crews; assists with building maintenance such as plumbing or carpentry as directed.
Maintains good public relations with general public and employees on job sites; investigates citizen complaints and makes recommendations to resolve problems.
Assists in keeping up-to-date material safety data sheets.","DL NUMBER - Driver License, Valid and in State   Required",
87825,Teacher English Learner Assessor,Assess English Language Proficiency of Non-English Language Background (NELB) student for all newly arriving students. Assists in the administration of the state-mandated English Language Proficiency Assessment (ELP) annual test. Analyzes and interprets English Language Proficiency test results and documents the test results in student information system.  ,Bachelor's Degree from an accredited institution in a related field Required, Two (2) years classroom teaching experience   Required,"??Administers the state-mandated English Language Proficiency (ELP) initial placement test and state-mandated English Language Proficiency (ELP) annual test.?
??Explains English Language Proficiency testing procedures, scores, and services to students and parents.?
??Analyzes and interprets English Language Proficiency test results for the district staff as well as students, parents, and community members.?
??Works with district and school staff to set testing appointments.?
??Uses rubric to score English Language Proficiency (ELP) assessment and calculate final score, determining student’s language proficiency level.?
Make recommendation for grade and school placement of students who have been assessed.
Act as a resource and serve as a liaison for issues involving second language acquisition and for students who have additional languages in the home.
Attends in-person faculty meetings, teacher training workshops and educational conferences to maintain and improve professional competence.", Must hold or be eligible for a certificate or license issued by the Tennessee Department of Education with an English as a Second Language pre-K-12 (490) endorsement or similar license and endorsement  Required,"Bilingual in Spanish preferred.
Thorough knowledge of the principles, practices and procedures of English as a Second Language
Thorough knowledge of the principles and methodology of effective teaching of students who are non-native in English.
Communication, and collaboration with parents, educators, students,
Instructional strategies that connect the curriculum to the learner,
Student management
Organization, data-based decision making, and problem solving,
Technology skills: Teams, Microsoft Office, Excel, SharePoint, iOS, and/or other district applications or equipment as needed."
89040,Spec Behavior,"Serves as a member of the Cluster Support Team providing consultation and training to teachers, parents, related service providers, and other school professionals.","Master's Degree Counseling, psychology, education or related field Required","1-3 years Experience working with children, including experience collaborating with school personnel in the development of strategies and materials to support students Required","Observes students referred to the team, makes recommendations, and assists with implementation by modeling interventions, coaching and providing instruction of intervention procedures to the school team.
Conducts functional behavior assessments and develops behavior intervention plans to support students throughout the school environment.
Develops and conducts professional development for individual schools and district-wide.
Develops instructional strategy materials (includes reports) to support school personnel.
Provides case management to students referred for social and emotional support.
Works in conjunction with Cluster Support Teams to address student, school and district needs/priorities.
Develops data collection systems in collaboration with school personnel to track behavior and academic progress.
Collaborates with outside service providers.", Must receive BCBA certification within 1 Year Required,
80502,Coord ADA Compliance,"Manages the capital projects as directed by the Director of Facility Planning & Construction.  Directs, plans, designs, and implements ADA accommodations for students, teachers, principals, administrators and other staff. ",Bachelor's Degree 5-year Bachelors of Architecture Degree Required,7-9 years Experience as a licensed Architect Required,"With working knowledge of the American with Disabilities Act, collaborate as needed with other staff and Metro ADA officials to plan and implement architectural designs to fulfill accommodation requests for students and staff throughout the district.
Maintain records of district wide accessibility for playgrounds and accessibility plans for capital improvements
Oversee capital improvement program for upgrades to playgrounds and to facilities where the capital improvement is solely due to accessibility upgrades.
Design and oversee construction of capital improvement and maintenance projects as work is assigned for small projects throughout the district.  Consult on capital improvement projects regarding accessibility requirements.
For assigned work, develop and maintain budgets and schedules for capital projects.  Reports regularly to management on the progress and costs of projects.
Leads project meetings with internal and external stakeholders to monitor and support assigned project’s progress.
Acts as the MNPS liaison to the Metro Nashville ADA Compliance Office.  Attends Metro ADA Compliance training conferences.
Organizes trainings with various staff as required to fulfill district’s obligations to meet requirements of Americans with Disabilities Act and Metro ADA Compliance Office.  Organizes training of equipment provided by the district to fulfill accommodation requests for staff or students.
Project management of capital construction projects as directed by the Director of Facility Planning and Construction.  Develop and maintain budgets for assigned projects.", Registered Architect in Tennessee  Required,"Microsoft Office Suite, AutoCAD, Revit.
Working Knowledge of American with Disabilities Act and local Building and Fire Codes"
86465,Spec Accounts Payable I,"This position will perform operating level accounting work maintaining accounts and financial records in an established accounting system, under the general direction of the team leader or supervisor. They will also perform basic accounts payable research and resolve issues surrounding unpaid invoices, as needed, ensuring that MNPS vendors and suppliers are paid within established time limits.","Associate's Degree in Business, Accounting, or Finance Required",1-3 years in accounts payable or general accounting Required,"Match vendor invoices to supporting purchase orders and receiving entries or reports.
Keep up with discounts, notice of corrections, and follow-up on vendor inquiries.
Reconcile vendor statements as assigned and log findings for Supervisor’s review.
Assist with vendor related issues received via emails and phone calls. Assist with training the A/P Accounting Technician I on systems and processes.
Work with other departments and schools to determine appropriate coding for entry into the general ledger.
Pull monthly invoices from vendors systems as assigned and work closely with the Accounts Payable Supervisor to assign account codes and contact departments for the appropriate PO numbers before scanning for processing.
Work the A/P hold items daily to release for payment processing.
Scan invoices into Kofax Capture V8, and validate invoices in Application Xtender V5.4. as needed; and apply knowledge of processing cycles within the accounting system to trace transactions entered.
May perform other duties requiring detailed knowledge of application procedures regarding financial functions.
Assists with other clerical and technical related activities as needed.",,"Skill in the use of KOFAX, JD Edwards, and other software applications.
Excellent customer service and communication skills.
Detail oriented.
Ability to deal effectively with the public.
Ability to establish and maintain effective working relationships
Ability to handle large volumes of transactions.
Time management oriented to meet production deadlines.
General working knowledge and understanding of Accounts Payables Practices.
Working knowledge of Microsoft Office including Outlook, Excel, and Word.
Good communication and customer service skills required.
Must possess a high level of thinking and analytical skills related to accounting and accounts payable processes.
Full understanding of the Metropolitan Nashville Public Schools (MNPS) Procurement process with extensive knowledge related to requisitions, receipts, and purchase orders."
80950,Clerk Guidance,Performs responsible clerical and general office work in support of the guidance center operations under the direct supervision of the counselor(s)/,"High School Diploma or equivalent supplemented by training and demonstrated proficiency in word processing, spread sheets and data base applications Required", Two (2) years of responsible clerical experience Required,"Works under the direction of the school principal with direct supervision from the guidance counselor.
Provides clerical support for the counselors.
Performs general office/clerical duties in support of the guidance center functions.
Answers phone, takes messages and forwards to the appropriate personnel.
Types office correspondence.
Sorts and distributes mail.
Assists students, parents and other visitors to the guidance center.
Performs data entry and data retrieval functions pertaining to student records/information.
Handles confidential and sensitive information.
Answers general inquiries and handles routine matters.
Maintains guidance center files and records.",,"Knowledge of modern office practices and procedures
Demonstrated knowledge of word processing, spread sheet and data.
Knowledge of the guidance center functions, goals and objectives.
Skill in formulating ideas and presenting in an effective manner.
Excellent interpersonal and communicative skills.
Ability to use independent judgment and make sound decisions within scope of responsibility.
Ability to compose letters and other forms of correspondence.
Ability to maintain accurate records, reports and related information"
85110,Dispatcher Bus,"This position is responsible for assisting in a safe and efficient operation of the dispatch office. Under general supervision, this position is responsible for providing general direction to school bus drivers and monitors related to their assigned routes. These directions may include providing student information and contacting first responders in cases of emergencies. The dispatcher works with the Transportation Supervisor to ensure routes in their assigned area of responsibility are run efficiently and on time; responsible for maintaining phone as well as two-way radio logs and other records; performs a wide variety of specialized and analytical duties. Provide customer service support to drivers, monitors, supervisors and others. The successful candidate must be willing to work flexible hours including nights, weekends and split shifts. An individual in this position is expected to perform additional job-related responsibilities and duties throughout the facility as assigned and/or as needed.",High School Diploma or GED equivalent Required, Previous Dispatch or Customer Service experience Preferred,"Works with Transportation staff to orchestrate daily logistics and information flow for school bus transportation’s operational needs. Prioritizes tasks to ensure seamless transportation services to students.
Relays messages via two-way radio communications between transportation leadership and bus drivers regarding assignments, weather, traffic flow, etc.
Provides bus drivers with detailed routing directions and stops locations to ensure all stops are covered.
Masters an understanding of District’s street networks and roadway construction zones to enable optimal bus transportation services.
Inputs daily information into computer software database for driver’s attendance records; route coverage recap reports for reporting to leadership; and to record any mechanical malfunction of the fleet.
Clearly and professionally communicates with co-workers; school officials; emergency agencies; and the community about transportation-related items and situations.
Compiles and analyzes daily reports for trending process improvement purposes. Reports deviations from predetermined standards to appropriate leadership.
Provides input to supervisor regarding proposed changes and improvements.",,Basic routing skills and computer skills required.
86473,Worker Maint,Performs the work of a general maintenance mechanic work as needed for the Board of Public Education.,High School Diploma or GED Required, Two to Three years’ experience in increasingly responsible general building maintenance and grounds maintenance trade Required,"Maintains, repairs, and corrects all building components as assigned which may include but are not limited to 1) cubicles installation, relocation, and removal, 2) locker installation, relocation and removal, 3) metal fabrication, 4) fence installation and repairs, 5) tile repairs, 6) masonry related repairs
Provides first line of response to facility maintenance needs to assure maximum operational effectiveness of the facility.
Provides all required and appropriate documentation.","DL NUMBER - Driver License, Valid and in State   Required","Knowledge of the standard practices, tools and equipment of the general maintenance trade; landscaping, tree and shrubbery work; and applicable building codes is required"
87101,Facilitator Title I,"Assists schools in planning, implementing, monitoring and evaluating school improvement strategies by utilizing data and analyzing resources.  Provides ongoing support to help schools achieve their student performance improvement goals.",Bachelor's Degree in education or related field of study Required, Experience in data analysis and/or school-level budgeting Preferred,"Advises school administration, teachers, parents, and students (a.k.a. School Improvement Team) on their plan to improve student performance and overall school culture to ensure school’s compliance with the Local, State and Federal laws, regulations and guidelines.
Provides stakeholders with professional development relating to school improvement planning processes, including data analysis, budgeting, procurement, and evaluation, along with and local, federal and/or state regulations regarding the allocation and use of resources.
Supports the development, creation, analysis and evaluation of consolidated school budgets and expenditures to optimize the allocation of resources and to ensure compliance with Local, State and Federal laws, regulations and guidelines. Compares planned versus actual expenditures and advises school on future expenditures to optimize performance outcomes.
Assists school improvement teams in setting appropriate evaluation measures and targets for the school improvement plan by analyzing school level summative data.
Participates on the School Improvement Strategy Development Team to establish best practices, communicates and discusses changing laws, regulations, policies, procedures, evidence-based strategies and tools to enhance school improvement.
Serves as a liaison between individual schools and various stakeholders within District leadership.
Analyzes progress reporting data compiled by schools that will be reported back to the federal and state governments.", Current Tennessee Teacher’s license  Required,
